arm-none-eabi-as -mcpu=arm7tdmi --defsym FIRERED=1 --defsym REVISION=1 --defsym ENGLISH=1 --defsym MODERN=0 -o build/firered_rev1/src/bag.o build/firered_rev1/src/bag.s
arm-none-eabi-as -mcpu=arm7tdmi --defsym FIRERED=1 --defsym REVISION=1 --defsym ENGLISH=1 --defsym MODERN=0 -o build/firered_rev1/src/battle_anim_effects_3.o build/firered_rev1/src/battle_anim_effects_3.s
arm-none-eabi-as -mcpu=arm7tdmi --defsym FIRERED=1 --defsym REVISION=1 --defsym ENGLISH=1 --defsym MODERN=0 -o build/firered_rev1/src/battle_anim_flying.o build/firered_rev1/src/battle_anim_flying.s
arm-none-eabi-as -mcpu=arm7tdmi --defsym FIRERED=1 --defsym REVISION=1 --defsym ENGLISH=1 --defsym MODERN=0 -o build/firered_rev1/src/battle_anim_water.o build/firered_rev1/src/battle_anim_water.s
tools/gbagfx/gbagfx graphics/battle_terrain/building/anim.4bpp graphics/battle_terrain/building/anim.4bpp.lz
tools/gbagfx/gbagfx graphics/battle_terrain/building/terrain.4bpp graphics/battle_terrain/building/terrain.4bpp.lz
tools/gbagfx/gbagfx graphics/battle_terrain/building/terrain.gbapal graphics/battle_terrain/building/terrain.gbapal.lz
tools/gbagfx/gbagfx graphics/battle_terrain/cave/anim.4bpp graphics/battle_terrain/cave/anim.4bpp.lz
tools/gbagfx/gbagfx graphics/battle_terrain/cave/terrain.4bpp graphics/battle_terrain/cave/terrain.4bpp.lz
tools/gbagfx/gbagfx graphics/battle_terrain/cave/terrain.gbapal graphics/battle_terrain/cave/terrain.gbapal.lz
tools/gbagfx/gbagfx graphics/battle_terrain/grass/anim.4bpp graphics/battle_terrain/grass/anim.4bpp.lz
tools/gbagfx/gbagfx graphics/battle_terrain/grass/terrain.4bpp graphics/battle_terrain/grass/terrain.4bpp.lz
tools/gbagfx/gbagfx graphics/battle_terrain/grass/terrain.gbapal graphics/battle_terrain/grass/terrain.gbapal.lz
tools/gbagfx/gbagfx graphics/battle_terrain/indoor/1.gbapal graphics/battle_terrain/indoor/1.gbapal.lz
tools/gbagfx/gbagfx graphics/battle_terrain/indoor/2.gbapal graphics/battle_terrain/indoor/2.gbapal.lz
tools/gbagfx/gbagfx graphics/battle_terrain/indoor/agatha.gbapal graphics/battle_terrain/indoor/agatha.gbapal.lz
tools/gbagfx/gbagfx graphics/battle_terrain/indoor/bruno.gbapal graphics/battle_terrain/indoor/bruno.gbapal.lz
tools/gbagfx/gbagfx graphics/battle_terrain/indoor/champion.gbapal graphics/battle_terrain/indoor/champion.gbapal.lz
tools/gbagfx/gbagfx graphics/battle_terrain/indoor/gym.gbapal graphics/battle_terrain/indoor/gym.gbapal.lz
tools/gbagfx/gbagfx graphics/battle_terrain/indoor/lance.gbapal graphics/battle_terrain/indoor/lance.gbapal.lz
tools/gbagfx/gbagfx graphics/battle_terrain/indoor/leader.gbapal graphics/battle_terrain/indoor/leader.gbapal.lz
tools/gbagfx/gbagfx graphics/battle_terrain/indoor/link.gbapal graphics/battle_terrain/indoor/link.gbapal.lz
tools/gbagfx/gbagfx graphics/battle_terrain/indoor/lorelei.gbapal graphics/battle_terrain/indoor/lorelei.gbapal.lz
tools/gbagfx/gbagfx graphics/battle_terrain/indoor/plain.gbapal graphics/battle_terrain/indoor/plain.gbapal.lz
tools/gbagfx/gbagfx graphics/battle_terrain/indoor/terrain.4bpp graphics/battle_terrain/indoor/terrain.4bpp.lz
tools/gbagfx/gbagfx graphics/battle_terrain/longgrass/anim.4bpp graphics/battle_terrain/longgrass/anim.4bpp.lz
tools/gbagfx/gbagfx graphics/battle_terrain/longgrass/terrain.4bpp graphics/battle_terrain/longgrass/terrain.4bpp.lz
tools/gbagfx/gbagfx graphics/battle_terrain/longgrass/terrain.gbapal graphics/battle_terrain/longgrass/terrain.gbapal.lz
tools/gbagfx/gbagfx graphics/battle_terrain/mountain/anim.4bpp graphics/battle_terrain/mountain/anim.4bpp.lz
tools/gbagfx/gbagfx graphics/battle_terrain/mountain/terrain.4bpp graphics/battle_terrain/mountain/terrain.4bpp.lz
tools/gbagfx/gbagfx graphics/battle_terrain/mountain/terrain.gbapal graphics/battle_terrain/mountain/terrain.gbapal.lz
tools/gbagfx/gbagfx graphics/battle_terrain/pond/anim.4bpp graphics/battle_terrain/pond/anim.4bpp.lz
tools/gbagfx/gbagfx graphics/battle_terrain/pond/terrain.4bpp graphics/battle_terrain/pond/terrain.4bpp.lz
tools/gbagfx/gbagfx graphics/battle_terrain/pond/terrain.gbapal graphics/battle_terrain/pond/terrain.gbapal.lz
tools/gbagfx/gbagfx graphics/battle_terrain/sand/anim.4bpp graphics/battle_terrain/sand/anim.4bpp.lz
tools/gbagfx/gbagfx graphics/battle_terrain/sand/terrain.4bpp graphics/battle_terrain/sand/terrain.4bpp.lz
tools/gbagfx/gbagfx graphics/battle_terrain/sand/terrain.gbapal graphics/battle_terrain/sand/terrain.gbapal.lz
tools/gbagfx/gbagfx graphics/battle_terrain/underwater/anim.4bpp graphics/battle_terrain/underwater/anim.4bpp.lz
tools/gbagfx/gbagfx graphics/battle_terrain/underwater/terrain.4bpp graphics/battle_terrain/underwater/terrain.4bpp.lz
tools/gbagfx/gbagfx graphics/battle_terrain/underwater/terrain.gbapal graphics/battle_terrain/underwater/terrain.gbapal.lz
tools/gbagfx/gbagfx graphics/battle_terrain/water/anim.4bpp graphics/battle_terrain/water/anim.4bpp.lz
tools/gbagfx/gbagfx graphics/battle_terrain/water/terrain.4bpp graphics/battle_terrain/water/terrain.4bpp.lz
tools/gbagfx/gbagfx graphics/battle_terrain/water/terrain.gbapal graphics/battle_terrain/water/terrain.gbapal.lz
arm-none-eabi-as -mcpu=arm7tdmi --defsym FIRERED=1 --defsym REVISION=1 --defsym ENGLISH=1 --defsym MODERN=0 -o build/firered_rev1/src/battle_bg.o build/firered_rev1/src/battle_bg.s
arm-none-eabi-as -mcpu=arm7tdmi --defsym FIRERED=1 --defsym REVISION=1 --defsym ENGLISH=1 --defsym MODERN=0 -o build/firered_rev1/src/battle_interface.o build/firered_rev1/src/battle_interface.s
arm-none-eabi-as -mcpu=arm7tdmi --defsym FIRERED=1 --defsym REVISION=1 --defsym ENGLISH=1 --defsym MODERN=0 -o build/firered_rev1/src/battle_records.o build/firered_rev1/src/battle_records.s
tools/gbagfx/gbagfx graphics/battle_interface/level_up_banner.4bpp graphics/battle_interface/level_up_banner.4bpp.lz
arm-none-eabi-as -mcpu=arm7tdmi --defsym FIRERED=1 --defsym REVISION=1 --defsym ENGLISH=1 --defsym MODERN=0 -o build/firered_rev1/src/battle_script_commands.o build/firered_rev1/src/battle_script_commands.s
arm-none-eabi-as -mcpu=arm7tdmi --defsym FIRERED=1 --defsym REVISION=1 --defsym ENGLISH=1 --defsym MODERN=0 -o build/firered_rev1/src/battle_transition.o build/firered_rev1/src/battle_transition.s
tools/gbagfx/gbagfx graphics/berry_crush/crusher_base.4bpp graphics/berry_crush/crusher_base.4bpp.lz
tools/gbagfx/gbagfx graphics/berry_crush/impact.4bpp graphics/berry_crush/impact.4bpp.lz
tools/gbagfx/gbagfx graphics/berry_crush/sparkle.4bpp graphics/berry_crush/sparkle.4bpp.lz
tools/gbagfx/gbagfx graphics/berry_crush/timer_digits.4bpp graphics/berry_crush/timer_digits.4bpp.lz
arm-none-eabi-as -mcpu=arm7tdmi --defsym FIRERED=1 --defsym REVISION=1 --defsym ENGLISH=1 --defsym MODERN=0 -o build/firered_rev1/src/berry_crush.o build/firered_rev1/src/berry_crush.s
arm-none-eabi-as -mcpu=arm7tdmi --defsym FIRERED=1 --defsym REVISION=1 --defsym ENGLISH=1 --defsym MODERN=0 -o build/firered_rev1/src/braille_text.o build/firered_rev1/src/braille_text.s
tools/gbagfx/gbagfx graphics/credits/blastoise_1.4bpp graphics/credits/blastoise_1.4bpp.lz
tools/gbagfx/gbagfx graphics/credits/blastoise_2.4bpp graphics/credits/blastoise_2.4bpp.lz
tools/gbagfx/gbagfx graphics/credits/charizard_1.4bpp graphics/credits/charizard_1.4bpp.lz
tools/gbagfx/gbagfx graphics/credits/charizard_2.4bpp graphics/credits/charizard_2.4bpp.lz
tools/gbagfx/gbagfx graphics/credits/ground_city.4bpp graphics/credits/ground_city.4bpp.lz
tools/gbagfx/gbagfx graphics/credits/ground_dirt.4bpp graphics/credits/ground_dirt.4bpp.lz
tools/gbagfx/gbagfx graphics/credits/ground_grass.4bpp graphics/credits/ground_grass.4bpp.lz
tools/gbagfx/gbagfx graphics/credits/pikachu_1.4bpp graphics/credits/pikachu_1.4bpp.lz
tools/gbagfx/gbagfx graphics/credits/pikachu_2.4bpp graphics/credits/pikachu_2.4bpp.lz
tools/gbagfx/gbagfx graphics/credits/player_female.4bpp graphics/credits/player_female.4bpp.lz
tools/gbagfx/gbagfx graphics/credits/player_male.4bpp graphics/credits/player_male.4bpp.lz
tools/gbagfx/gbagfx graphics/credits/rival.4bpp graphics/credits/rival.4bpp.lz
tools/gbagfx/gbagfx graphics/credits/the_end.4bpp graphics/credits/the_end.4bpp.lz
tools/gbagfx/gbagfx graphics/credits/venusaur_1.4bpp graphics/credits/venusaur_1.4bpp.lz
tools/gbagfx/gbagfx graphics/credits/venusaur_2.4bpp graphics/credits/venusaur_2.4bpp.lz
tools/gbagfx/gbagfx graphics/credits/venusaur_unused.4bpp graphics/credits/venusaur_unused.4bpp.lz
tools/gbagfx/gbagfx graphics/credits/white_circle.8bpp graphics/credits/white_circle.8bpp.lz
arm-none-eabi-as -mcpu=arm7tdmi --defsym FIRERED=1 --defsym REVISION=1 --defsym ENGLISH=1 --defsym MODERN=0 -o build/firered_rev1/src/credits.o build/firered_rev1/src/credits.s
arm-none-eabi-as -mcpu=arm7tdmi --defsym FIRERED=1 --defsym REVISION=1 --defsym ENGLISH=1 --defsym MODERN=0 -o build/firered_rev1/src/daycare.o build/firered_rev1/src/daycare.s
tools/gbagfx/gbagfx graphics/misc/minigame_digits.4bpp graphics/misc/minigame_digits.4bpp.lz
tools/gbagfx/gbagfx graphics/misc/minigame_digits_unused.4bpp graphics/misc/minigame_digits_unused.4bpp.lz
arm-none-eabi-as -mcpu=arm7tdmi --defsym FIRERED=1 --defsym REVISION=1 --defsym ENGLISH=1 --defsym MODERN=0 -o build/firered_rev1/src/digit_obj_util.o build/firered_rev1/src/digit_obj_util.s
tools/gbagfx/gbagfx graphics/diploma/diploma.4bpp graphics/diploma/diploma.4bpp.lz
arm-none-eabi-as -mcpu=arm7tdmi --defsym FIRERED=1 --defsym REVISION=1 --defsym ENGLISH=1 --defsym MODERN=0 -o build/firered_rev1/src/diploma.o build/firered_rev1/src/diploma.s
tools/gbagfx/gbagfx graphics/dodrio_berry_picking/berries.4bpp graphics/dodrio_berry_picking/berries.4bpp.lz
tools/gbagfx/gbagfx graphics/dodrio_berry_picking/bg.4bpp graphics/dodrio_berry_picking/bg.4bpp.lz
tools/gbagfx/gbagfx graphics/dodrio_berry_picking/cloud.4bpp graphics/dodrio_berry_picking/cloud.4bpp.lz
tools/gbagfx/gbagfx graphics/dodrio_berry_picking/dodrio.4bpp graphics/dodrio_berry_picking/dodrio.4bpp.lz
tools/gbagfx/gbagfx graphics/dodrio_berry_picking/status.4bpp graphics/dodrio_berry_picking/status.4bpp.lz
tools/gbagfx/gbagfx graphics/dodrio_berry_picking/tree_border.4bpp graphics/dodrio_berry_picking/tree_border.4bpp.lz
arm-none-eabi-as -mcpu=arm7tdmi --defsym FIRERED=1 --defsym REVISION=1 --defsym ENGLISH=1 --defsym MODERN=0 -o build/firered_rev1/src/dodrio_berry_picking.o build/firered_rev1/src/dodrio_berry_picking.s
tools/gbagfx/gbagfx graphics/easy_chat/interview_frame.4bpp graphics/easy_chat/interview_frame.4bpp.lz
tools/gbagfx/gbagfx graphics/easy_chat/text_input_frame.4bpp graphics/easy_chat/text_input_frame.4bpp.lz
arm-none-eabi-as -mcpu=arm7tdmi --defsym FIRERED=1 --defsym REVISION=1 --defsym ENGLISH=1 --defsym MODERN=0 -o build/firered_rev1/src/easy_chat_3.o build/firered_rev1/src/easy_chat_3.s
arm-none-eabi-as -mcpu=arm7tdmi --defsym FIRERED=1 --defsym REVISION=1 --defsym ENGLISH=1 --defsym MODERN=0 -o build/firered_rev1/src/event_object_movement.o build/firered_rev1/src/event_object_movement.s
tools/gbagfx/gbagfx graphics/evolution_scene/sparkle.4bpp graphics/evolution_scene/sparkle.4bpp.lz
arm-none-eabi-as -mcpu=arm7tdmi --defsym FIRERED=1 --defsym REVISION=1 --defsym ENGLISH=1 --defsym MODERN=0 -o build/firered_rev1/src/evolution_graphics.o build/firered_rev1/src/evolution_graphics.s
tools/gbagfx/gbagfx graphics/evolution_scene/bg.4bpp graphics/evolution_scene/bg.4bpp.lz
arm-none-eabi-as -mcpu=arm7tdmi --defsym FIRERED=1 --defsym REVISION=1 --defsym ENGLISH=1 --defsym MODERN=0 -o build/firered_rev1/src/evolution_scene.o build/firered_rev1/src/evolution_scene.s
arm-none-eabi-as -mcpu=arm7tdmi --defsym FIRERED=1 --defsym REVISION=1 --defsym ENGLISH=1 --defsym MODERN=0 -o build/firered_rev1/src/fame_checker.o build/firered_rev1/src/fame_checker.s
arm-none-eabi-as -mcpu=arm7tdmi --defsym FIRERED=1 --defsym REVISION=1 --defsym ENGLISH=1 --defsym MODERN=0 -o build/firered_rev1/src/field_door.o build/firered_rev1/src/field_door.s
arm-none-eabi-as -mcpu=arm7tdmi --defsym FIRERED=1 --defsym REVISION=1 --defsym ENGLISH=1 --defsym MODERN=0 -o build/firered_rev1/src/field_effect.o build/firered_rev1/src/field_effect.s
arm-none-eabi-as -mcpu=arm7tdmi --defsym FIRERED=1 --defsym REVISION=1 --defsym ENGLISH=1 --defsym MODERN=0 -o build/firered_rev1/src/field_specials.o build/firered_rev1/src/field_specials.s
arm-none-eabi-as -mcpu=arm7tdmi --defsym FIRERED=1 --defsym REVISION=1 --defsym ENGLISH=1 --defsym MODERN=0 -o build/firered_rev1/src/field_weather.o build/firered_rev1/src/field_weather.s
tools/gbagfx/gbagfx graphics/cave_transition/tiles.4bpp graphics/cave_transition/tiles.4bpp.lz
arm-none-eabi-as -mcpu=arm7tdmi --defsym FIRERED=1 --defsym REVISION=1 --defsym ENGLISH=1 --defsym MODERN=0 -o build/firered_rev1/src/fldeff_flash.o build/firered_rev1/src/fldeff_flash.s
tools/gbagfx/gbagfx data/tilesets/primary/general/tiles.4bpp data/tilesets/primary/general/tiles.4bpp.lz
tools/gbagfx/gbagfx data/tilesets/secondary/department_store/tiles.4bpp data/tilesets/secondary/department_store/tiles.4bpp.lz
tools/gbagfx/gbagfx data/tilesets/secondary/generic_building_1/tiles.4bpp data/tilesets/secondary/generic_building_1/tiles.4bpp.lz
tools/gbagfx/gbagfx graphics/battle_anims/backgrounds/attract.4bpp graphics/battle_anims/backgrounds/attract.4bpp.lz
tools/gbagfx/gbagfx graphics/battle_anims/backgrounds/attract.gbapal graphics/battle_anims/backgrounds/attract.gbapal.lz
tools/gbagfx/gbagfx graphics/battle_anims/backgrounds/aurora.4bpp graphics/battle_anims/backgrounds/aurora.4bpp.lz
tools/gbagfx/gbagfx graphics/battle_anims/backgrounds/aurora.gbapal graphics/battle_anims/backgrounds/aurora.gbapal.lz
tools/gbagfx/gbagfx graphics/battle_anims/backgrounds/bug.gbapal graphics/battle_anims/backgrounds/bug.gbapal.lz
tools/gbagfx/gbagfx graphics/battle_anims/backgrounds/cosmic.4bpp graphics/battle_anims/backgrounds/cosmic.4bpp.lz
tools/gbagfx/gbagfx graphics/battle_anims/backgrounds/cosmic.gbapal graphics/battle_anims/backgrounds/cosmic.gbapal.lz
tools/gbagfx/gbagfx graphics/battle_anims/backgrounds/dark.4bpp graphics/battle_anims/backgrounds/dark.4bpp.lz
tools/gbagfx/gbagfx graphics/battle_anims/backgrounds/dark.gbapal graphics/battle_anims/backgrounds/dark.gbapal.lz
tools/gbagfx/gbagfx graphics/battle_anims/backgrounds/drill.4bpp graphics/battle_anims/backgrounds/drill.4bpp.lz
tools/gbagfx/gbagfx graphics/battle_anims/backgrounds/drill.gbapal graphics/battle_anims/backgrounds/drill.gbapal.lz
tools/gbagfx/gbagfx graphics/battle_anims/backgrounds/fissure.4bpp graphics/battle_anims/backgrounds/fissure.4bpp.lz
tools/gbagfx/gbagfx graphics/battle_anims/backgrounds/fissure.gbapal graphics/battle_anims/backgrounds/fissure.gbapal.lz
tools/gbagfx/gbagfx graphics/battle_anims/backgrounds/ghost.4bpp graphics/battle_anims/backgrounds/ghost.4bpp.lz
tools/gbagfx/gbagfx graphics/battle_anims/backgrounds/ghost.gbapal graphics/battle_anims/backgrounds/ghost.gbapal.lz
tools/gbagfx/gbagfx graphics/battle_anims/backgrounds/guillotine.4bpp graphics/battle_anims/backgrounds/guillotine.4bpp.lz
tools/gbagfx/gbagfx graphics/battle_anims/backgrounds/guillotine.gbapal graphics/battle_anims/backgrounds/guillotine.gbapal.lz
tools/gbagfx/gbagfx graphics/battle_anims/backgrounds/highspeed.4bpp graphics/battle_anims/backgrounds/highspeed.4bpp.lz
tools/gbagfx/gbagfx graphics/battle_anims/backgrounds/highspeed.gbapal graphics/battle_anims/backgrounds/highspeed.gbapal.lz
tools/gbagfx/gbagfx graphics/battle_anims/backgrounds/ice.4bpp graphics/battle_anims/backgrounds/ice.4bpp.lz
tools/gbagfx/gbagfx graphics/battle_anims/backgrounds/ice.gbapal graphics/battle_anims/backgrounds/ice.gbapal.lz
tools/gbagfx/gbagfx graphics/battle_anims/backgrounds/impact.4bpp graphics/battle_anims/backgrounds/impact.4bpp.lz
tools/gbagfx/gbagfx graphics/battle_anims/backgrounds/impact.gbapal graphics/battle_anims/backgrounds/impact.gbapal.lz
tools/gbagfx/gbagfx graphics/battle_anims/backgrounds/in_air.4bpp graphics/battle_anims/backgrounds/in_air.4bpp.lz
tools/gbagfx/gbagfx graphics/battle_anims/backgrounds/in_air.gbapal graphics/battle_anims/backgrounds/in_air.gbapal.lz
tools/gbagfx/gbagfx graphics/battle_anims/backgrounds/psychic.4bpp graphics/battle_anims/backgrounds/psychic.4bpp.lz
tools/gbagfx/gbagfx graphics/battle_anims/backgrounds/psychic.gbapal graphics/battle_anims/backgrounds/psychic.gbapal.lz
tools/gbagfx/gbagfx graphics/battle_anims/backgrounds/sandstorm_brew.4bpp graphics/battle_anims/backgrounds/sandstorm_brew.4bpp.lz
tools/gbagfx/gbagfx graphics/battle_anims/backgrounds/scary_face.4bpp graphics/battle_anims/backgrounds/scary_face.4bpp.lz
tools/gbagfx/gbagfx graphics/battle_anims/backgrounds/scary_face.gbapal graphics/battle_anims/backgrounds/scary_face.gbapal.lz
tools/gbagfx/gbagfx graphics/battle_anims/backgrounds/sky.gbapal graphics/battle_anims/backgrounds/sky.gbapal.lz
tools/gbagfx/gbagfx graphics/battle_anims/backgrounds/solarbeam.gbapal graphics/battle_anims/backgrounds/solarbeam.gbapal.lz
tools/gbagfx/gbagfx graphics/battle_anims/backgrounds/thunder.4bpp graphics/battle_anims/backgrounds/thunder.4bpp.lz
tools/gbagfx/gbagfx graphics/battle_anims/backgrounds/thunder.gbapal graphics/battle_anims/backgrounds/thunder.gbapal.lz
tools/gbagfx/gbagfx graphics/battle_anims/backgrounds/water.4bpp graphics/battle_anims/backgrounds/water.4bpp.lz
tools/gbagfx/gbagfx graphics/battle_anims/backgrounds/water.gbapal graphics/battle_anims/backgrounds/water.gbapal.lz
tools/gbagfx/gbagfx graphics/battle_anims/backgrounds/water_muddy.gbapal graphics/battle_anims/backgrounds/water_muddy.gbapal.lz
tools/gbagfx/gbagfx graphics/battle_anims/masks/cure_bubbles.4bpp graphics/battle_anims/masks/cure_bubbles.4bpp.lz
tools/gbagfx/gbagfx graphics/battle_anims/masks/cure_bubbles.gbapal graphics/battle_anims/masks/cure_bubbles.gbapal.lz
tools/gbagfx/gbagfx graphics/battle_anims/masks/curse.4bpp graphics/battle_anims/masks/curse.4bpp.lz
tools/gbagfx/gbagfx graphics/battle_anims/masks/light_beam.4bpp graphics/battle_anims/masks/light_beam.4bpp.lz
tools/gbagfx/gbagfx graphics/battle_anims/masks/light_beam.gbapal graphics/battle_anims/masks/light_beam.gbapal.lz
tools/gbagfx/gbagfx graphics/battle_anims/masks/metal_shine.4bpp graphics/battle_anims/masks/metal_shine.4bpp.lz
tools/gbagfx/gbagfx graphics/battle_anims/masks/metal_shine.gbapal graphics/battle_anims/masks/metal_shine.gbapal.lz
tools/gbagfx/gbagfx graphics/battle_anims/masks/stat.4bpp graphics/battle_anims/masks/stat.4bpp.lz
tools/gbagfx/gbagfx graphics/battle_anims/masks/stat1.gbapal graphics/battle_anims/masks/stat1.gbapal.lz
tools/gbagfx/gbagfx graphics/battle_anims/masks/stat2.gbapal graphics/battle_anims/masks/stat2.gbapal.lz
tools/gbagfx/gbagfx graphics/battle_anims/masks/stat3.gbapal graphics/battle_anims/masks/stat3.gbapal.lz
tools/gbagfx/gbagfx graphics/battle_anims/masks/stat4.gbapal graphics/battle_anims/masks/stat4.gbapal.lz
tools/gbagfx/gbagfx graphics/battle_anims/masks/stat5.gbapal graphics/battle_anims/masks/stat5.gbapal.lz
tools/gbagfx/gbagfx graphics/battle_anims/masks/stat6.gbapal graphics/battle_anims/masks/stat6.gbapal.lz
tools/gbagfx/gbagfx graphics/battle_anims/masks/stat7.gbapal graphics/battle_anims/masks/stat7.gbapal.lz
tools/gbagfx/gbagfx graphics/battle_anims/masks/stat8.gbapal graphics/battle_anims/masks/stat8.gbapal.lz
tools/gbagfx/gbagfx graphics/battle_anims/masks/unused_level_up.4bpp graphics/battle_anims/masks/unused_level_up.4bpp.lz
tools/gbagfx/gbagfx graphics/battle_anims/sprites/air_slash.4bpp graphics/battle_anims/sprites/air_slash.4bpp.lz
tools/gbagfx/gbagfx graphics/battle_anims/sprites/air_slash.gbapal graphics/battle_anims/sprites/air_slash.gbapal.lz
tools/gbagfx/gbagfx graphics/battle_anims/sprites/air_wave.4bpp graphics/battle_anims/sprites/air_wave.4bpp.lz
tools/gbagfx/gbagfx graphics/battle_anims/sprites/air_wave.gbapal graphics/battle_anims/sprites/air_wave.gbapal.lz
tools/gbagfx/gbagfx graphics/battle_anims/sprites/air_wave_2.4bpp graphics/battle_anims/sprites/air_wave_2.4bpp.lz
tools/gbagfx/gbagfx graphics/battle_anims/sprites/air_wave_2.gbapal graphics/battle_anims/sprites/air_wave_2.gbapal.lz
tools/gbagfx/gbagfx graphics/battle_anims/sprites/alert.4bpp graphics/battle_anims/sprites/alert.4bpp.lz
tools/gbagfx/gbagfx graphics/battle_anims/sprites/alert.gbapal graphics/battle_anims/sprites/alert.gbapal.lz
tools/gbagfx/gbagfx graphics/battle_anims/sprites/amnesia.4bpp graphics/battle_anims/sprites/amnesia.4bpp.lz
tools/gbagfx/gbagfx graphics/battle_anims/sprites/amnesia.gbapal graphics/battle_anims/sprites/amnesia.gbapal.lz
tools/gbagfx/gbagfx graphics/battle_anims/sprites/angel.4bpp graphics/battle_anims/sprites/angel.4bpp.lz
tools/gbagfx/gbagfx graphics/battle_anims/sprites/angel.gbapal graphics/battle_anims/sprites/angel.gbapal.lz
tools/gbagfx/gbagfx graphics/battle_anims/sprites/anger.4bpp graphics/battle_anims/sprites/anger.4bpp.lz
tools/gbagfx/gbagfx graphics/battle_anims/sprites/anger.gbapal graphics/battle_anims/sprites/anger.gbapal.lz
tools/gbagfx/gbagfx graphics/battle_anims/sprites/bell.4bpp graphics/battle_anims/sprites/bell.4bpp.lz
tools/gbagfx/gbagfx graphics/battle_anims/sprites/bell.gbapal graphics/battle_anims/sprites/bell.gbapal.lz
tools/gbagfx/gbagfx graphics/battle_anims/sprites/bell_2.4bpp graphics/battle_anims/sprites/bell_2.4bpp.lz
tools/gbagfx/gbagfx graphics/battle_anims/sprites/bell_2.gbapal graphics/battle_anims/sprites/bell_2.gbapal.lz
tools/gbagfx/gbagfx graphics/battle_anims/sprites/bent_spoon.4bpp graphics/battle_anims/sprites/bent_spoon.4bpp.lz
tools/gbagfx/gbagfx graphics/battle_anims/sprites/bent_spoon.gbapal graphics/battle_anims/sprites/bent_spoon.gbapal.lz
tools/gbagfx/gbagfx graphics/battle_anims/sprites/bird.4bpp graphics/battle_anims/sprites/bird.4bpp.lz
tools/gbagfx/gbagfx graphics/battle_anims/sprites/bird.gbapal graphics/battle_anims/sprites/bird.gbapal.lz
tools/gbagfx/gbagfx graphics/battle_anims/sprites/black_ball.4bpp graphics/battle_anims/sprites/black_ball.4bpp.lz
tools/gbagfx/gbagfx graphics/battle_anims/sprites/black_ball.gbapal graphics/battle_anims/sprites/black_ball.gbapal.lz
tools/gbagfx/gbagfx graphics/battle_anims/sprites/black_ball_2.4bpp graphics/battle_anims/sprites/black_ball_2.4bpp.lz
tools/gbagfx/gbagfx graphics/battle_anims/sprites/black_ball_2.gbapal graphics/battle_anims/sprites/black_ball_2.gbapal.lz
tools/gbagfx/gbagfx graphics/battle_anims/sprites/black_smoke.4bpp graphics/battle_anims/sprites/black_smoke.4bpp.lz
tools/gbagfx/gbagfx graphics/battle_anims/sprites/black_smoke.gbapal graphics/battle_anims/sprites/black_smoke.gbapal.lz
tools/gbagfx/gbagfx graphics/battle_anims/sprites/blue_burst.4bpp graphics/battle_anims/sprites/blue_burst.4bpp.lz
tools/gbagfx/gbagfx graphics/battle_anims/sprites/blue_burst.gbapal graphics/battle_anims/sprites/blue_burst.gbapal.lz
tools/gbagfx/gbagfx graphics/battle_anims/sprites/blue_flames.4bpp graphics/battle_anims/sprites/blue_flames.4bpp.lz
tools/gbagfx/gbagfx graphics/battle_anims/sprites/blue_flames.gbapal graphics/battle_anims/sprites/blue_flames.gbapal.lz
tools/gbagfx/gbagfx graphics/battle_anims/sprites/blue_flames_2.4bpp graphics/battle_anims/sprites/blue_flames_2.4bpp.lz
tools/gbagfx/gbagfx graphics/battle_anims/sprites/blue_light_wall.gbapal graphics/battle_anims/sprites/blue_light_wall.gbapal.lz
tools/gbagfx/gbagfx graphics/battle_anims/sprites/blue_lines.4bpp graphics/battle_anims/sprites/blue_lines.4bpp.lz
tools/gbagfx/gbagfx graphics/battle_anims/sprites/blue_lines.gbapal graphics/battle_anims/sprites/blue_lines.gbapal.lz
tools/gbagfx/gbagfx graphics/battle_anims/sprites/blue_orb.gbapal graphics/battle_anims/sprites/blue_orb.gbapal.lz
tools/gbagfx/gbagfx graphics/battle_anims/sprites/blue_ring.gbapal graphics/battle_anims/sprites/blue_ring.gbapal.lz
tools/gbagfx/gbagfx graphics/battle_anims/sprites/blue_ring_2.gbapal graphics/battle_anims/sprites/blue_ring_2.gbapal.lz
tools/gbagfx/gbagfx graphics/battle_anims/sprites/blue_shards.4bpp graphics/battle_anims/sprites/blue_shards.4bpp.lz
tools/gbagfx/gbagfx graphics/battle_anims/sprites/blue_shards.gbapal graphics/battle_anims/sprites/blue_shards.gbapal.lz
tools/gbagfx/gbagfx graphics/battle_anims/sprites/blue_star.4bpp graphics/battle_anims/sprites/blue_star.4bpp.lz
tools/gbagfx/gbagfx graphics/battle_anims/sprites/blue_star.gbapal graphics/battle_anims/sprites/blue_star.gbapal.lz
tools/gbagfx/gbagfx graphics/battle_anims/sprites/bluegreen_orb.4bpp graphics/battle_anims/sprites/bluegreen_orb.4bpp.lz
tools/gbagfx/gbagfx graphics/battle_anims/sprites/bluegreen_orb.gbapal graphics/battle_anims/sprites/bluegreen_orb.gbapal.lz
tools/gbagfx/gbagfx graphics/battle_anims/sprites/bone.4bpp graphics/battle_anims/sprites/bone.4bpp.lz
tools/gbagfx/gbagfx graphics/battle_anims/sprites/bone.gbapal graphics/battle_anims/sprites/bone.gbapal.lz
tools/gbagfx/gbagfx graphics/battle_anims/sprites/bone_2.4bpp graphics/battle_anims/sprites/bone_2.4bpp.lz
tools/gbagfx/gbagfx graphics/battle_anims/sprites/bone_2.gbapal graphics/battle_anims/sprites/bone_2.gbapal.lz
tools/gbagfx/gbagfx graphics/battle_anims/sprites/breaking_egg.4bpp graphics/battle_anims/sprites/breaking_egg.4bpp.lz
tools/gbagfx/gbagfx graphics/battle_anims/sprites/breaking_egg.gbapal graphics/battle_anims/sprites/breaking_egg.gbapal.lz
tools/gbagfx/gbagfx graphics/battle_anims/sprites/breath.4bpp graphics/battle_anims/sprites/breath.4bpp.lz
tools/gbagfx/gbagfx graphics/battle_anims/sprites/breath.gbapal graphics/battle_anims/sprites/breath.gbapal.lz
tools/gbagfx/gbagfx graphics/battle_anims/sprites/brown_orb.gbapal graphics/battle_anims/sprites/brown_orb.gbapal.lz
tools/gbagfx/gbagfx graphics/battle_anims/sprites/brown_triangle.4bpp graphics/battle_anims/sprites/brown_triangle.4bpp.lz
tools/gbagfx/gbagfx graphics/battle_anims/sprites/brown_triangle.gbapal graphics/battle_anims/sprites/brown_triangle.gbapal.lz
tools/gbagfx/gbagfx graphics/battle_anims/sprites/bubble.4bpp graphics/battle_anims/sprites/bubble.4bpp.lz
tools/gbagfx/gbagfx graphics/battle_anims/sprites/bubble_burst.4bpp graphics/battle_anims/sprites/bubble_burst.4bpp.lz
tools/gbagfx/gbagfx graphics/battle_anims/sprites/bubble_burst.gbapal graphics/battle_anims/sprites/bubble_burst.gbapal.lz
tools/gbagfx/gbagfx graphics/battle_anims/sprites/bubble_burst_2.4bpp graphics/battle_anims/sprites/bubble_burst_2.4bpp.lz
tools/gbagfx/gbagfx graphics/battle_anims/sprites/bubble_burst_2.gbapal graphics/battle_anims/sprites/bubble_burst_2.gbapal.lz
tools/gbagfx/gbagfx graphics/battle_anims/sprites/circle_impact.4bpp graphics/battle_anims/sprites/circle_impact.4bpp.lz
tools/gbagfx/gbagfx graphics/battle_anims/sprites/circle_impact.gbapal graphics/battle_anims/sprites/circle_impact.gbapal.lz
tools/gbagfx/gbagfx graphics/battle_anims/sprites/circle_of_light.4bpp graphics/battle_anims/sprites/circle_of_light.4bpp.lz
tools/gbagfx/gbagfx graphics/battle_anims/sprites/clamp.4bpp graphics/battle_anims/sprites/clamp.4bpp.lz
tools/gbagfx/gbagfx graphics/battle_anims/sprites/clapping.4bpp graphics/battle_anims/sprites/clapping.4bpp.lz
tools/gbagfx/gbagfx graphics/battle_anims/sprites/clapping.gbapal graphics/battle_anims/sprites/clapping.gbapal.lz
tools/gbagfx/gbagfx graphics/battle_anims/sprites/claw_slash.4bpp graphics/battle_anims/sprites/claw_slash.4bpp.lz
tools/gbagfx/gbagfx graphics/battle_anims/sprites/claw_slash.gbapal graphics/battle_anims/sprites/claw_slash.gbapal.lz
tools/gbagfx/gbagfx graphics/battle_anims/sprites/claw_slash_2.4bpp graphics/battle_anims/sprites/claw_slash_2.4bpp.lz
tools/gbagfx/gbagfx graphics/battle_anims/sprites/claw_slash_2.gbapal graphics/battle_anims/sprites/claw_slash_2.gbapal.lz
tools/gbagfx/gbagfx graphics/battle_anims/sprites/closing_eye.4bpp graphics/battle_anims/sprites/closing_eye.4bpp.lz
tools/gbagfx/gbagfx graphics/battle_anims/sprites/closing_eye.gbapal graphics/battle_anims/sprites/closing_eye.gbapal.lz
tools/gbagfx/gbagfx graphics/battle_anims/sprites/closing_eye_2.4bpp graphics/battle_anims/sprites/closing_eye_2.4bpp.lz
tools/gbagfx/gbagfx graphics/battle_anims/sprites/closing_eye_2.gbapal graphics/battle_anims/sprites/closing_eye_2.gbapal.lz
tools/gbagfx/gbagfx graphics/battle_anims/sprites/coin.4bpp graphics/battle_anims/sprites/coin.4bpp.lz
tools/gbagfx/gbagfx graphics/battle_anims/sprites/coin.gbapal graphics/battle_anims/sprites/coin.gbapal.lz
tools/gbagfx/gbagfx graphics/battle_anims/sprites/confetti.4bpp graphics/battle_anims/sprites/confetti.4bpp.lz
tools/gbagfx/gbagfx graphics/battle_anims/sprites/confetti.gbapal graphics/battle_anims/sprites/confetti.gbapal.lz
tools/gbagfx/gbagfx graphics/battle_anims/sprites/conversion.4bpp graphics/battle_anims/sprites/conversion.4bpp.lz
tools/gbagfx/gbagfx graphics/battle_anims/sprites/conversion.gbapal graphics/battle_anims/sprites/conversion.gbapal.lz
tools/gbagfx/gbagfx graphics/battle_anims/sprites/cracked_egg.4bpp graphics/battle_anims/sprites/cracked_egg.4bpp.lz
tools/gbagfx/gbagfx graphics/battle_anims/sprites/cracked_egg.gbapal graphics/battle_anims/sprites/cracked_egg.gbapal.lz
tools/gbagfx/gbagfx graphics/battle_anims/sprites/cross_impact.4bpp graphics/battle_anims/sprites/cross_impact.4bpp.lz
tools/gbagfx/gbagfx graphics/battle_anims/sprites/cross_impact.gbapal graphics/battle_anims/sprites/cross_impact.gbapal.lz
tools/gbagfx/gbagfx graphics/battle_anims/sprites/cut.4bpp graphics/battle_anims/sprites/cut.4bpp.lz
tools/gbagfx/gbagfx graphics/battle_anims/sprites/devil.4bpp graphics/battle_anims/sprites/devil.4bpp.lz
tools/gbagfx/gbagfx graphics/battle_anims/sprites/devil.gbapal graphics/battle_anims/sprites/devil.gbapal.lz
tools/gbagfx/gbagfx graphics/battle_anims/sprites/dirt_mound.4bpp graphics/battle_anims/sprites/dirt_mound.4bpp.lz
tools/gbagfx/gbagfx graphics/battle_anims/sprites/dirt_mound.gbapal graphics/battle_anims/sprites/dirt_mound.gbapal.lz
tools/gbagfx/gbagfx graphics/battle_anims/sprites/duck.4bpp graphics/battle_anims/sprites/duck.4bpp.lz
tools/gbagfx/gbagfx graphics/battle_anims/sprites/duck.gbapal graphics/battle_anims/sprites/duck.gbapal.lz
tools/gbagfx/gbagfx graphics/battle_anims/sprites/eclipsing_orb.4bpp graphics/battle_anims/sprites/eclipsing_orb.4bpp.lz
tools/gbagfx/gbagfx graphics/battle_anims/sprites/eclipsing_orb.gbapal graphics/battle_anims/sprites/eclipsing_orb.gbapal.lz
tools/gbagfx/gbagfx graphics/battle_anims/sprites/electric_orbs.4bpp graphics/battle_anims/sprites/electric_orbs.4bpp.lz
tools/gbagfx/gbagfx graphics/battle_anims/sprites/electric_orbs.gbapal graphics/battle_anims/sprites/electric_orbs.gbapal.lz
tools/gbagfx/gbagfx graphics/battle_anims/sprites/electricity.4bpp graphics/battle_anims/sprites/electricity.4bpp.lz
tools/gbagfx/gbagfx graphics/battle_anims/sprites/explosion.4bpp graphics/battle_anims/sprites/explosion.4bpp.lz
tools/gbagfx/gbagfx graphics/battle_anims/sprites/explosion.gbapal graphics/battle_anims/sprites/explosion.gbapal.lz
tools/gbagfx/gbagfx graphics/battle_anims/sprites/explosion_2.4bpp graphics/battle_anims/sprites/explosion_2.4bpp.lz
tools/gbagfx/gbagfx graphics/battle_anims/sprites/explosion_2.gbapal graphics/battle_anims/sprites/explosion_2.gbapal.lz
tools/gbagfx/gbagfx graphics/battle_anims/sprites/explosion_3.4bpp graphics/battle_anims/sprites/explosion_3.4bpp.lz
tools/gbagfx/gbagfx graphics/battle_anims/sprites/explosion_4.4bpp graphics/battle_anims/sprites/explosion_4.4bpp.lz
tools/gbagfx/gbagfx graphics/battle_anims/sprites/explosion_4.gbapal graphics/battle_anims/sprites/explosion_4.gbapal.lz
tools/gbagfx/gbagfx graphics/battle_anims/sprites/explosion_5.4bpp graphics/battle_anims/sprites/explosion_5.4bpp.lz
tools/gbagfx/gbagfx graphics/battle_anims/sprites/explosion_6.4bpp graphics/battle_anims/sprites/explosion_6.4bpp.lz
tools/gbagfx/gbagfx graphics/battle_anims/sprites/explosion_6.gbapal graphics/battle_anims/sprites/explosion_6.gbapal.lz
tools/gbagfx/gbagfx graphics/battle_anims/sprites/eye.4bpp graphics/battle_anims/sprites/eye.4bpp.lz
tools/gbagfx/gbagfx graphics/battle_anims/sprites/eye.gbapal graphics/battle_anims/sprites/eye.gbapal.lz
tools/gbagfx/gbagfx graphics/battle_anims/sprites/eye_sparkle.4bpp graphics/battle_anims/sprites/eye_sparkle.4bpp.lz
tools/gbagfx/gbagfx graphics/battle_anims/sprites/eye_sparkle.gbapal graphics/battle_anims/sprites/eye_sparkle.gbapal.lz
tools/gbagfx/gbagfx graphics/battle_anims/sprites/fang_attack.4bpp graphics/battle_anims/sprites/fang_attack.4bpp.lz
tools/gbagfx/gbagfx graphics/battle_anims/sprites/fang_attack.gbapal graphics/battle_anims/sprites/fang_attack.gbapal.lz
tools/gbagfx/gbagfx graphics/battle_anims/sprites/fangs.4bpp graphics/battle_anims/sprites/fangs.4bpp.lz
tools/gbagfx/gbagfx graphics/battle_anims/sprites/fangs.gbapal graphics/battle_anims/sprites/fangs.gbapal.lz
tools/gbagfx/gbagfx graphics/battle_anims/sprites/finger.4bpp graphics/battle_anims/sprites/finger.4bpp.lz
tools/gbagfx/gbagfx graphics/battle_anims/sprites/finger.gbapal graphics/battle_anims/sprites/finger.gbapal.lz
tools/gbagfx/gbagfx graphics/battle_anims/sprites/finger_2.4bpp graphics/battle_anims/sprites/finger_2.4bpp.lz
tools/gbagfx/gbagfx graphics/battle_anims/sprites/fire.4bpp graphics/battle_anims/sprites/fire.4bpp.lz
tools/gbagfx/gbagfx graphics/battle_anims/sprites/fire.gbapal graphics/battle_anims/sprites/fire.gbapal.lz
tools/gbagfx/gbagfx graphics/battle_anims/sprites/fire_plume.4bpp graphics/battle_anims/sprites/fire_plume.4bpp.lz
tools/gbagfx/gbagfx graphics/battle_anims/sprites/flat_rock.4bpp graphics/battle_anims/sprites/flat_rock.4bpp.lz
tools/gbagfx/gbagfx graphics/battle_anims/sprites/flat_rock.gbapal graphics/battle_anims/sprites/flat_rock.gbapal.lz
tools/gbagfx/gbagfx graphics/battle_anims/sprites/flower.4bpp graphics/battle_anims/sprites/flower.4bpp.lz
tools/gbagfx/gbagfx graphics/battle_anims/sprites/flower.gbapal graphics/battle_anims/sprites/flower.gbapal.lz
tools/gbagfx/gbagfx graphics/battle_anims/sprites/flying_dirt.4bpp graphics/battle_anims/sprites/flying_dirt.4bpp.lz
tools/gbagfx/gbagfx graphics/battle_anims/sprites/flying_dirt.gbapal graphics/battle_anims/sprites/flying_dirt.gbapal.lz
tools/gbagfx/gbagfx graphics/battle_anims/sprites/focus_energy.4bpp graphics/battle_anims/sprites/focus_energy.4bpp.lz
tools/gbagfx/gbagfx graphics/battle_anims/sprites/focus_energy.gbapal graphics/battle_anims/sprites/focus_energy.gbapal.lz
tools/gbagfx/gbagfx graphics/battle_anims/sprites/fresh_egg.4bpp graphics/battle_anims/sprites/fresh_egg.4bpp.lz
tools/gbagfx/gbagfx graphics/battle_anims/sprites/fresh_egg.gbapal graphics/battle_anims/sprites/fresh_egg.gbapal.lz
tools/gbagfx/gbagfx graphics/battle_anims/sprites/fury_swipes.4bpp graphics/battle_anims/sprites/fury_swipes.4bpp.lz
tools/gbagfx/gbagfx graphics/battle_anims/sprites/fury_swipes.gbapal graphics/battle_anims/sprites/fury_swipes.gbapal.lz
tools/gbagfx/gbagfx graphics/battle_anims/sprites/gem_1.4bpp graphics/battle_anims/sprites/gem_1.4bpp.lz
tools/gbagfx/gbagfx graphics/battle_anims/sprites/gem_1.gbapal graphics/battle_anims/sprites/gem_1.gbapal.lz
tools/gbagfx/gbagfx graphics/battle_anims/sprites/gem_2.4bpp graphics/battle_anims/sprites/gem_2.4bpp.lz
tools/gbagfx/gbagfx graphics/battle_anims/sprites/gem_3.4bpp graphics/battle_anims/sprites/gem_3.4bpp.lz
tools/gbagfx/gbagfx graphics/battle_anims/sprites/ghostly_spirit.4bpp graphics/battle_anims/sprites/ghostly_spirit.4bpp.lz
tools/gbagfx/gbagfx graphics/battle_anims/sprites/ghostly_spirit.gbapal graphics/battle_anims/sprites/ghostly_spirit.gbapal.lz
tools/gbagfx/gbagfx graphics/battle_anims/sprites/glass.4bpp graphics/battle_anims/sprites/glass.4bpp.lz
tools/gbagfx/gbagfx graphics/battle_anims/sprites/glass.gbapal graphics/battle_anims/sprites/glass.gbapal.lz
tools/gbagfx/gbagfx graphics/battle_anims/sprites/glass_2.4bpp graphics/battle_anims/sprites/glass_2.4bpp.lz
tools/gbagfx/gbagfx graphics/battle_anims/sprites/glass_2.gbapal graphics/battle_anims/sprites/glass_2.gbapal.lz
tools/gbagfx/gbagfx graphics/battle_anims/sprites/glowy_blue_orb.gbapal graphics/battle_anims/sprites/glowy_blue_orb.gbapal.lz
tools/gbagfx/gbagfx graphics/battle_anims/sprites/glowy_green_orb.gbapal graphics/battle_anims/sprites/glowy_green_orb.gbapal.lz
tools/gbagfx/gbagfx graphics/battle_anims/sprites/glowy_red_orb.4bpp graphics/battle_anims/sprites/glowy_red_orb.4bpp.lz
tools/gbagfx/gbagfx graphics/battle_anims/sprites/glowy_red_orb.gbapal graphics/battle_anims/sprites/glowy_red_orb.gbapal.lz
tools/gbagfx/gbagfx graphics/battle_anims/sprites/gold_ring.4bpp graphics/battle_anims/sprites/gold_ring.4bpp.lz
tools/gbagfx/gbagfx graphics/battle_anims/sprites/gold_ring.gbapal graphics/battle_anims/sprites/gold_ring.gbapal.lz
tools/gbagfx/gbagfx graphics/battle_anims/sprites/gold_stars.4bpp graphics/battle_anims/sprites/gold_stars.4bpp.lz
tools/gbagfx/gbagfx graphics/battle_anims/sprites/gold_stars.gbapal graphics/battle_anims/sprites/gold_stars.gbapal.lz
tools/gbagfx/gbagfx graphics/battle_anims/sprites/gray_light_wall.gbapal graphics/battle_anims/sprites/gray_light_wall.gbapal.lz
tools/gbagfx/gbagfx graphics/battle_anims/sprites/gray_orb.4bpp graphics/battle_anims/sprites/gray_orb.4bpp.lz
tools/gbagfx/gbagfx graphics/battle_anims/sprites/gray_orb.gbapal graphics/battle_anims/sprites/gray_orb.gbapal.lz
tools/gbagfx/gbagfx graphics/battle_anims/sprites/gray_smoke.4bpp graphics/battle_anims/sprites/gray_smoke.4bpp.lz
tools/gbagfx/gbagfx graphics/battle_anims/sprites/gray_smoke.gbapal graphics/battle_anims/sprites/gray_smoke.gbapal.lz
tools/gbagfx/gbagfx graphics/battle_anims/sprites/green_light_wall.4bpp graphics/battle_anims/sprites/green_light_wall.4bpp.lz
tools/gbagfx/gbagfx graphics/battle_anims/sprites/green_light_wall.gbapal graphics/battle_anims/sprites/green_light_wall.gbapal.lz
tools/gbagfx/gbagfx graphics/battle_anims/sprites/green_sparkle.4bpp graphics/battle_anims/sprites/green_sparkle.4bpp.lz
tools/gbagfx/gbagfx graphics/battle_anims/sprites/green_sparkle.gbapal graphics/battle_anims/sprites/green_sparkle.gbapal.lz
tools/gbagfx/gbagfx graphics/battle_anims/sprites/green_spike.4bpp graphics/battle_anims/sprites/green_spike.4bpp.lz
tools/gbagfx/gbagfx graphics/battle_anims/sprites/green_spike.gbapal graphics/battle_anims/sprites/green_spike.gbapal.lz
tools/gbagfx/gbagfx graphics/battle_anims/sprites/green_star.4bpp graphics/battle_anims/sprites/green_star.4bpp.lz
tools/gbagfx/gbagfx graphics/battle_anims/sprites/green_star.gbapal graphics/battle_anims/sprites/green_star.gbapal.lz
tools/gbagfx/gbagfx graphics/battle_anims/sprites/guard_ring.4bpp graphics/battle_anims/sprites/guard_ring.4bpp.lz
tools/gbagfx/gbagfx graphics/battle_anims/sprites/guard_ring.gbapal graphics/battle_anims/sprites/guard_ring.gbapal.lz
tools/gbagfx/gbagfx graphics/battle_anims/sprites/gust.4bpp graphics/battle_anims/sprites/gust.4bpp.lz
tools/gbagfx/gbagfx graphics/battle_anims/sprites/gust.gbapal graphics/battle_anims/sprites/gust.gbapal.lz
tools/gbagfx/gbagfx graphics/battle_anims/sprites/hail.4bpp graphics/battle_anims/sprites/hail.4bpp.lz
tools/gbagfx/gbagfx graphics/battle_anims/sprites/hail.gbapal graphics/battle_anims/sprites/hail.gbapal.lz
tools/gbagfx/gbagfx graphics/battle_anims/sprites/hands_and_feet.4bpp graphics/battle_anims/sprites/hands_and_feet.4bpp.lz
tools/gbagfx/gbagfx graphics/battle_anims/sprites/hands_and_feet.gbapal graphics/battle_anims/sprites/hands_and_feet.gbapal.lz
tools/gbagfx/gbagfx graphics/battle_anims/sprites/hatched_egg.4bpp graphics/battle_anims/sprites/hatched_egg.4bpp.lz
tools/gbagfx/gbagfx graphics/battle_anims/sprites/hit.4bpp graphics/battle_anims/sprites/hit.4bpp.lz
tools/gbagfx/gbagfx graphics/battle_anims/sprites/hit.gbapal graphics/battle_anims/sprites/hit.gbapal.lz
tools/gbagfx/gbagfx graphics/battle_anims/sprites/hit_2.gbapal graphics/battle_anims/sprites/hit_2.gbapal.lz
tools/gbagfx/gbagfx graphics/battle_anims/sprites/hit_duplicate.4bpp graphics/battle_anims/sprites/hit_duplicate.4bpp.lz
tools/gbagfx/gbagfx graphics/battle_anims/sprites/hit_duplicate.gbapal graphics/battle_anims/sprites/hit_duplicate.gbapal.lz
tools/gbagfx/gbagfx graphics/battle_anims/sprites/hollow_orb.4bpp graphics/battle_anims/sprites/hollow_orb.4bpp.lz
tools/gbagfx/gbagfx graphics/battle_anims/sprites/hollow_orb.gbapal graphics/battle_anims/sprites/hollow_orb.gbapal.lz
tools/gbagfx/gbagfx graphics/battle_anims/sprites/horn_hit.4bpp graphics/battle_anims/sprites/horn_hit.4bpp.lz
tools/gbagfx/gbagfx graphics/battle_anims/sprites/horn_hit.gbapal graphics/battle_anims/sprites/horn_hit.gbapal.lz
tools/gbagfx/gbagfx graphics/battle_anims/sprites/horn_hit_2.4bpp graphics/battle_anims/sprites/horn_hit_2.4bpp.lz
tools/gbagfx/gbagfx graphics/battle_anims/sprites/horn_hit_2.gbapal graphics/battle_anims/sprites/horn_hit_2.gbapal.lz
tools/gbagfx/gbagfx graphics/battle_anims/sprites/humanoid_foot.4bpp graphics/battle_anims/sprites/humanoid_foot.4bpp.lz
tools/gbagfx/gbagfx graphics/battle_anims/sprites/humanoid_foot.gbapal graphics/battle_anims/sprites/humanoid_foot.gbapal.lz
tools/gbagfx/gbagfx graphics/battle_anims/sprites/humanoid_hand.4bpp graphics/battle_anims/sprites/humanoid_hand.4bpp.lz
tools/gbagfx/gbagfx graphics/battle_anims/sprites/ice_chunk.4bpp graphics/battle_anims/sprites/ice_chunk.4bpp.lz
tools/gbagfx/gbagfx graphics/battle_anims/sprites/ice_chunk.gbapal graphics/battle_anims/sprites/ice_chunk.gbapal.lz
tools/gbagfx/gbagfx graphics/battle_anims/sprites/ice_crystals.4bpp graphics/battle_anims/sprites/ice_crystals.4bpp.lz
tools/gbagfx/gbagfx graphics/battle_anims/sprites/ice_crystals.gbapal graphics/battle_anims/sprites/ice_crystals.gbapal.lz
tools/gbagfx/gbagfx graphics/battle_anims/sprites/ice_cube.4bpp graphics/battle_anims/sprites/ice_cube.4bpp.lz
tools/gbagfx/gbagfx graphics/battle_anims/sprites/ice_cube.gbapal graphics/battle_anims/sprites/ice_cube.gbapal.lz
tools/gbagfx/gbagfx graphics/battle_anims/sprites/ice_spikes.4bpp graphics/battle_anims/sprites/ice_spikes.4bpp.lz
tools/gbagfx/gbagfx graphics/battle_anims/sprites/icicle_spear.4bpp graphics/battle_anims/sprites/icicle_spear.4bpp.lz
tools/gbagfx/gbagfx graphics/battle_anims/sprites/icicle_spear.gbapal graphics/battle_anims/sprites/icicle_spear.gbapal.lz
tools/gbagfx/gbagfx graphics/battle_anims/sprites/impact.4bpp graphics/battle_anims/sprites/impact.4bpp.lz
tools/gbagfx/gbagfx graphics/battle_anims/sprites/impact.gbapal graphics/battle_anims/sprites/impact.gbapal.lz
tools/gbagfx/gbagfx graphics/battle_anims/sprites/impact_2.4bpp graphics/battle_anims/sprites/impact_2.4bpp.lz
tools/gbagfx/gbagfx graphics/battle_anims/sprites/impact_2.gbapal graphics/battle_anims/sprites/impact_2.gbapal.lz
tools/gbagfx/gbagfx graphics/battle_anims/sprites/impact_3.4bpp graphics/battle_anims/sprites/impact_3.4bpp.lz
tools/gbagfx/gbagfx graphics/battle_anims/sprites/impact_3.gbapal graphics/battle_anims/sprites/impact_3.gbapal.lz
tools/gbagfx/gbagfx graphics/battle_anims/sprites/item_bag.4bpp graphics/battle_anims/sprites/item_bag.4bpp.lz
tools/gbagfx/gbagfx graphics/battle_anims/sprites/item_bag.gbapal graphics/battle_anims/sprites/item_bag.gbapal.lz
tools/gbagfx/gbagfx graphics/battle_anims/sprites/jagged_music_note.4bpp graphics/battle_anims/sprites/jagged_music_note.4bpp.lz
tools/gbagfx/gbagfx graphics/battle_anims/sprites/jagged_music_note.gbapal graphics/battle_anims/sprites/jagged_music_note.gbapal.lz
tools/gbagfx/gbagfx graphics/battle_anims/sprites/large_fresh_egg.4bpp graphics/battle_anims/sprites/large_fresh_egg.4bpp.lz
tools/gbagfx/gbagfx graphics/battle_anims/sprites/large_fresh_egg.gbapal graphics/battle_anims/sprites/large_fresh_egg.gbapal.lz
tools/gbagfx/gbagfx graphics/battle_anims/sprites/leaf.4bpp graphics/battle_anims/sprites/leaf.4bpp.lz
tools/gbagfx/gbagfx graphics/battle_anims/sprites/leaf.gbapal graphics/battle_anims/sprites/leaf.gbapal.lz
tools/gbagfx/gbagfx graphics/battle_anims/sprites/leer.4bpp graphics/battle_anims/sprites/leer.4bpp.lz
tools/gbagfx/gbagfx graphics/battle_anims/sprites/leer.gbapal graphics/battle_anims/sprites/leer.gbapal.lz
tools/gbagfx/gbagfx graphics/battle_anims/sprites/letter_z.4bpp graphics/battle_anims/sprites/letter_z.4bpp.lz
tools/gbagfx/gbagfx graphics/battle_anims/sprites/letter_z.gbapal graphics/battle_anims/sprites/letter_z.gbapal.lz
tools/gbagfx/gbagfx graphics/battle_anims/sprites/lick.4bpp graphics/battle_anims/sprites/lick.4bpp.lz
tools/gbagfx/gbagfx graphics/battle_anims/sprites/lick.gbapal graphics/battle_anims/sprites/lick.gbapal.lz
tools/gbagfx/gbagfx graphics/battle_anims/sprites/lightbulb.4bpp graphics/battle_anims/sprites/lightbulb.4bpp.lz
tools/gbagfx/gbagfx graphics/battle_anims/sprites/lightbulb.gbapal graphics/battle_anims/sprites/lightbulb.gbapal.lz
tools/gbagfx/gbagfx graphics/battle_anims/sprites/lightning.4bpp graphics/battle_anims/sprites/lightning.4bpp.lz
tools/gbagfx/gbagfx graphics/battle_anims/sprites/lightning_2.4bpp graphics/battle_anims/sprites/lightning_2.4bpp.lz
tools/gbagfx/gbagfx graphics/battle_anims/sprites/lightning_2.gbapal graphics/battle_anims/sprites/lightning_2.gbapal.lz
tools/gbagfx/gbagfx graphics/battle_anims/sprites/lock_on.4bpp graphics/battle_anims/sprites/lock_on.4bpp.lz
tools/gbagfx/gbagfx graphics/battle_anims/sprites/lock_on.gbapal graphics/battle_anims/sprites/lock_on.gbapal.lz
tools/gbagfx/gbagfx graphics/battle_anims/sprites/magenta_heart.4bpp graphics/battle_anims/sprites/magenta_heart.4bpp.lz
tools/gbagfx/gbagfx graphics/battle_anims/sprites/magenta_heart.gbapal graphics/battle_anims/sprites/magenta_heart.gbapal.lz
tools/gbagfx/gbagfx graphics/battle_anims/sprites/magnifying_glass.4bpp graphics/battle_anims/sprites/magnifying_glass.4bpp.lz
tools/gbagfx/gbagfx graphics/battle_anims/sprites/magnifying_glass.gbapal graphics/battle_anims/sprites/magnifying_glass.gbapal.lz
tools/gbagfx/gbagfx graphics/battle_anims/sprites/metal_ball.4bpp graphics/battle_anims/sprites/metal_ball.4bpp.lz
tools/gbagfx/gbagfx graphics/battle_anims/sprites/metal_ball.gbapal graphics/battle_anims/sprites/metal_ball.gbapal.lz
tools/gbagfx/gbagfx graphics/battle_anims/sprites/metal_sound_waves.4bpp graphics/battle_anims/sprites/metal_sound_waves.4bpp.lz
tools/gbagfx/gbagfx graphics/battle_anims/sprites/metal_sound_waves.gbapal graphics/battle_anims/sprites/metal_sound_waves.gbapal.lz
tools/gbagfx/gbagfx graphics/battle_anims/sprites/meteor.4bpp graphics/battle_anims/sprites/meteor.4bpp.lz
tools/gbagfx/gbagfx graphics/battle_anims/sprites/meteor.gbapal graphics/battle_anims/sprites/meteor.gbapal.lz
tools/gbagfx/gbagfx graphics/battle_anims/sprites/milk_bottle.4bpp graphics/battle_anims/sprites/milk_bottle.4bpp.lz
tools/gbagfx/gbagfx graphics/battle_anims/sprites/milk_bottle.gbapal graphics/battle_anims/sprites/milk_bottle.gbapal.lz
tools/gbagfx/gbagfx graphics/battle_anims/sprites/mist_cloud.4bpp graphics/battle_anims/sprites/mist_cloud.4bpp.lz
tools/gbagfx/gbagfx graphics/battle_anims/sprites/mist_cloud.gbapal graphics/battle_anims/sprites/mist_cloud.gbapal.lz
tools/gbagfx/gbagfx graphics/battle_anims/sprites/monster_doll.4bpp graphics/battle_anims/sprites/monster_doll.4bpp.lz
tools/gbagfx/gbagfx graphics/battle_anims/sprites/monster_doll.gbapal graphics/battle_anims/sprites/monster_doll.gbapal.lz
tools/gbagfx/gbagfx graphics/battle_anims/sprites/monster_foot.4bpp graphics/battle_anims/sprites/monster_foot.4bpp.lz
tools/gbagfx/gbagfx graphics/battle_anims/sprites/moon.4bpp graphics/battle_anims/sprites/moon.4bpp.lz
tools/gbagfx/gbagfx graphics/battle_anims/sprites/moon.gbapal graphics/battle_anims/sprites/moon.gbapal.lz
tools/gbagfx/gbagfx graphics/battle_anims/sprites/movement_waves.4bpp graphics/battle_anims/sprites/movement_waves.4bpp.lz
tools/gbagfx/gbagfx graphics/battle_anims/sprites/movement_waves.gbapal graphics/battle_anims/sprites/movement_waves.gbapal.lz
tools/gbagfx/gbagfx graphics/battle_anims/sprites/mud_sand.4bpp graphics/battle_anims/sprites/mud_sand.4bpp.lz
tools/gbagfx/gbagfx graphics/battle_anims/sprites/mud_sand.gbapal graphics/battle_anims/sprites/mud_sand.gbapal.lz
tools/gbagfx/gbagfx graphics/battle_anims/sprites/mud_unk.4bpp graphics/battle_anims/sprites/mud_unk.4bpp.lz
tools/gbagfx/gbagfx graphics/battle_anims/sprites/mud_unk.gbapal graphics/battle_anims/sprites/mud_unk.gbapal.lz
tools/gbagfx/gbagfx graphics/battle_anims/sprites/music_notes.4bpp graphics/battle_anims/sprites/music_notes.4bpp.lz
tools/gbagfx/gbagfx graphics/battle_anims/sprites/music_notes.gbapal graphics/battle_anims/sprites/music_notes.gbapal.lz
tools/gbagfx/gbagfx graphics/battle_anims/sprites/music_notes_2.4bpp graphics/battle_anims/sprites/music_notes_2.4bpp.lz
tools/gbagfx/gbagfx graphics/battle_anims/sprites/music_notes_2.gbapal graphics/battle_anims/sprites/music_notes_2.gbapal.lz
tools/gbagfx/gbagfx graphics/battle_anims/sprites/nail.4bpp graphics/battle_anims/sprites/nail.4bpp.lz
tools/gbagfx/gbagfx graphics/battle_anims/sprites/nail.gbapal graphics/battle_anims/sprites/nail.gbapal.lz
tools/gbagfx/gbagfx graphics/battle_anims/sprites/needle.4bpp graphics/battle_anims/sprites/needle.4bpp.lz
tools/gbagfx/gbagfx graphics/battle_anims/sprites/needle.gbapal graphics/battle_anims/sprites/needle.gbapal.lz
tools/gbagfx/gbagfx graphics/battle_anims/sprites/noise_line.4bpp graphics/battle_anims/sprites/noise_line.4bpp.lz
tools/gbagfx/gbagfx graphics/battle_anims/sprites/opening_eye.4bpp graphics/battle_anims/sprites/opening_eye.4bpp.lz
tools/gbagfx/gbagfx graphics/battle_anims/sprites/opening_eye.gbapal graphics/battle_anims/sprites/opening_eye.gbapal.lz
tools/gbagfx/gbagfx graphics/battle_anims/sprites/orange.4bpp graphics/battle_anims/sprites/orange.4bpp.lz
tools/gbagfx/gbagfx graphics/battle_anims/sprites/orange.gbapal graphics/battle_anims/sprites/orange.gbapal.lz
tools/gbagfx/gbagfx graphics/battle_anims/sprites/orange_light_wall.gbapal graphics/battle_anims/sprites/orange_light_wall.gbapal.lz
tools/gbagfx/gbagfx graphics/battle_anims/sprites/orb.4bpp graphics/battle_anims/sprites/orb.4bpp.lz
tools/gbagfx/gbagfx graphics/battle_anims/sprites/orb.gbapal graphics/battle_anims/sprites/orb.gbapal.lz
tools/gbagfx/gbagfx graphics/battle_anims/sprites/orbs.4bpp graphics/battle_anims/sprites/orbs.4bpp.lz
tools/gbagfx/gbagfx graphics/battle_anims/sprites/orbs.gbapal graphics/battle_anims/sprites/orbs.gbapal.lz
tools/gbagfx/gbagfx graphics/battle_anims/sprites/pain_split.4bpp graphics/battle_anims/sprites/pain_split.4bpp.lz
tools/gbagfx/gbagfx graphics/battle_anims/sprites/pain_split.gbapal graphics/battle_anims/sprites/pain_split.gbapal.lz
tools/gbagfx/gbagfx graphics/battle_anims/sprites/particles.4bpp graphics/battle_anims/sprites/particles.4bpp.lz
tools/gbagfx/gbagfx graphics/battle_anims/sprites/paw_print.4bpp graphics/battle_anims/sprites/paw_print.4bpp.lz
tools/gbagfx/gbagfx graphics/battle_anims/sprites/paw_print.gbapal graphics/battle_anims/sprites/paw_print.gbapal.lz
tools/gbagfx/gbagfx graphics/battle_anims/sprites/pencil.4bpp graphics/battle_anims/sprites/pencil.4bpp.lz
tools/gbagfx/gbagfx graphics/battle_anims/sprites/pencil.gbapal graphics/battle_anims/sprites/pencil.gbapal.lz
tools/gbagfx/gbagfx graphics/battle_anims/sprites/pencil_2.4bpp graphics/battle_anims/sprites/pencil_2.4bpp.lz
tools/gbagfx/gbagfx graphics/battle_anims/sprites/pencil_2.gbapal graphics/battle_anims/sprites/pencil_2.gbapal.lz
tools/gbagfx/gbagfx graphics/battle_anims/sprites/petal.4bpp graphics/battle_anims/sprites/petal.4bpp.lz
tools/gbagfx/gbagfx graphics/battle_anims/sprites/petal.gbapal graphics/battle_anims/sprites/petal.gbapal.lz
tools/gbagfx/gbagfx graphics/battle_anims/sprites/pink_cloud.4bpp graphics/battle_anims/sprites/pink_cloud.4bpp.lz
tools/gbagfx/gbagfx graphics/battle_anims/sprites/pink_cloud.gbapal graphics/battle_anims/sprites/pink_cloud.gbapal.lz
tools/gbagfx/gbagfx graphics/battle_anims/sprites/pink_glove.4bpp graphics/battle_anims/sprites/pink_glove.4bpp.lz
tools/gbagfx/gbagfx graphics/battle_anims/sprites/pink_glove.gbapal graphics/battle_anims/sprites/pink_glove.gbapal.lz
tools/gbagfx/gbagfx graphics/battle_anims/sprites/pink_heart.gbapal graphics/battle_anims/sprites/pink_heart.gbapal.lz
tools/gbagfx/gbagfx graphics/battle_anims/sprites/pink_heart_2.4bpp graphics/battle_anims/sprites/pink_heart_2.4bpp.lz
tools/gbagfx/gbagfx graphics/battle_anims/sprites/pink_heart_2.gbapal graphics/battle_anims/sprites/pink_heart_2.gbapal.lz
tools/gbagfx/gbagfx graphics/battle_anims/sprites/pink_orb.4bpp graphics/battle_anims/sprites/pink_orb.4bpp.lz
tools/gbagfx/gbagfx graphics/battle_anims/sprites/pink_orb.gbapal graphics/battle_anims/sprites/pink_orb.gbapal.lz
tools/gbagfx/gbagfx graphics/battle_anims/sprites/pink_petal.4bpp graphics/battle_anims/sprites/pink_petal.4bpp.lz
tools/gbagfx/gbagfx graphics/battle_anims/sprites/pink_petal.gbapal graphics/battle_anims/sprites/pink_petal.gbapal.lz
tools/gbagfx/gbagfx graphics/battle_anims/sprites/poison_bubble.4bpp graphics/battle_anims/sprites/poison_bubble.4bpp.lz
tools/gbagfx/gbagfx graphics/battle_anims/sprites/poison_bubble.gbapal graphics/battle_anims/sprites/poison_bubble.gbapal.lz
tools/gbagfx/gbagfx graphics/battle_anims/sprites/poison_powder.4bpp graphics/battle_anims/sprites/poison_powder.4bpp.lz
tools/gbagfx/gbagfx graphics/battle_anims/sprites/poison_powder.gbapal graphics/battle_anims/sprites/poison_powder.gbapal.lz
tools/gbagfx/gbagfx graphics/battle_anims/sprites/pokeball.4bpp graphics/battle_anims/sprites/pokeball.4bpp.lz
tools/gbagfx/gbagfx graphics/battle_anims/sprites/pokeball.gbapal graphics/battle_anims/sprites/pokeball.gbapal.lz
tools/gbagfx/gbagfx graphics/battle_anims/sprites/protect.4bpp graphics/battle_anims/sprites/protect.4bpp.lz
tools/gbagfx/gbagfx graphics/battle_anims/sprites/protect.gbapal graphics/battle_anims/sprites/protect.gbapal.lz
tools/gbagfx/gbagfx graphics/battle_anims/sprites/punch_impact.4bpp graphics/battle_anims/sprites/punch_impact.4bpp.lz
tools/gbagfx/gbagfx graphics/battle_anims/sprites/punch_impact.gbapal graphics/battle_anims/sprites/punch_impact.gbapal.lz
tools/gbagfx/gbagfx graphics/battle_anims/sprites/purple_coral.4bpp graphics/battle_anims/sprites/purple_coral.4bpp.lz
tools/gbagfx/gbagfx graphics/battle_anims/sprites/purple_coral.gbapal graphics/battle_anims/sprites/purple_coral.gbapal.lz
tools/gbagfx/gbagfx graphics/battle_anims/sprites/purple_droplet.4bpp graphics/battle_anims/sprites/purple_droplet.4bpp.lz
tools/gbagfx/gbagfx graphics/battle_anims/sprites/purple_flame.4bpp graphics/battle_anims/sprites/purple_flame.4bpp.lz
tools/gbagfx/gbagfx graphics/battle_anims/sprites/purple_flame.gbapal graphics/battle_anims/sprites/purple_flame.gbapal.lz
tools/gbagfx/gbagfx graphics/battle_anims/sprites/purple_gas_cloud.gbapal graphics/battle_anims/sprites/purple_gas_cloud.gbapal.lz
tools/gbagfx/gbagfx graphics/battle_anims/sprites/purple_green_unk.4bpp graphics/battle_anims/sprites/purple_green_unk.4bpp.lz
tools/gbagfx/gbagfx graphics/battle_anims/sprites/purple_green_unk.gbapal graphics/battle_anims/sprites/purple_green_unk.gbapal.lz
tools/gbagfx/gbagfx graphics/battle_anims/sprites/purple_hand_outline.4bpp graphics/battle_anims/sprites/purple_hand_outline.4bpp.lz
tools/gbagfx/gbagfx graphics/battle_anims/sprites/purple_hand_outline.gbapal graphics/battle_anims/sprites/purple_hand_outline.gbapal.lz
tools/gbagfx/gbagfx graphics/battle_anims/sprites/purple_ring.gbapal graphics/battle_anims/sprites/purple_ring.gbapal.lz
tools/gbagfx/gbagfx graphics/battle_anims/sprites/purple_scratch.4bpp graphics/battle_anims/sprites/purple_scratch.4bpp.lz
tools/gbagfx/gbagfx graphics/battle_anims/sprites/purple_scratch.gbapal graphics/battle_anims/sprites/purple_scratch.gbapal.lz
tools/gbagfx/gbagfx graphics/battle_anims/sprites/purple_swipe.4bpp graphics/battle_anims/sprites/purple_swipe.4bpp.lz
tools/gbagfx/gbagfx graphics/battle_anims/sprites/quick_guard.4bpp graphics/battle_anims/sprites/quick_guard.4bpp.lz
tools/gbagfx/gbagfx graphics/battle_anims/sprites/quick_guard.gbapal graphics/battle_anims/sprites/quick_guard.gbapal.lz
tools/gbagfx/gbagfx graphics/battle_anims/sprites/rain_drops.4bpp graphics/battle_anims/sprites/rain_drops.4bpp.lz
tools/gbagfx/gbagfx graphics/battle_anims/sprites/rain_drops.gbapal graphics/battle_anims/sprites/rain_drops.gbapal.lz
tools/gbagfx/gbagfx graphics/battle_anims/sprites/rainbow_rings.4bpp graphics/battle_anims/sprites/rainbow_rings.4bpp.lz
tools/gbagfx/gbagfx graphics/battle_anims/sprites/rainbow_rings.gbapal graphics/battle_anims/sprites/rainbow_rings.gbapal.lz
tools/gbagfx/gbagfx graphics/battle_anims/sprites/rapid_spin.4bpp graphics/battle_anims/sprites/rapid_spin.4bpp.lz
tools/gbagfx/gbagfx graphics/battle_anims/sprites/rapid_spin.gbapal graphics/battle_anims/sprites/rapid_spin.gbapal.lz
tools/gbagfx/gbagfx graphics/battle_anims/sprites/razor_leaf.4bpp graphics/battle_anims/sprites/razor_leaf.4bpp.lz
tools/gbagfx/gbagfx graphics/battle_anims/sprites/razor_leaf.gbapal graphics/battle_anims/sprites/razor_leaf.gbapal.lz
tools/gbagfx/gbagfx graphics/battle_anims/sprites/recycle.4bpp graphics/battle_anims/sprites/recycle.4bpp.lz
tools/gbagfx/gbagfx graphics/battle_anims/sprites/recycle.gbapal graphics/battle_anims/sprites/recycle.gbapal.lz
tools/gbagfx/gbagfx graphics/battle_anims/sprites/red_ball.4bpp graphics/battle_anims/sprites/red_ball.4bpp.lz
tools/gbagfx/gbagfx graphics/battle_anims/sprites/red_ball.gbapal graphics/battle_anims/sprites/red_ball.gbapal.lz
tools/gbagfx/gbagfx graphics/battle_anims/sprites/red_fist.4bpp graphics/battle_anims/sprites/red_fist.4bpp.lz
tools/gbagfx/gbagfx graphics/battle_anims/sprites/red_heart.gbapal graphics/battle_anims/sprites/red_heart.gbapal.lz
tools/gbagfx/gbagfx graphics/battle_anims/sprites/red_light_wall.gbapal graphics/battle_anims/sprites/red_light_wall.gbapal.lz
tools/gbagfx/gbagfx graphics/battle_anims/sprites/red_orb.4bpp graphics/battle_anims/sprites/red_orb.4bpp.lz
tools/gbagfx/gbagfx graphics/battle_anims/sprites/red_orb.gbapal graphics/battle_anims/sprites/red_orb.gbapal.lz
tools/gbagfx/gbagfx graphics/battle_anims/sprites/red_orb_2.gbapal graphics/battle_anims/sprites/red_orb_2.gbapal.lz
tools/gbagfx/gbagfx graphics/battle_anims/sprites/red_particles.4bpp graphics/battle_anims/sprites/red_particles.4bpp.lz
tools/gbagfx/gbagfx graphics/battle_anims/sprites/red_particles.gbapal graphics/battle_anims/sprites/red_particles.gbapal.lz
tools/gbagfx/gbagfx graphics/battle_anims/sprites/red_tube.4bpp graphics/battle_anims/sprites/red_tube.4bpp.lz
tools/gbagfx/gbagfx graphics/battle_anims/sprites/red_tube.gbapal graphics/battle_anims/sprites/red_tube.gbapal.lz
tools/gbagfx/gbagfx graphics/battle_anims/sprites/red_wand.4bpp graphics/battle_anims/sprites/red_wand.4bpp.lz
tools/gbagfx/gbagfx graphics/battle_anims/sprites/red_wand.gbapal graphics/battle_anims/sprites/red_wand.gbapal.lz
tools/gbagfx/gbagfx graphics/battle_anims/sprites/reticle.4bpp graphics/battle_anims/sprites/reticle.4bpp.lz
tools/gbagfx/gbagfx graphics/battle_anims/sprites/reticle.gbapal graphics/battle_anims/sprites/reticle.gbapal.lz
tools/gbagfx/gbagfx graphics/battle_anims/sprites/ring.4bpp graphics/battle_anims/sprites/ring.4bpp.lz
tools/gbagfx/gbagfx graphics/battle_anims/sprites/ring.gbapal graphics/battle_anims/sprites/ring.gbapal.lz
tools/gbagfx/gbagfx graphics/battle_anims/sprites/rocks.4bpp graphics/battle_anims/sprites/rocks.4bpp.lz
tools/gbagfx/gbagfx graphics/battle_anims/sprites/rocks.gbapal graphics/battle_anims/sprites/rocks.gbapal.lz
tools/gbagfx/gbagfx graphics/battle_anims/sprites/roots.4bpp graphics/battle_anims/sprites/roots.4bpp.lz
tools/gbagfx/gbagfx graphics/battle_anims/sprites/roots.gbapal graphics/battle_anims/sprites/roots.gbapal.lz
tools/gbagfx/gbagfx graphics/battle_anims/sprites/round_shadow.4bpp graphics/battle_anims/sprites/round_shadow.4bpp.lz
tools/gbagfx/gbagfx graphics/battle_anims/sprites/round_shadow.gbapal graphics/battle_anims/sprites/round_shadow.gbapal.lz
tools/gbagfx/gbagfx graphics/battle_anims/sprites/round_white_halo.4bpp graphics/battle_anims/sprites/round_white_halo.4bpp.lz
tools/gbagfx/gbagfx graphics/battle_anims/sprites/round_white_halo.gbapal graphics/battle_anims/sprites/round_white_halo.gbapal.lz
tools/gbagfx/gbagfx graphics/battle_anims/sprites/safari_bait.4bpp graphics/battle_anims/sprites/safari_bait.4bpp.lz
tools/gbagfx/gbagfx graphics/battle_anims/sprites/safari_bait.gbapal graphics/battle_anims/sprites/safari_bait.gbapal.lz
tools/gbagfx/gbagfx graphics/battle_anims/sprites/sap_drip.4bpp graphics/battle_anims/sprites/sap_drip.4bpp.lz
tools/gbagfx/gbagfx graphics/battle_anims/sprites/sap_drip.gbapal graphics/battle_anims/sprites/sap_drip.gbapal.lz
tools/gbagfx/gbagfx graphics/battle_anims/sprites/sap_drip_2.gbapal graphics/battle_anims/sprites/sap_drip_2.gbapal.lz
tools/gbagfx/gbagfx graphics/battle_anims/sprites/scratch.4bpp graphics/battle_anims/sprites/scratch.4bpp.lz
tools/gbagfx/gbagfx graphics/battle_anims/sprites/scratch_2.4bpp graphics/battle_anims/sprites/scratch_2.4bpp.lz
tools/gbagfx/gbagfx graphics/battle_anims/sprites/scratch_3.4bpp graphics/battle_anims/sprites/scratch_3.4bpp.lz
tools/gbagfx/gbagfx graphics/battle_anims/sprites/seed.4bpp graphics/battle_anims/sprites/seed.4bpp.lz
tools/gbagfx/gbagfx graphics/battle_anims/sprites/seed.gbapal graphics/battle_anims/sprites/seed.gbapal.lz
tools/gbagfx/gbagfx graphics/battle_anims/sprites/seed_2.4bpp graphics/battle_anims/sprites/seed_2.4bpp.lz
tools/gbagfx/gbagfx graphics/battle_anims/sprites/seed_2.gbapal graphics/battle_anims/sprites/seed_2.gbapal.lz
tools/gbagfx/gbagfx graphics/battle_anims/sprites/shadow_ball.4bpp graphics/battle_anims/sprites/shadow_ball.4bpp.lz
tools/gbagfx/gbagfx graphics/battle_anims/sprites/shadow_ball.gbapal graphics/battle_anims/sprites/shadow_ball.gbapal.lz
tools/gbagfx/gbagfx graphics/battle_anims/sprites/sharp_teeth.4bpp graphics/battle_anims/sprites/sharp_teeth.4bpp.lz
tools/gbagfx/gbagfx graphics/battle_anims/sprites/sharp_teeth.gbapal graphics/battle_anims/sprites/sharp_teeth.gbapal.lz
tools/gbagfx/gbagfx graphics/battle_anims/sprites/shock.4bpp graphics/battle_anims/sprites/shock.4bpp.lz
tools/gbagfx/gbagfx graphics/battle_anims/sprites/shock_2.4bpp graphics/battle_anims/sprites/shock_2.4bpp.lz
tools/gbagfx/gbagfx graphics/battle_anims/sprites/shock_2.gbapal graphics/battle_anims/sprites/shock_2.gbapal.lz
tools/gbagfx/gbagfx graphics/battle_anims/sprites/shock_3.4bpp graphics/battle_anims/sprites/shock_3.4bpp.lz
tools/gbagfx/gbagfx graphics/battle_anims/sprites/shock_3.gbapal graphics/battle_anims/sprites/shock_3.gbapal.lz
tools/gbagfx/gbagfx graphics/battle_anims/sprites/shock_4.4bpp graphics/battle_anims/sprites/shock_4.4bpp.lz
tools/gbagfx/gbagfx graphics/battle_anims/sprites/shock_4.gbapal graphics/battle_anims/sprites/shock_4.gbapal.lz
tools/gbagfx/gbagfx graphics/battle_anims/sprites/slam_hit.4bpp graphics/battle_anims/sprites/slam_hit.4bpp.lz
tools/gbagfx/gbagfx graphics/battle_anims/sprites/slam_hit.gbapal graphics/battle_anims/sprites/slam_hit.gbapal.lz
tools/gbagfx/gbagfx graphics/battle_anims/sprites/slam_hit_2.4bpp graphics/battle_anims/sprites/slam_hit_2.4bpp.lz
tools/gbagfx/gbagfx graphics/battle_anims/sprites/slam_hit_2.gbapal graphics/battle_anims/sprites/slam_hit_2.gbapal.lz
tools/gbagfx/gbagfx graphics/battle_anims/sprites/slash.4bpp graphics/battle_anims/sprites/slash.4bpp.lz
tools/gbagfx/gbagfx graphics/battle_anims/sprites/slash.gbapal graphics/battle_anims/sprites/slash.gbapal.lz
tools/gbagfx/gbagfx graphics/battle_anims/sprites/slash_2.gbapal graphics/battle_anims/sprites/slash_2.gbapal.lz
tools/gbagfx/gbagfx graphics/battle_anims/sprites/sleep_powder.gbapal graphics/battle_anims/sprites/sleep_powder.gbapal.lz
tools/gbagfx/gbagfx graphics/battle_anims/sprites/small_bubbles.4bpp graphics/battle_anims/sprites/small_bubbles.4bpp.lz
tools/gbagfx/gbagfx graphics/battle_anims/sprites/small_bubbles.gbapal graphics/battle_anims/sprites/small_bubbles.gbapal.lz
tools/gbagfx/gbagfx graphics/battle_anims/sprites/small_ember.4bpp graphics/battle_anims/sprites/small_ember.4bpp.lz
tools/gbagfx/gbagfx graphics/battle_anims/sprites/small_ember.gbapal graphics/battle_anims/sprites/small_ember.gbapal.lz
tools/gbagfx/gbagfx graphics/battle_anims/sprites/small_red_eye.4bpp graphics/battle_anims/sprites/small_red_eye.4bpp.lz
tools/gbagfx/gbagfx graphics/battle_anims/sprites/small_red_eye.gbapal graphics/battle_anims/sprites/small_red_eye.gbapal.lz
tools/gbagfx/gbagfx graphics/battle_anims/sprites/smellingsalt_effect.4bpp graphics/battle_anims/sprites/smellingsalt_effect.4bpp.lz
tools/gbagfx/gbagfx graphics/battle_anims/sprites/smellingsalt_effect.gbapal graphics/battle_anims/sprites/smellingsalt_effect.gbapal.lz
tools/gbagfx/gbagfx graphics/battle_anims/sprites/smoke.4bpp graphics/battle_anims/sprites/smoke.4bpp.lz
tools/gbagfx/gbagfx graphics/battle_anims/sprites/smoke.gbapal graphics/battle_anims/sprites/smoke.gbapal.lz
tools/gbagfx/gbagfx graphics/battle_anims/sprites/smoke_2.4bpp graphics/battle_anims/sprites/smoke_2.4bpp.lz
tools/gbagfx/gbagfx graphics/battle_anims/sprites/smokescreen_impact.4bpp graphics/battle_anims/sprites/smokescreen_impact.4bpp.lz
tools/gbagfx/gbagfx graphics/battle_anims/sprites/smokescreen_impact.gbapal graphics/battle_anims/sprites/smokescreen_impact.gbapal.lz
tools/gbagfx/gbagfx graphics/battle_anims/sprites/snore_z.4bpp graphics/battle_anims/sprites/snore_z.4bpp.lz
tools/gbagfx/gbagfx graphics/battle_anims/sprites/snore_z.gbapal graphics/battle_anims/sprites/snore_z.gbapal.lz
tools/gbagfx/gbagfx graphics/battle_anims/sprites/snowball.4bpp graphics/battle_anims/sprites/snowball.4bpp.lz
tools/gbagfx/gbagfx graphics/battle_anims/sprites/snowball.gbapal graphics/battle_anims/sprites/snowball.gbapal.lz
tools/gbagfx/gbagfx graphics/battle_anims/sprites/spark.4bpp graphics/battle_anims/sprites/spark.4bpp.lz
tools/gbagfx/gbagfx graphics/battle_anims/sprites/spark.gbapal graphics/battle_anims/sprites/spark.gbapal.lz
tools/gbagfx/gbagfx graphics/battle_anims/sprites/spark_2.4bpp graphics/battle_anims/sprites/spark_2.4bpp.lz
tools/gbagfx/gbagfx graphics/battle_anims/sprites/spark_2.gbapal graphics/battle_anims/sprites/spark_2.gbapal.lz
tools/gbagfx/gbagfx graphics/battle_anims/sprites/spark_h.4bpp graphics/battle_anims/sprites/spark_h.4bpp.lz
tools/gbagfx/gbagfx graphics/battle_anims/sprites/sparkle_1.4bpp graphics/battle_anims/sprites/sparkle_1.4bpp.lz
tools/gbagfx/gbagfx graphics/battle_anims/sprites/sparkle_1.gbapal graphics/battle_anims/sprites/sparkle_1.gbapal.lz
tools/gbagfx/gbagfx graphics/battle_anims/sprites/sparkle_2.gbapal graphics/battle_anims/sprites/sparkle_2.gbapal.lz
tools/gbagfx/gbagfx graphics/battle_anims/sprites/sparkle_3.4bpp graphics/battle_anims/sprites/sparkle_3.4bpp.lz
tools/gbagfx/gbagfx graphics/battle_anims/sprites/sparkle_3.gbapal graphics/battle_anims/sprites/sparkle_3.gbapal.lz
tools/gbagfx/gbagfx graphics/battle_anims/sprites/sparkle_4.4bpp graphics/battle_anims/sprites/sparkle_4.4bpp.lz
tools/gbagfx/gbagfx graphics/battle_anims/sprites/sparkle_6.4bpp graphics/battle_anims/sprites/sparkle_6.4bpp.lz
tools/gbagfx/gbagfx graphics/battle_anims/sprites/sparkle_6.gbapal graphics/battle_anims/sprites/sparkle_6.gbapal.lz
tools/gbagfx/gbagfx graphics/battle_anims/sprites/speed_dust.4bpp graphics/battle_anims/sprites/speed_dust.4bpp.lz
tools/gbagfx/gbagfx graphics/battle_anims/sprites/speed_dust.gbapal graphics/battle_anims/sprites/speed_dust.gbapal.lz
tools/gbagfx/gbagfx graphics/battle_anims/sprites/sphere_to_cube.4bpp graphics/battle_anims/sprites/sphere_to_cube.4bpp.lz
tools/gbagfx/gbagfx graphics/battle_anims/sprites/sphere_to_cube.gbapal graphics/battle_anims/sprites/sphere_to_cube.gbapal.lz
tools/gbagfx/gbagfx graphics/battle_anims/sprites/spider_web.4bpp graphics/battle_anims/sprites/spider_web.4bpp.lz
tools/gbagfx/gbagfx graphics/battle_anims/sprites/spikes.4bpp graphics/battle_anims/sprites/spikes.4bpp.lz
tools/gbagfx/gbagfx graphics/battle_anims/sprites/spikes.gbapal graphics/battle_anims/sprites/spikes.gbapal.lz
tools/gbagfx/gbagfx graphics/battle_anims/sprites/spinning_fire.4bpp graphics/battle_anims/sprites/spinning_fire.4bpp.lz
tools/gbagfx/gbagfx graphics/battle_anims/sprites/spinning_green_orbs.4bpp graphics/battle_anims/sprites/spinning_green_orbs.4bpp.lz
tools/gbagfx/gbagfx graphics/battle_anims/sprites/spinning_green_orbs.gbapal graphics/battle_anims/sprites/spinning_green_orbs.gbapal.lz
tools/gbagfx/gbagfx graphics/battle_anims/sprites/spiral.4bpp graphics/battle_anims/sprites/spiral.4bpp.lz
tools/gbagfx/gbagfx graphics/battle_anims/sprites/spiral.gbapal graphics/battle_anims/sprites/spiral.gbapal.lz
tools/gbagfx/gbagfx graphics/battle_anims/sprites/splash.4bpp graphics/battle_anims/sprites/splash.4bpp.lz
tools/gbagfx/gbagfx graphics/battle_anims/sprites/splash.gbapal graphics/battle_anims/sprites/splash.gbapal.lz
tools/gbagfx/gbagfx graphics/battle_anims/sprites/spore.4bpp graphics/battle_anims/sprites/spore.4bpp.lz
tools/gbagfx/gbagfx graphics/battle_anims/sprites/spore.gbapal graphics/battle_anims/sprites/spore.gbapal.lz
tools/gbagfx/gbagfx graphics/battle_anims/sprites/spotlight.4bpp graphics/battle_anims/sprites/spotlight.4bpp.lz
tools/gbagfx/gbagfx graphics/battle_anims/sprites/sprout.4bpp graphics/battle_anims/sprites/sprout.4bpp.lz
tools/gbagfx/gbagfx graphics/battle_anims/sprites/string.4bpp graphics/battle_anims/sprites/string.4bpp.lz
tools/gbagfx/gbagfx graphics/battle_anims/sprites/string.gbapal graphics/battle_anims/sprites/string.gbapal.lz
tools/gbagfx/gbagfx graphics/battle_anims/sprites/string_2.4bpp graphics/battle_anims/sprites/string_2.4bpp.lz
tools/gbagfx/gbagfx graphics/battle_anims/sprites/string_2.gbapal graphics/battle_anims/sprites/string_2.gbapal.lz
tools/gbagfx/gbagfx graphics/battle_anims/sprites/stun_spore.gbapal graphics/battle_anims/sprites/stun_spore.gbapal.lz
tools/gbagfx/gbagfx graphics/battle_anims/sprites/substitute.4bpp graphics/battle_anims/sprites/substitute.4bpp.lz
tools/gbagfx/gbagfx graphics/battle_anims/sprites/substitute.gbapal graphics/battle_anims/sprites/substitute.gbapal.lz
tools/gbagfx/gbagfx graphics/battle_anims/sprites/sunlight.4bpp graphics/battle_anims/sprites/sunlight.4bpp.lz
tools/gbagfx/gbagfx graphics/battle_anims/sprites/sunlight.gbapal graphics/battle_anims/sprites/sunlight.gbapal.lz
tools/gbagfx/gbagfx graphics/battle_anims/sprites/sweat_bead.4bpp graphics/battle_anims/sprites/sweat_bead.4bpp.lz
tools/gbagfx/gbagfx graphics/battle_anims/sprites/sweat_drop.4bpp graphics/battle_anims/sprites/sweat_drop.4bpp.lz
tools/gbagfx/gbagfx graphics/battle_anims/sprites/sweat_drop.gbapal graphics/battle_anims/sprites/sweat_drop.gbapal.lz
tools/gbagfx/gbagfx graphics/battle_anims/sprites/swipe.4bpp graphics/battle_anims/sprites/swipe.4bpp.lz
tools/gbagfx/gbagfx graphics/battle_anims/sprites/swipe.gbapal graphics/battle_anims/sprites/swipe.gbapal.lz
tools/gbagfx/gbagfx graphics/battle_anims/sprites/sword.4bpp graphics/battle_anims/sprites/sword.4bpp.lz
tools/gbagfx/gbagfx graphics/battle_anims/sprites/sword.gbapal graphics/battle_anims/sprites/sword.gbapal.lz
tools/gbagfx/gbagfx graphics/battle_anims/sprites/sword_2.4bpp graphics/battle_anims/sprites/sword_2.4bpp.lz
tools/gbagfx/gbagfx graphics/battle_anims/sprites/sword_2.gbapal graphics/battle_anims/sprites/sword_2.gbapal.lz
tools/gbagfx/gbagfx graphics/battle_anims/sprites/tag_hand.4bpp graphics/battle_anims/sprites/tag_hand.4bpp.lz
tools/gbagfx/gbagfx graphics/battle_anims/sprites/teal_alert.4bpp graphics/battle_anims/sprites/teal_alert.4bpp.lz
tools/gbagfx/gbagfx graphics/battle_anims/sprites/teal_alert.gbapal graphics/battle_anims/sprites/teal_alert.gbapal.lz
tools/gbagfx/gbagfx graphics/battle_anims/sprites/teeth.4bpp graphics/battle_anims/sprites/teeth.4bpp.lz
tools/gbagfx/gbagfx graphics/battle_anims/sprites/teeth.gbapal graphics/battle_anims/sprites/teeth.gbapal.lz
tools/gbagfx/gbagfx graphics/battle_anims/sprites/tendrils.4bpp graphics/battle_anims/sprites/tendrils.4bpp.lz
tools/gbagfx/gbagfx graphics/battle_anims/sprites/tendrils.gbapal graphics/battle_anims/sprites/tendrils.gbapal.lz
tools/gbagfx/gbagfx graphics/battle_anims/sprites/thin_ring.4bpp graphics/battle_anims/sprites/thin_ring.4bpp.lz
tools/gbagfx/gbagfx graphics/battle_anims/sprites/thin_ring.gbapal graphics/battle_anims/sprites/thin_ring.gbapal.lz
tools/gbagfx/gbagfx graphics/battle_anims/sprites/thought_bubble.4bpp graphics/battle_anims/sprites/thought_bubble.4bpp.lz
tools/gbagfx/gbagfx graphics/battle_anims/sprites/thought_bubble.gbapal graphics/battle_anims/sprites/thought_bubble.gbapal.lz
tools/gbagfx/gbagfx graphics/battle_anims/sprites/tied_bag.4bpp graphics/battle_anims/sprites/tied_bag.4bpp.lz
tools/gbagfx/gbagfx graphics/battle_anims/sprites/tied_bag.gbapal graphics/battle_anims/sprites/tied_bag.gbapal.lz
tools/gbagfx/gbagfx graphics/battle_anims/sprites/tongue.4bpp graphics/battle_anims/sprites/tongue.4bpp.lz
tools/gbagfx/gbagfx graphics/battle_anims/sprites/tongue.gbapal graphics/battle_anims/sprites/tongue.gbapal.lz
tools/gbagfx/gbagfx graphics/battle_anims/sprites/torn_metal.4bpp graphics/battle_anims/sprites/torn_metal.4bpp.lz
tools/gbagfx/gbagfx graphics/battle_anims/sprites/toxic_bubble.4bpp graphics/battle_anims/sprites/toxic_bubble.4bpp.lz
tools/gbagfx/gbagfx graphics/battle_anims/sprites/tri_attack_triangle.4bpp graphics/battle_anims/sprites/tri_attack_triangle.4bpp.lz
tools/gbagfx/gbagfx graphics/battle_anims/sprites/tri_attack_triangle.gbapal graphics/battle_anims/sprites/tri_attack_triangle.gbapal.lz
tools/gbagfx/gbagfx graphics/battle_anims/sprites/unknown.4bpp graphics/battle_anims/sprites/unknown.4bpp.lz
tools/gbagfx/gbagfx graphics/battle_anims/sprites/unknown.gbapal graphics/battle_anims/sprites/unknown.gbapal.lz
tools/gbagfx/gbagfx graphics/battle_anims/sprites/vine.4bpp graphics/battle_anims/sprites/vine.4bpp.lz
tools/gbagfx/gbagfx graphics/battle_anims/sprites/vine.gbapal graphics/battle_anims/sprites/vine.gbapal.lz
tools/gbagfx/gbagfx graphics/battle_anims/sprites/vine_2.4bpp graphics/battle_anims/sprites/vine_2.4bpp.lz
tools/gbagfx/gbagfx graphics/battle_anims/sprites/vine_2.gbapal graphics/battle_anims/sprites/vine_2.gbapal.lz
tools/gbagfx/gbagfx graphics/battle_anims/sprites/void_lines.4bpp graphics/battle_anims/sprites/void_lines.4bpp.lz
tools/gbagfx/gbagfx graphics/battle_anims/sprites/void_lines.gbapal graphics/battle_anims/sprites/void_lines.gbapal.lz
tools/gbagfx/gbagfx graphics/battle_anims/sprites/warm_rock.4bpp graphics/battle_anims/sprites/warm_rock.4bpp.lz
tools/gbagfx/gbagfx graphics/battle_anims/sprites/warm_rock.gbapal graphics/battle_anims/sprites/warm_rock.gbapal.lz
tools/gbagfx/gbagfx graphics/battle_anims/sprites/water_column.4bpp graphics/battle_anims/sprites/water_column.4bpp.lz
tools/gbagfx/gbagfx graphics/battle_anims/sprites/water_column.gbapal graphics/battle_anims/sprites/water_column.gbapal.lz
tools/gbagfx/gbagfx graphics/battle_anims/sprites/water_droplet.4bpp graphics/battle_anims/sprites/water_droplet.4bpp.lz
tools/gbagfx/gbagfx graphics/battle_anims/sprites/water_droplet.gbapal graphics/battle_anims/sprites/water_droplet.gbapal.lz
tools/gbagfx/gbagfx graphics/battle_anims/sprites/water_droplet_2.4bpp graphics/battle_anims/sprites/water_droplet_2.4bpp.lz
tools/gbagfx/gbagfx graphics/battle_anims/sprites/water_impact.4bpp graphics/battle_anims/sprites/water_impact.4bpp.lz
tools/gbagfx/gbagfx graphics/battle_anims/sprites/water_impact.gbapal graphics/battle_anims/sprites/water_impact.gbapal.lz
tools/gbagfx/gbagfx graphics/battle_anims/sprites/water_orb.4bpp graphics/battle_anims/sprites/water_orb.4bpp.lz
tools/gbagfx/gbagfx graphics/battle_anims/sprites/waving_hand.4bpp graphics/battle_anims/sprites/waving_hand.4bpp.lz
tools/gbagfx/gbagfx graphics/battle_anims/sprites/waving_hand.gbapal graphics/battle_anims/sprites/waving_hand.gbapal.lz
tools/gbagfx/gbagfx graphics/battle_anims/sprites/weather_ball.4bpp graphics/battle_anims/sprites/weather_ball.4bpp.lz
tools/gbagfx/gbagfx graphics/battle_anims/sprites/weather_ball.gbapal graphics/battle_anims/sprites/weather_ball.gbapal.lz
tools/gbagfx/gbagfx graphics/battle_anims/sprites/web.4bpp graphics/battle_anims/sprites/web.4bpp.lz
tools/gbagfx/gbagfx graphics/battle_anims/sprites/web_thread.4bpp graphics/battle_anims/sprites/web_thread.4bpp.lz
tools/gbagfx/gbagfx graphics/battle_anims/sprites/whip_hit.gbapal graphics/battle_anims/sprites/whip_hit.gbapal.lz
tools/gbagfx/gbagfx graphics/battle_anims/sprites/whirlwind.4bpp graphics/battle_anims/sprites/whirlwind.4bpp.lz
tools/gbagfx/gbagfx graphics/battle_anims/sprites/whirlwind.gbapal graphics/battle_anims/sprites/whirlwind.gbapal.lz
tools/gbagfx/gbagfx graphics/battle_anims/sprites/whirlwind_2.4bpp graphics/battle_anims/sprites/whirlwind_2.4bpp.lz
tools/gbagfx/gbagfx graphics/battle_anims/sprites/whirlwind_lines.4bpp graphics/battle_anims/sprites/whirlwind_lines.4bpp.lz
tools/gbagfx/gbagfx graphics/battle_anims/sprites/whirlwind_lines.gbapal graphics/battle_anims/sprites/whirlwind_lines.gbapal.lz
tools/gbagfx/gbagfx graphics/battle_anims/sprites/white_bag.4bpp graphics/battle_anims/sprites/white_bag.4bpp.lz
tools/gbagfx/gbagfx graphics/battle_anims/sprites/white_bag.gbapal graphics/battle_anims/sprites/white_bag.gbapal.lz
tools/gbagfx/gbagfx graphics/battle_anims/sprites/white_circle_of_light.gbapal graphics/battle_anims/sprites/white_circle_of_light.gbapal.lz
tools/gbagfx/gbagfx graphics/battle_anims/sprites/white_feather.4bpp graphics/battle_anims/sprites/white_feather.4bpp.lz
tools/gbagfx/gbagfx graphics/battle_anims/sprites/white_feather.gbapal graphics/battle_anims/sprites/white_feather.gbapal.lz
tools/gbagfx/gbagfx graphics/battle_anims/sprites/white_shadow.4bpp graphics/battle_anims/sprites/white_shadow.4bpp.lz
tools/gbagfx/gbagfx graphics/battle_anims/sprites/white_shadow.gbapal graphics/battle_anims/sprites/white_shadow.gbapal.lz
tools/gbagfx/gbagfx graphics/battle_anims/sprites/wisp_fire.4bpp graphics/battle_anims/sprites/wisp_fire.4bpp.lz
tools/gbagfx/gbagfx graphics/battle_anims/sprites/wisp_orb.4bpp graphics/battle_anims/sprites/wisp_orb.4bpp.lz
tools/gbagfx/gbagfx graphics/battle_anims/sprites/wisp_orb.gbapal graphics/battle_anims/sprites/wisp_orb.gbapal.lz
tools/gbagfx/gbagfx graphics/battle_anims/sprites/x_sign.4bpp graphics/battle_anims/sprites/x_sign.4bpp.lz
tools/gbagfx/gbagfx graphics/battle_anims/sprites/yellow_ball.4bpp graphics/battle_anims/sprites/yellow_ball.4bpp.lz
tools/gbagfx/gbagfx graphics/battle_anims/sprites/yellow_ball.gbapal graphics/battle_anims/sprites/yellow_ball.gbapal.lz
tools/gbagfx/gbagfx graphics/battle_anims/sprites/yellow_star.4bpp graphics/battle_anims/sprites/yellow_star.4bpp.lz
tools/gbagfx/gbagfx graphics/battle_anims/sprites/yellow_star.gbapal graphics/battle_anims/sprites/yellow_star.gbapal.lz
tools/gbagfx/gbagfx graphics/battle_anims/sprites/yellow_unk.4bpp graphics/battle_anims/sprites/yellow_unk.4bpp.lz
tools/gbagfx/gbagfx graphics/battle_anims/sprites/yellow_unk.gbapal graphics/battle_anims/sprites/yellow_unk.gbapal.lz
tools/gbagfx/gbagfx graphics/battle_anims/sprites/yellow_unk_2.4bpp graphics/battle_anims/sprites/yellow_unk_2.4bpp.lz
tools/gbagfx/gbagfx graphics/battle_anims/sprites/yellow_unk_2.gbapal graphics/battle_anims/sprites/yellow_unk_2.gbapal.lz
tools/gbagfx/gbagfx graphics/battle_anims/sprites/z.4bpp graphics/battle_anims/sprites/z.4bpp.lz
tools/gbagfx/gbagfx graphics/battle_anims/sprites/z.gbapal graphics/battle_anims/sprites/z.gbapal.lz
tools/gbagfx/gbagfx graphics/battle_anims/unused/lights.4bpp graphics/battle_anims/unused/lights.4bpp.lz
tools/gbagfx/gbagfx graphics/battle_anims/unused/lights.gbapal graphics/battle_anims/unused/lights.gbapal.lz
tools/gbagfx/gbagfx graphics/battle_anims/unused/line_sketch_2.8bpp graphics/battle_anims/unused/line_sketch_2.8bpp.lz
tools/gbagfx/gbagfx graphics/battle_anims/unused/line_sketch_2.gbapal graphics/battle_anims/unused/line_sketch_2.gbapal.lz
tools/gbagfx/gbagfx graphics/battle_anims/unused/spinning_ball.4bpp graphics/battle_anims/unused/spinning_ball.4bpp.lz
tools/gbagfx/gbagfx graphics/battle_anims/unused/spinning_ball.gbapal graphics/battle_anims/unused/spinning_ball.gbapal.lz
tools/gbagfx/gbagfx graphics/battle_anims/unused/spinning_ball_2.gbapal graphics/battle_anims/unused/spinning_ball_2.gbapal.lz
tools/gbagfx/gbagfx graphics/battle_interface/enemy_mon_shadow.4bpp graphics/battle_interface/enemy_mon_shadow.4bpp.lz
tools/gbagfx/gbagfx graphics/battle_interface/healthbox_doubles_opponent.4bpp graphics/battle_interface/healthbox_doubles_opponent.4bpp.lz
tools/gbagfx/gbagfx graphics/battle_interface/healthbox_doubles_player.4bpp graphics/battle_interface/healthbox_doubles_player.4bpp.lz
tools/gbagfx/gbagfx graphics/battle_interface/healthbox_safari.4bpp graphics/battle_interface/healthbox_safari.4bpp.lz
tools/gbagfx/gbagfx graphics/battle_interface/healthbox_singles_opponent.4bpp graphics/battle_interface/healthbox_singles_opponent.4bpp.lz
tools/gbagfx/gbagfx graphics/battle_interface/healthbox_singles_player.4bpp graphics/battle_interface/healthbox_singles_player.4bpp.lz
tools/gbagfx/gbagfx graphics/battle_interface/party_summary_bar.4bpp graphics/battle_interface/party_summary_bar.4bpp.lz
tools/gbagfx/gbagfx graphics/battle_interface/textbox.4bpp graphics/battle_interface/textbox.4bpp.lz
cat graphics/battle_interface/textbox1.gbapal graphics/battle_interface/textbox2.gbapal > graphics/battle_interface/textbox.gbapal
tools/gbagfx/gbagfx graphics/battle_interface/textbox.gbapal graphics/battle_interface/textbox.gbapal.lz
tools/gbagfx/gbagfx graphics/battle_interface/unused_window.4bpp graphics/battle_interface/unused_window.4bpp.lz
tools/gbagfx/gbagfx graphics/battle_interface/unused_window.gbapal graphics/battle_interface/unused_window.gbapal.lz
tools/gbagfx/gbagfx graphics/battle_interface/unused_window2.4bpp graphics/battle_interface/unused_window2.4bpp.lz
tools/gbagfx/gbagfx graphics/battle_interface/unused_window2bar.4bpp graphics/battle_interface/unused_window2bar.4bpp.lz
tools/gbagfx/gbagfx graphics/battle_interface/unused_window3.4bpp graphics/battle_interface/unused_window3.4bpp.lz
tools/gbagfx/gbagfx graphics/battle_interface/unused_window4.4bpp graphics/battle_interface/unused_window4.4bpp.lz
tools/gbagfx/gbagfx graphics/battle_terrain/unused/building/anim_tiles.4bpp graphics/battle_terrain/unused/building/anim_tiles.4bpp.lz
tools/gbagfx/gbagfx graphics/battle_terrain/unused/building/palette.gbapal graphics/battle_terrain/unused/building/palette.gbapal.lz
tools/gbagfx/gbagfx graphics/battle_terrain/unused/building/palette2.gbapal graphics/battle_terrain/unused/building/palette2.gbapal.lz
tools/gbagfx/gbagfx graphics/battle_terrain/unused/building/palette3.gbapal graphics/battle_terrain/unused/building/palette3.gbapal.lz
tools/gbagfx/gbagfx graphics/battle_terrain/unused/building/tiles.4bpp graphics/battle_terrain/unused/building/tiles.4bpp.lz
tools/gbagfx/gbagfx graphics/battle_terrain/unused/groudon.gbapal graphics/battle_terrain/unused/groudon.gbapal.lz
tools/gbagfx/gbagfx graphics/battle_terrain/unused/kyogre.gbapal graphics/battle_terrain/unused/kyogre.gbapal.lz
tools/gbagfx/gbagfx graphics/battle_terrain/unused/plain.gbapal graphics/battle_terrain/unused/plain.gbapal.lz
tools/gbagfx/gbagfx graphics/battle_terrain/unused/stadium/battle_frontier.gbapal graphics/battle_terrain/unused/stadium/battle_frontier.gbapal.lz
tools/gbagfx/gbagfx graphics/battle_terrain/unused/stadium/palette1.gbapal graphics/battle_terrain/unused/stadium/palette1.gbapal.lz
tools/gbagfx/gbagfx graphics/battle_terrain/unused/stadium/palette2.gbapal graphics/battle_terrain/unused/stadium/palette2.gbapal.lz
tools/gbagfx/gbagfx graphics/battle_terrain/unused/stadium/palette3.gbapal graphics/battle_terrain/unused/stadium/palette3.gbapal.lz
tools/gbagfx/gbagfx graphics/battle_terrain/unused/stadium/palette4.gbapal graphics/battle_terrain/unused/stadium/palette4.gbapal.lz
tools/gbagfx/gbagfx graphics/battle_terrain/unused/stadium/palette5.gbapal graphics/battle_terrain/unused/stadium/palette5.gbapal.lz
tools/gbagfx/gbagfx graphics/battle_terrain/unused/stadium/palette6.gbapal graphics/battle_terrain/unused/stadium/palette6.gbapal.lz
tools/gbagfx/gbagfx graphics/battle_terrain/unused/stadium/palette7.gbapal graphics/battle_terrain/unused/stadium/palette7.gbapal.lz
tools/gbagfx/gbagfx graphics/battle_terrain/unused/stadium/tiles.4bpp graphics/battle_terrain/unused/stadium/tiles.4bpp.lz
tools/gbagfx/gbagfx graphics/battle_transitions/vs.4bpp graphics/battle_transitions/vs.4bpp.lz
tools/gbagfx/gbagfx graphics/battle_transitions/vs_frame.4bpp graphics/battle_transitions/vs_frame.4bpp.lz
tools/gbagfx/gbagfx graphics/battle_transitions/vs_frame.gbapal graphics/battle_transitions/vs_frame.gbapal.lz
tools/gbagfx/gbagfx graphics/berry_blender/center.8bpp graphics/berry_blender/center.8bpp.lz
tools/gbagfx/gbagfx graphics/berry_blender/outer.4bpp graphics/berry_blender/outer.4bpp.lz
tools/gbagfx/gbagfx graphics/berry_crush/crusher.4bpp graphics/berry_crush/crusher.4bpp.lz
tools/gbagfx/gbagfx graphics/berry_pouch/background.4bpp graphics/berry_pouch/background.4bpp.lz
tools/gbagfx/gbagfx graphics/berry_pouch/background.gbapal graphics/berry_pouch/background.gbapal.lz
tools/gbagfx/gbagfx graphics/berry_pouch/background_female.gbapal graphics/berry_pouch/background_female.gbapal.lz
tools/gbagfx/gbagfx graphics/berry_pouch/berry_pouch.4bpp graphics/berry_pouch/berry_pouch.4bpp.lz
tools/gbagfx/gbagfx graphics/berry_pouch/berry_pouch.gbapal graphics/berry_pouch/berry_pouch.gbapal.lz
tools/gbagfx/gbagfx graphics/contest/applause.4bpp graphics/contest/applause.4bpp.lz
tools/gbagfx/gbagfx graphics/contest/audience.4bpp graphics/contest/audience.4bpp.lz
tools/gbagfx/gbagfx graphics/contest/faces.4bpp graphics/contest/faces.4bpp.lz
tools/gbagfx/gbagfx graphics/contest/interface.4bpp graphics/contest/interface.4bpp.lz
tools/gbagfx/gbagfx graphics/contest/interface.gbapal graphics/contest/interface.gbapal.lz
tools/gbagfx/gbagfx graphics/contest/japanese/composite_1.4bpp graphics/contest/japanese/composite_1.4bpp.lz
tools/gbagfx/gbagfx graphics/contest/japanese/composite_2.4bpp graphics/contest/japanese/composite_2.4bpp.lz
tools/gbagfx/gbagfx graphics/contest/japanese/numbers.4bpp graphics/contest/japanese/numbers.4bpp.lz
tools/gbagfx/gbagfx graphics/contest/japanese/numbers.gbapal graphics/contest/japanese/numbers.gbapal.lz
tools/gbagfx/gbagfx graphics/contest/japanese/palette.gbapal graphics/contest/japanese/palette.gbapal.lz
tools/gbagfx/gbagfx graphics/contest/japanese/results.4bpp graphics/contest/japanese/results.4bpp.lz
tools/gbagfx/gbagfx graphics/contest/japanese/voltage.4bpp graphics/contest/japanese/voltage.4bpp.lz
tools/gbagfx/gbagfx graphics/contest/japanese/voltage.gbapal graphics/contest/japanese/voltage.gbapal.lz
tools/gbagfx/gbagfx graphics/contest/judge.4bpp graphics/contest/judge.4bpp.lz
tools/gbagfx/gbagfx graphics/contest/judge.gbapal graphics/contest/judge.gbapal.lz
tools/gbagfx/gbagfx graphics/contest/judge_symbols.4bpp graphics/contest/judge_symbols.4bpp.lz
tools/gbagfx/gbagfx graphics/contest/judge_symbols.gbapal graphics/contest/judge_symbols.gbapal.lz
tools/gbagfx/gbagfx graphics/contest/next_turn.4bpp graphics/contest/next_turn.4bpp.lz
tools/gbagfx/gbagfx graphics/contest/results.gbapal graphics/contest/results.gbapal.lz
tools/gbagfx/gbagfx graphics/credits/copyright.4bpp graphics/credits/copyright.4bpp.lz
tools/gbagfx/gbagfx graphics/credits/pokeball.4bpp graphics/credits/pokeball.4bpp.lz
tools/gbagfx/gbagfx graphics/easy_chat/button_window.4bpp graphics/easy_chat/button_window.4bpp.lz
tools/gbagfx/gbagfx graphics/easy_chat/mode.4bpp graphics/easy_chat/mode.4bpp.lz
tools/gbagfx/gbagfx graphics/easy_chat/rectangle_cursor.4bpp graphics/easy_chat/rectangle_cursor.4bpp.lz
tools/gbagfx/gbagfx graphics/easy_chat/window.4bpp graphics/easy_chat/window.4bpp.lz
tools/gbagfx/gbagfx graphics/interface/bag.gbapal graphics/interface/bag.gbapal.lz
tools/gbagfx/gbagfx graphics/interface/bag_female.4bpp graphics/interface/bag_female.4bpp.lz
tools/gbagfx/gbagfx graphics/interface/bag_male.4bpp graphics/interface/bag_male.4bpp.lz
tools/gbagfx/gbagfx graphics/interface/bag_swap.4bpp graphics/interface/bag_swap.4bpp.lz
tools/gbagfx/gbagfx graphics/interface/bag_swap.gbapal graphics/interface/bag_swap.gbapal.lz
tools/gbagfx/gbagfx graphics/interface/ball/dive.4bpp graphics/interface/ball/dive.4bpp.lz
tools/gbagfx/gbagfx graphics/interface/ball/dive.gbapal graphics/interface/ball/dive.gbapal.lz
tools/gbagfx/gbagfx graphics/interface/ball/great.4bpp graphics/interface/ball/great.4bpp.lz
tools/gbagfx/gbagfx graphics/interface/ball/great.gbapal graphics/interface/ball/great.gbapal.lz
tools/gbagfx/gbagfx graphics/interface/ball/luxury.4bpp graphics/interface/ball/luxury.4bpp.lz
tools/gbagfx/gbagfx graphics/interface/ball/luxury.gbapal graphics/interface/ball/luxury.gbapal.lz
tools/gbagfx/gbagfx graphics/interface/ball/master.4bpp graphics/interface/ball/master.4bpp.lz
tools/gbagfx/gbagfx graphics/interface/ball/master.gbapal graphics/interface/ball/master.gbapal.lz
tools/gbagfx/gbagfx graphics/interface/ball/nest.4bpp graphics/interface/ball/nest.4bpp.lz
tools/gbagfx/gbagfx graphics/interface/ball/nest.gbapal graphics/interface/ball/nest.gbapal.lz
tools/gbagfx/gbagfx graphics/interface/ball/net.4bpp graphics/interface/ball/net.4bpp.lz
tools/gbagfx/gbagfx graphics/interface/ball/net.gbapal graphics/interface/ball/net.gbapal.lz
tools/gbagfx/gbagfx graphics/interface/ball/poke.4bpp graphics/interface/ball/poke.4bpp.lz
tools/gbagfx/gbagfx graphics/interface/ball/poke.gbapal graphics/interface/ball/poke.gbapal.lz
tools/gbagfx/gbagfx graphics/interface/ball/premier.4bpp graphics/interface/ball/premier.4bpp.lz
tools/gbagfx/gbagfx graphics/interface/ball/premier.gbapal graphics/interface/ball/premier.gbapal.lz
tools/gbagfx/gbagfx graphics/interface/ball/repeat.4bpp graphics/interface/ball/repeat.4bpp.lz
tools/gbagfx/gbagfx graphics/interface/ball/repeat.gbapal graphics/interface/ball/repeat.gbapal.lz
tools/gbagfx/gbagfx graphics/interface/ball/safari.4bpp graphics/interface/ball/safari.4bpp.lz
tools/gbagfx/gbagfx graphics/interface/ball/safari.gbapal graphics/interface/ball/safari.gbapal.lz
tools/gbagfx/gbagfx graphics/interface/ball/timer.4bpp graphics/interface/ball/timer.4bpp.lz
tools/gbagfx/gbagfx graphics/interface/ball/timer.gbapal graphics/interface/ball/timer.gbapal.lz
tools/gbagfx/gbagfx graphics/interface/ball/ultra.4bpp graphics/interface/ball/ultra.4bpp.lz
tools/gbagfx/gbagfx graphics/interface/ball/ultra.gbapal graphics/interface/ball/ultra.gbapal.lz
tools/gbagfx/gbagfx graphics/interface/ball_open.4bpp graphics/interface/ball_open.4bpp.lz
tools/gbagfx/gbagfx graphics/interface/blank.4bpp graphics/interface/blank.4bpp.lz
tools/gbagfx/gbagfx graphics/interface/hp_numbers.4bpp graphics/interface/hp_numbers.4bpp.lz
tools/gbagfx/gbagfx graphics/interface/hpbar_unused.4bpp graphics/interface/hpbar_unused.4bpp.lz
tools/gbagfx/gbagfx graphics/interface/learn_move.4bpp graphics/interface/learn_move.4bpp.lz
tools/gbagfx/gbagfx graphics/interface/status_icons.4bpp graphics/interface/status_icons.4bpp.lz
tools/gbagfx/gbagfx graphics/interface/status_icons.gbapal graphics/interface/status_icons.gbapal.lz
tools/gbagfx/gbagfx graphics/intro/copyright.4bpp graphics/intro/copyright.4bpp.lz
tools/gbagfx/gbagfx graphics/item_menu/bg.4bpp graphics/item_menu/bg.4bpp.lz
tools/gbagfx/gbagfx graphics/item_menu/bg.gbapal graphics/item_menu/bg.gbapal.lz
tools/gbagfx/gbagfx graphics/item_menu/bg_female.gbapal graphics/item_menu/bg_female.gbapal.lz
tools/gbagfx/gbagfx graphics/item_pc/bg.4bpp graphics/item_pc/bg.4bpp.lz
tools/gbagfx/gbagfx graphics/item_pc/bg.gbapal graphics/item_pc/bg.gbapal.lz
tools/gbagfx/gbagfx graphics/items/icon_palettes/acro_bike.gbapal graphics/items/icon_palettes/acro_bike.gbapal.lz
tools/gbagfx/gbagfx graphics/items/icon_palettes/aguav_berry.gbapal graphics/items/icon_palettes/aguav_berry.gbapal.lz
tools/gbagfx/gbagfx graphics/items/icon_palettes/amulet_coin.gbapal graphics/items/icon_palettes/amulet_coin.gbapal.lz
tools/gbagfx/gbagfx graphics/items/icon_palettes/antidote.gbapal graphics/items/icon_palettes/antidote.gbapal.lz
tools/gbagfx/gbagfx graphics/items/icon_palettes/apicot_berry.gbapal graphics/items/icon_palettes/apicot_berry.gbapal.lz
tools/gbagfx/gbagfx graphics/items/icon_palettes/aspear_berry.gbapal graphics/items/icon_palettes/aspear_berry.gbapal.lz
tools/gbagfx/gbagfx graphics/items/icon_palettes/aurora_ticket.gbapal graphics/items/icon_palettes/aurora_ticket.gbapal.lz
tools/gbagfx/gbagfx graphics/items/icon_palettes/awakening.gbapal graphics/items/icon_palettes/awakening.gbapal.lz
tools/gbagfx/gbagfx graphics/items/icon_palettes/bead_mail.gbapal graphics/items/icon_palettes/bead_mail.gbapal.lz
tools/gbagfx/gbagfx graphics/items/icon_palettes/belue_berry.gbapal graphics/items/icon_palettes/belue_berry.gbapal.lz
tools/gbagfx/gbagfx graphics/items/icon_palettes/berry_juice.gbapal graphics/items/icon_palettes/berry_juice.gbapal.lz
tools/gbagfx/gbagfx graphics/items/icon_palettes/berry_pouch.gbapal graphics/items/icon_palettes/berry_pouch.gbapal.lz
tools/gbagfx/gbagfx graphics/items/icon_palettes/bicycle.gbapal graphics/items/icon_palettes/bicycle.gbapal.lz
tools/gbagfx/gbagfx graphics/items/icon_palettes/bike_voucher.gbapal graphics/items/icon_palettes/bike_voucher.gbapal.lz
tools/gbagfx/gbagfx graphics/items/icon_palettes/black_flute.gbapal graphics/items/icon_palettes/black_flute.gbapal.lz
tools/gbagfx/gbagfx graphics/items/icon_palettes/black_type_enhancing_item.gbapal graphics/items/icon_palettes/black_type_enhancing_item.gbapal.lz
tools/gbagfx/gbagfx graphics/items/icon_palettes/blue_flute.gbapal graphics/items/icon_palettes/blue_flute.gbapal.lz
tools/gbagfx/gbagfx graphics/items/icon_palettes/blue_orb.gbapal graphics/items/icon_palettes/blue_orb.gbapal.lz
tools/gbagfx/gbagfx graphics/items/icon_palettes/blue_scarf.gbapal graphics/items/icon_palettes/blue_scarf.gbapal.lz
tools/gbagfx/gbagfx graphics/items/icon_palettes/blue_shard.gbapal graphics/items/icon_palettes/blue_shard.gbapal.lz
tools/gbagfx/gbagfx graphics/items/icon_palettes/bluk_berry.gbapal graphics/items/icon_palettes/bluk_berry.gbapal.lz
tools/gbagfx/gbagfx graphics/items/icon_palettes/bright_powder.gbapal graphics/items/icon_palettes/bright_powder.gbapal.lz
tools/gbagfx/gbagfx graphics/items/icon_palettes/burn_heal.gbapal graphics/items/icon_palettes/burn_heal.gbapal.lz
tools/gbagfx/gbagfx graphics/items/icon_palettes/calcium.gbapal graphics/items/icon_palettes/calcium.gbapal.lz
tools/gbagfx/gbagfx graphics/items/icon_palettes/carbos.gbapal graphics/items/icon_palettes/carbos.gbapal.lz
tools/gbagfx/gbagfx graphics/items/icon_palettes/card_key.gbapal graphics/items/icon_palettes/card_key.gbapal.lz
tools/gbagfx/gbagfx graphics/items/icon_palettes/charcoal.gbapal graphics/items/icon_palettes/charcoal.gbapal.lz
tools/gbagfx/gbagfx graphics/items/icon_palettes/cheri_berry.gbapal graphics/items/icon_palettes/cheri_berry.gbapal.lz
tools/gbagfx/gbagfx graphics/items/icon_palettes/chesto_berry.gbapal graphics/items/icon_palettes/chesto_berry.gbapal.lz
tools/gbagfx/gbagfx graphics/items/icon_palettes/choice_band.gbapal graphics/items/icon_palettes/choice_band.gbapal.lz
tools/gbagfx/gbagfx graphics/items/icon_palettes/cleanse_tag.gbapal graphics/items/icon_palettes/cleanse_tag.gbapal.lz
tools/gbagfx/gbagfx graphics/items/icon_palettes/coin_case.gbapal graphics/items/icon_palettes/coin_case.gbapal.lz
tools/gbagfx/gbagfx graphics/items/icon_palettes/contest_pass.gbapal graphics/items/icon_palettes/contest_pass.gbapal.lz
tools/gbagfx/gbagfx graphics/items/icon_palettes/cornn_berry.gbapal graphics/items/icon_palettes/cornn_berry.gbapal.lz
tools/gbagfx/gbagfx graphics/items/icon_palettes/dark_tm_hm.gbapal graphics/items/icon_palettes/dark_tm_hm.gbapal.lz
tools/gbagfx/gbagfx graphics/items/icon_palettes/dawn_stone.gbapal graphics/items/icon_palettes/dawn_stone.gbapal.lz
tools/gbagfx/gbagfx graphics/items/icon_palettes/deep_sea_scale.gbapal graphics/items/icon_palettes/deep_sea_scale.gbapal.lz
tools/gbagfx/gbagfx graphics/items/icon_palettes/deep_sea_tooth.gbapal graphics/items/icon_palettes/deep_sea_tooth.gbapal.lz
tools/gbagfx/gbagfx graphics/items/icon_palettes/devon_goods.gbapal graphics/items/icon_palettes/devon_goods.gbapal.lz
tools/gbagfx/gbagfx graphics/items/icon_palettes/devon_scope.gbapal graphics/items/icon_palettes/devon_scope.gbapal.lz
tools/gbagfx/gbagfx graphics/items/icon_palettes/dire_hit.gbapal graphics/items/icon_palettes/dire_hit.gbapal.lz
tools/gbagfx/gbagfx graphics/items/icon_palettes/dive_ball.gbapal graphics/items/icon_palettes/dive_ball.gbapal.lz
tools/gbagfx/gbagfx graphics/items/icon_palettes/dragon_fang.gbapal graphics/items/icon_palettes/dragon_fang.gbapal.lz
tools/gbagfx/gbagfx graphics/items/icon_palettes/dragon_scale.gbapal graphics/items/icon_palettes/dragon_scale.gbapal.lz
tools/gbagfx/gbagfx graphics/items/icon_palettes/dragon_tm_hm.gbapal graphics/items/icon_palettes/dragon_tm_hm.gbapal.lz
tools/gbagfx/gbagfx graphics/items/icon_palettes/dream_mail.gbapal graphics/items/icon_palettes/dream_mail.gbapal.lz
tools/gbagfx/gbagfx graphics/items/icon_palettes/dubious_disc.gbapal graphics/items/icon_palettes/dubious_disc.gbapal.lz
tools/gbagfx/gbagfx graphics/items/icon_palettes/durin_berry.gbapal graphics/items/icon_palettes/durin_berry.gbapal.lz
tools/gbagfx/gbagfx graphics/items/icon_palettes/dusk_stone.gbapal graphics/items/icon_palettes/dusk_stone.gbapal.lz
tools/gbagfx/gbagfx graphics/items/icon_palettes/electric_tm_hm.gbapal graphics/items/icon_palettes/electric_tm_hm.gbapal.lz
tools/gbagfx/gbagfx graphics/items/icon_palettes/elixir.gbapal graphics/items/icon_palettes/elixir.gbapal.lz
tools/gbagfx/gbagfx graphics/items/icon_palettes/energy_powder.gbapal graphics/items/icon_palettes/energy_powder.gbapal.lz
tools/gbagfx/gbagfx graphics/items/icon_palettes/energy_root.gbapal graphics/items/icon_palettes/energy_root.gbapal.lz
tools/gbagfx/gbagfx graphics/items/icon_palettes/enigma_berry.gbapal graphics/items/icon_palettes/enigma_berry.gbapal.lz
tools/gbagfx/gbagfx graphics/items/icon_palettes/eon_ticket.gbapal graphics/items/icon_palettes/eon_ticket.gbapal.lz
tools/gbagfx/gbagfx graphics/items/icon_palettes/escape_rope.gbapal graphics/items/icon_palettes/escape_rope.gbapal.lz
tools/gbagfx/gbagfx graphics/items/icon_palettes/ether.gbapal graphics/items/icon_palettes/ether.gbapal.lz
tools/gbagfx/gbagfx graphics/items/icon_palettes/everstone.gbapal graphics/items/icon_palettes/everstone.gbapal.lz
tools/gbagfx/gbagfx graphics/items/icon_palettes/exp_share.gbapal graphics/items/icon_palettes/exp_share.gbapal.lz
tools/gbagfx/gbagfx graphics/items/icon_palettes/fab_mail.gbapal graphics/items/icon_palettes/fab_mail.gbapal.lz
tools/gbagfx/gbagfx graphics/items/icon_palettes/fairy_feather.gbapal graphics/items/icon_palettes/fairy_feather.gbapal.lz
tools/gbagfx/gbagfx graphics/items/icon_palettes/fame_checker.gbapal graphics/items/icon_palettes/fame_checker.gbapal.lz
tools/gbagfx/gbagfx graphics/items/icon_palettes/fighting_tm_hm.gbapal graphics/items/icon_palettes/fighting_tm_hm.gbapal.lz
tools/gbagfx/gbagfx graphics/items/icon_palettes/figy_berry.gbapal graphics/items/icon_palettes/figy_berry.gbapal.lz
tools/gbagfx/gbagfx graphics/items/icon_palettes/fire_stone.gbapal graphics/items/icon_palettes/fire_stone.gbapal.lz
tools/gbagfx/gbagfx graphics/items/icon_palettes/fire_tm_hm.gbapal graphics/items/icon_palettes/fire_tm_hm.gbapal.lz
tools/gbagfx/gbagfx graphics/items/icon_palettes/fluffy_tail.gbapal graphics/items/icon_palettes/fluffy_tail.gbapal.lz
tools/gbagfx/gbagfx graphics/items/icon_palettes/flying_tm_hm.gbapal graphics/items/icon_palettes/flying_tm_hm.gbapal.lz
tools/gbagfx/gbagfx graphics/items/icon_palettes/focus_band.gbapal graphics/items/icon_palettes/focus_band.gbapal.lz
tools/gbagfx/gbagfx graphics/items/icon_palettes/fresh_water.gbapal graphics/items/icon_palettes/fresh_water.gbapal.lz
tools/gbagfx/gbagfx graphics/items/icon_palettes/full_heal.gbapal graphics/items/icon_palettes/full_heal.gbapal.lz
tools/gbagfx/gbagfx graphics/items/icon_palettes/full_restore.gbapal graphics/items/icon_palettes/full_restore.gbapal.lz
tools/gbagfx/gbagfx graphics/items/icon_palettes/ganlon_berry.gbapal graphics/items/icon_palettes/ganlon_berry.gbapal.lz
tools/gbagfx/gbagfx graphics/items/icon_palettes/ghost_tm_hm.gbapal graphics/items/icon_palettes/ghost_tm_hm.gbapal.lz
tools/gbagfx/gbagfx graphics/items/icon_palettes/glitter_mail.gbapal graphics/items/icon_palettes/glitter_mail.gbapal.lz
tools/gbagfx/gbagfx graphics/items/icon_palettes/go_goggles.gbapal graphics/items/icon_palettes/go_goggles.gbapal.lz
tools/gbagfx/gbagfx graphics/items/icon_palettes/gold_teeth.gbapal graphics/items/icon_palettes/gold_teeth.gbapal.lz
tools/gbagfx/gbagfx graphics/items/icon_palettes/good_rod.gbapal graphics/items/icon_palettes/good_rod.gbapal.lz
tools/gbagfx/gbagfx graphics/items/icon_palettes/gracidea.gbapal graphics/items/icon_palettes/gracidea.gbapal.lz
tools/gbagfx/gbagfx graphics/items/icon_palettes/grass_tm_hm.gbapal graphics/items/icon_palettes/grass_tm_hm.gbapal.lz
tools/gbagfx/gbagfx graphics/items/icon_palettes/great_ball.gbapal graphics/items/icon_palettes/great_ball.gbapal.lz
tools/gbagfx/gbagfx graphics/items/icon_palettes/green_scarf.gbapal graphics/items/icon_palettes/green_scarf.gbapal.lz
tools/gbagfx/gbagfx graphics/items/icon_palettes/green_shard.gbapal graphics/items/icon_palettes/green_shard.gbapal.lz
tools/gbagfx/gbagfx graphics/items/icon_palettes/grepa_berry.gbapal graphics/items/icon_palettes/grepa_berry.gbapal.lz
tools/gbagfx/gbagfx graphics/items/icon_palettes/ground_tm_hm.gbapal graphics/items/icon_palettes/ground_tm_hm.gbapal.lz
tools/gbagfx/gbagfx graphics/items/icon_palettes/guard_spec.gbapal graphics/items/icon_palettes/guard_spec.gbapal.lz
tools/gbagfx/gbagfx graphics/items/icon_palettes/harbor_mail.gbapal graphics/items/icon_palettes/harbor_mail.gbapal.lz
tools/gbagfx/gbagfx graphics/items/icon_palettes/hard_stone.gbapal graphics/items/icon_palettes/hard_stone.gbapal.lz
tools/gbagfx/gbagfx graphics/items/icon_palettes/heal_powder.gbapal graphics/items/icon_palettes/heal_powder.gbapal.lz
tools/gbagfx/gbagfx graphics/items/icon_palettes/heart_scale.gbapal graphics/items/icon_palettes/heart_scale.gbapal.lz
tools/gbagfx/gbagfx graphics/items/icon_palettes/hoenn_fossil.gbapal graphics/items/icon_palettes/hoenn_fossil.gbapal.lz
tools/gbagfx/gbagfx graphics/items/icon_palettes/hondew_berry.gbapal graphics/items/icon_palettes/hondew_berry.gbapal.lz
tools/gbagfx/gbagfx graphics/items/icon_palettes/hp_up.gbapal graphics/items/icon_palettes/hp_up.gbapal.lz
tools/gbagfx/gbagfx graphics/items/icon_palettes/hyper_potion.gbapal graphics/items/icon_palettes/hyper_potion.gbapal.lz
tools/gbagfx/gbagfx graphics/items/icon_palettes/iapapa_berry.gbapal graphics/items/icon_palettes/iapapa_berry.gbapal.lz
tools/gbagfx/gbagfx graphics/items/icon_palettes/ice_heal.gbapal graphics/items/icon_palettes/ice_heal.gbapal.lz
tools/gbagfx/gbagfx graphics/items/icon_palettes/ice_stone.gbapal graphics/items/icon_palettes/ice_stone.gbapal.lz
tools/gbagfx/gbagfx graphics/items/icon_palettes/ice_tm_hm.gbapal graphics/items/icon_palettes/ice_tm_hm.gbapal.lz
tools/gbagfx/gbagfx graphics/items/icon_palettes/iron.gbapal graphics/items/icon_palettes/iron.gbapal.lz
tools/gbagfx/gbagfx graphics/items/icon_palettes/itemfinder.gbapal graphics/items/icon_palettes/itemfinder.gbapal.lz
tools/gbagfx/gbagfx graphics/items/icon_palettes/kanto_fossil.gbapal graphics/items/icon_palettes/kanto_fossil.gbapal.lz
tools/gbagfx/gbagfx graphics/items/icon_palettes/kelpsy_berry.gbapal graphics/items/icon_palettes/kelpsy_berry.gbapal.lz
tools/gbagfx/gbagfx graphics/items/icon_palettes/key.gbapal graphics/items/icon_palettes/key.gbapal.lz
tools/gbagfx/gbagfx graphics/items/icon_palettes/kings_rock.gbapal graphics/items/icon_palettes/kings_rock.gbapal.lz
tools/gbagfx/gbagfx graphics/items/icon_palettes/lansat_berry.gbapal graphics/items/icon_palettes/lansat_berry.gbapal.lz
tools/gbagfx/gbagfx graphics/items/icon_palettes/lava_cookie_and_letter.gbapal graphics/items/icon_palettes/lava_cookie_and_letter.gbapal.lz
tools/gbagfx/gbagfx graphics/items/icon_palettes/lax_incense.gbapal graphics/items/icon_palettes/lax_incense.gbapal.lz
tools/gbagfx/gbagfx graphics/items/icon_palettes/leaf_stone.gbapal graphics/items/icon_palettes/leaf_stone.gbapal.lz
tools/gbagfx/gbagfx graphics/items/icon_palettes/leftovers.gbapal graphics/items/icon_palettes/leftovers.gbapal.lz
tools/gbagfx/gbagfx graphics/items/icon_palettes/lemonade.gbapal graphics/items/icon_palettes/lemonade.gbapal.lz
tools/gbagfx/gbagfx graphics/items/icon_palettes/leppa_berry.gbapal graphics/items/icon_palettes/leppa_berry.gbapal.lz
tools/gbagfx/gbagfx graphics/items/icon_palettes/liechi_berry.gbapal graphics/items/icon_palettes/liechi_berry.gbapal.lz
tools/gbagfx/gbagfx graphics/items/icon_palettes/light_ball.gbapal graphics/items/icon_palettes/light_ball.gbapal.lz
tools/gbagfx/gbagfx graphics/items/icon_palettes/linking_cord.gbapal graphics/items/icon_palettes/linking_cord.gbapal.lz
tools/gbagfx/gbagfx graphics/items/icon_palettes/lucky_egg.gbapal graphics/items/icon_palettes/lucky_egg.gbapal.lz
tools/gbagfx/gbagfx graphics/items/icon_palettes/lucky_punch.gbapal graphics/items/icon_palettes/lucky_punch.gbapal.lz
tools/gbagfx/gbagfx graphics/items/icon_palettes/lum_berry.gbapal graphics/items/icon_palettes/lum_berry.gbapal.lz
tools/gbagfx/gbagfx graphics/items/icon_palettes/luxury_ball.gbapal graphics/items/icon_palettes/luxury_ball.gbapal.lz
tools/gbagfx/gbagfx graphics/items/icon_palettes/mach_bike.gbapal graphics/items/icon_palettes/mach_bike.gbapal.lz
tools/gbagfx/gbagfx graphics/items/icon_palettes/macho_brace.gbapal graphics/items/icon_palettes/macho_brace.gbapal.lz
tools/gbagfx/gbagfx graphics/items/icon_palettes/magma_emblem.gbapal graphics/items/icon_palettes/magma_emblem.gbapal.lz
tools/gbagfx/gbagfx graphics/items/icon_palettes/magnet.gbapal graphics/items/icon_palettes/magnet.gbapal.lz
tools/gbagfx/gbagfx graphics/items/icon_palettes/mago_berry.gbapal graphics/items/icon_palettes/mago_berry.gbapal.lz
tools/gbagfx/gbagfx graphics/items/icon_palettes/magost_berry.gbapal graphics/items/icon_palettes/magost_berry.gbapal.lz
tools/gbagfx/gbagfx graphics/items/icon_palettes/master_ball.gbapal graphics/items/icon_palettes/master_ball.gbapal.lz
tools/gbagfx/gbagfx graphics/items/icon_palettes/max_elixir.gbapal graphics/items/icon_palettes/max_elixir.gbapal.lz
tools/gbagfx/gbagfx graphics/items/icon_palettes/max_ether.gbapal graphics/items/icon_palettes/max_ether.gbapal.lz
tools/gbagfx/gbagfx graphics/items/icon_palettes/max_potion.gbapal graphics/items/icon_palettes/max_potion.gbapal.lz
tools/gbagfx/gbagfx graphics/items/icon_palettes/max_repel.gbapal graphics/items/icon_palettes/max_repel.gbapal.lz
tools/gbagfx/gbagfx graphics/items/icon_palettes/mech_mail.gbapal graphics/items/icon_palettes/mech_mail.gbapal.lz
tools/gbagfx/gbagfx graphics/items/icon_palettes/mental_herb.gbapal graphics/items/icon_palettes/mental_herb.gbapal.lz
tools/gbagfx/gbagfx graphics/items/icon_palettes/metal_coat.gbapal graphics/items/icon_palettes/metal_coat.gbapal.lz
tools/gbagfx/gbagfx graphics/items/icon_palettes/metal_powder.gbapal graphics/items/icon_palettes/metal_powder.gbapal.lz
tools/gbagfx/gbagfx graphics/items/icon_palettes/meteorite.gbapal graphics/items/icon_palettes/meteorite.gbapal.lz
tools/gbagfx/gbagfx graphics/items/icon_palettes/miracle_seed.gbapal graphics/items/icon_palettes/miracle_seed.gbapal.lz
tools/gbagfx/gbagfx graphics/items/icon_palettes/moomoo_milk.gbapal graphics/items/icon_palettes/moomoo_milk.gbapal.lz
tools/gbagfx/gbagfx graphics/items/icon_palettes/moon_stone.gbapal graphics/items/icon_palettes/moon_stone.gbapal.lz
tools/gbagfx/gbagfx graphics/items/icon_palettes/mushroom.gbapal graphics/items/icon_palettes/mushroom.gbapal.lz
tools/gbagfx/gbagfx graphics/items/icon_palettes/mystic_ticket.gbapal graphics/items/icon_palettes/mystic_ticket.gbapal.lz
tools/gbagfx/gbagfx graphics/items/icon_palettes/mystic_water.gbapal graphics/items/icon_palettes/mystic_water.gbapal.lz
tools/gbagfx/gbagfx graphics/items/icon_palettes/nanab_berry.gbapal graphics/items/icon_palettes/nanab_berry.gbapal.lz
tools/gbagfx/gbagfx graphics/items/icon_palettes/nest_ball.gbapal graphics/items/icon_palettes/nest_ball.gbapal.lz
tools/gbagfx/gbagfx graphics/items/icon_palettes/net_ball.gbapal graphics/items/icon_palettes/net_ball.gbapal.lz
tools/gbagfx/gbagfx graphics/items/icon_palettes/never_melt_ice.gbapal graphics/items/icon_palettes/never_melt_ice.gbapal.lz
tools/gbagfx/gbagfx graphics/items/icon_palettes/nomel_berry.gbapal graphics/items/icon_palettes/nomel_berry.gbapal.lz
tools/gbagfx/gbagfx graphics/items/icon_palettes/normal_tm_hm.gbapal graphics/items/icon_palettes/normal_tm_hm.gbapal.lz
tools/gbagfx/gbagfx graphics/items/icon_palettes/nugget.gbapal graphics/items/icon_palettes/nugget.gbapal.lz
tools/gbagfx/gbagfx graphics/items/icon_palettes/oaks_parcel.gbapal graphics/items/icon_palettes/oaks_parcel.gbapal.lz
tools/gbagfx/gbagfx graphics/items/icon_palettes/old_amber.gbapal graphics/items/icon_palettes/old_amber.gbapal.lz
tools/gbagfx/gbagfx graphics/items/icon_palettes/old_key.gbapal graphics/items/icon_palettes/old_key.gbapal.lz
tools/gbagfx/gbagfx graphics/items/icon_palettes/old_rod.gbapal graphics/items/icon_palettes/old_rod.gbapal.lz
tools/gbagfx/gbagfx graphics/items/icon_palettes/old_sea_map.gbapal graphics/items/icon_palettes/old_sea_map.gbapal.lz
tools/gbagfx/gbagfx graphics/items/icon_palettes/oran_berry.gbapal graphics/items/icon_palettes/oran_berry.gbapal.lz
tools/gbagfx/gbagfx graphics/items/icon_palettes/orange_mail.gbapal graphics/items/icon_palettes/orange_mail.gbapal.lz
tools/gbagfx/gbagfx graphics/items/icon_palettes/pamtre_berry.gbapal graphics/items/icon_palettes/pamtre_berry.gbapal.lz
tools/gbagfx/gbagfx graphics/items/icon_palettes/paralyze_heal.gbapal graphics/items/icon_palettes/paralyze_heal.gbapal.lz
tools/gbagfx/gbagfx graphics/items/icon_palettes/pearl.gbapal graphics/items/icon_palettes/pearl.gbapal.lz
tools/gbagfx/gbagfx graphics/items/icon_palettes/pecha_berry.gbapal graphics/items/icon_palettes/pecha_berry.gbapal.lz
tools/gbagfx/gbagfx graphics/items/icon_palettes/persim_berry.gbapal graphics/items/icon_palettes/persim_berry.gbapal.lz
tools/gbagfx/gbagfx graphics/items/icon_palettes/petaya_berry.gbapal graphics/items/icon_palettes/petaya_berry.gbapal.lz
tools/gbagfx/gbagfx graphics/items/icon_palettes/pinap_berry.gbapal graphics/items/icon_palettes/pinap_berry.gbapal.lz
tools/gbagfx/gbagfx graphics/items/icon_palettes/pink_scarf.gbapal graphics/items/icon_palettes/pink_scarf.gbapal.lz
tools/gbagfx/gbagfx graphics/items/icon_palettes/poison_barb.gbapal graphics/items/icon_palettes/poison_barb.gbapal.lz
tools/gbagfx/gbagfx graphics/items/icon_palettes/poison_tm_hm.gbapal graphics/items/icon_palettes/poison_tm_hm.gbapal.lz
tools/gbagfx/gbagfx graphics/items/icon_palettes/poke_ball.gbapal graphics/items/icon_palettes/poke_ball.gbapal.lz
tools/gbagfx/gbagfx graphics/items/icon_palettes/poke_doll.gbapal graphics/items/icon_palettes/poke_doll.gbapal.lz
tools/gbagfx/gbagfx graphics/items/icon_palettes/poke_flute.gbapal graphics/items/icon_palettes/poke_flute.gbapal.lz
tools/gbagfx/gbagfx graphics/items/icon_palettes/pokeblock_case.gbapal graphics/items/icon_palettes/pokeblock_case.gbapal.lz
tools/gbagfx/gbagfx graphics/items/icon_palettes/pomeg_berry.gbapal graphics/items/icon_palettes/pomeg_berry.gbapal.lz
tools/gbagfx/gbagfx graphics/items/icon_palettes/potion.gbapal graphics/items/icon_palettes/potion.gbapal.lz
tools/gbagfx/gbagfx graphics/items/icon_palettes/powder_jar.gbapal graphics/items/icon_palettes/powder_jar.gbapal.lz
tools/gbagfx/gbagfx graphics/items/icon_palettes/pp_max.gbapal graphics/items/icon_palettes/pp_max.gbapal.lz
tools/gbagfx/gbagfx graphics/items/icon_palettes/pp_up.gbapal graphics/items/icon_palettes/pp_up.gbapal.lz
tools/gbagfx/gbagfx graphics/items/icon_palettes/protein.gbapal graphics/items/icon_palettes/protein.gbapal.lz
tools/gbagfx/gbagfx graphics/items/icon_palettes/psychic_tm_hm.gbapal graphics/items/icon_palettes/psychic_tm_hm.gbapal.lz
tools/gbagfx/gbagfx graphics/items/icon_palettes/qualot_berry.gbapal graphics/items/icon_palettes/qualot_berry.gbapal.lz
tools/gbagfx/gbagfx graphics/items/icon_palettes/question_mark.gbapal graphics/items/icon_palettes/question_mark.gbapal.lz
tools/gbagfx/gbagfx graphics/items/icon_palettes/quick_claw.gbapal graphics/items/icon_palettes/quick_claw.gbapal.lz
tools/gbagfx/gbagfx graphics/items/icon_palettes/rabuta_berry.gbapal graphics/items/icon_palettes/rabuta_berry.gbapal.lz
tools/gbagfx/gbagfx graphics/items/icon_palettes/rainbow_pass.gbapal graphics/items/icon_palettes/rainbow_pass.gbapal.lz
tools/gbagfx/gbagfx graphics/items/icon_palettes/rare_candy.gbapal graphics/items/icon_palettes/rare_candy.gbapal.lz
tools/gbagfx/gbagfx graphics/items/icon_palettes/rawst_berry.gbapal graphics/items/icon_palettes/rawst_berry.gbapal.lz
tools/gbagfx/gbagfx graphics/items/icon_palettes/razor_claw.gbapal graphics/items/icon_palettes/razor_claw.gbapal.lz
tools/gbagfx/gbagfx graphics/items/icon_palettes/razor_fang.gbapal graphics/items/icon_palettes/razor_fang.gbapal.lz
tools/gbagfx/gbagfx graphics/items/icon_palettes/razz_berry.gbapal graphics/items/icon_palettes/razz_berry.gbapal.lz
tools/gbagfx/gbagfx graphics/items/icon_palettes/red_flute.gbapal graphics/items/icon_palettes/red_flute.gbapal.lz
tools/gbagfx/gbagfx graphics/items/icon_palettes/red_orb.gbapal graphics/items/icon_palettes/red_orb.gbapal.lz
tools/gbagfx/gbagfx graphics/items/icon_palettes/red_scarf.gbapal graphics/items/icon_palettes/red_scarf.gbapal.lz
tools/gbagfx/gbagfx graphics/items/icon_palettes/red_shard.gbapal graphics/items/icon_palettes/red_shard.gbapal.lz
tools/gbagfx/gbagfx graphics/items/icon_palettes/regional_mineral.gbapal graphics/items/icon_palettes/regional_mineral.gbapal.lz
tools/gbagfx/gbagfx graphics/items/icon_palettes/repeat_ball.gbapal graphics/items/icon_palettes/repeat_ball.gbapal.lz
tools/gbagfx/gbagfx graphics/items/icon_palettes/repel.gbapal graphics/items/icon_palettes/repel.gbapal.lz
tools/gbagfx/gbagfx graphics/items/icon_palettes/retro_mail.gbapal graphics/items/icon_palettes/retro_mail.gbapal.lz
tools/gbagfx/gbagfx graphics/items/icon_palettes/return_to_field_arrow.gbapal graphics/items/icon_palettes/return_to_field_arrow.gbapal.lz
tools/gbagfx/gbagfx graphics/items/icon_palettes/revival_herb.gbapal graphics/items/icon_palettes/revival_herb.gbapal.lz
tools/gbagfx/gbagfx graphics/items/icon_palettes/revive.gbapal graphics/items/icon_palettes/revive.gbapal.lz
tools/gbagfx/gbagfx graphics/items/icon_palettes/rock_tm_hm.gbapal graphics/items/icon_palettes/rock_tm_hm.gbapal.lz
tools/gbagfx/gbagfx graphics/items/icon_palettes/ruby.gbapal graphics/items/icon_palettes/ruby.gbapal.lz
tools/gbagfx/gbagfx graphics/items/icon_palettes/sacred_ash.gbapal graphics/items/icon_palettes/sacred_ash.gbapal.lz
tools/gbagfx/gbagfx graphics/items/icon_palettes/safari_ball.gbapal graphics/items/icon_palettes/safari_ball.gbapal.lz
tools/gbagfx/gbagfx graphics/items/icon_palettes/salac_berry.gbapal graphics/items/icon_palettes/salac_berry.gbapal.lz
tools/gbagfx/gbagfx graphics/items/icon_palettes/sapphire.gbapal graphics/items/icon_palettes/sapphire.gbapal.lz
tools/gbagfx/gbagfx graphics/items/icon_palettes/scanner.gbapal graphics/items/icon_palettes/scanner.gbapal.lz
tools/gbagfx/gbagfx graphics/items/icon_palettes/scope_lens.gbapal graphics/items/icon_palettes/scope_lens.gbapal.lz
tools/gbagfx/gbagfx graphics/items/icon_palettes/sea_incense.gbapal graphics/items/icon_palettes/sea_incense.gbapal.lz
tools/gbagfx/gbagfx graphics/items/icon_palettes/secret_key.gbapal graphics/items/icon_palettes/secret_key.gbapal.lz
tools/gbagfx/gbagfx graphics/items/icon_palettes/shadow_mail.gbapal graphics/items/icon_palettes/shadow_mail.gbapal.lz
tools/gbagfx/gbagfx graphics/items/icon_palettes/sharp_beak.gbapal graphics/items/icon_palettes/sharp_beak.gbapal.lz
tools/gbagfx/gbagfx graphics/items/icon_palettes/shell.gbapal graphics/items/icon_palettes/shell.gbapal.lz
tools/gbagfx/gbagfx graphics/items/icon_palettes/shiny_stone.gbapal graphics/items/icon_palettes/shiny_stone.gbapal.lz
tools/gbagfx/gbagfx graphics/items/icon_palettes/shoal_salt.gbapal graphics/items/icon_palettes/shoal_salt.gbapal.lz
tools/gbagfx/gbagfx graphics/items/icon_palettes/silk_scarf.gbapal graphics/items/icon_palettes/silk_scarf.gbapal.lz
tools/gbagfx/gbagfx graphics/items/icon_palettes/silph_scope.gbapal graphics/items/icon_palettes/silph_scope.gbapal.lz
tools/gbagfx/gbagfx graphics/items/icon_palettes/silver_powder.gbapal graphics/items/icon_palettes/silver_powder.gbapal.lz
tools/gbagfx/gbagfx graphics/items/icon_palettes/sitrus_berry.gbapal graphics/items/icon_palettes/sitrus_berry.gbapal.lz
tools/gbagfx/gbagfx graphics/items/icon_palettes/smoke_ball.gbapal graphics/items/icon_palettes/smoke_ball.gbapal.lz
tools/gbagfx/gbagfx graphics/items/icon_palettes/soda_pop.gbapal graphics/items/icon_palettes/soda_pop.gbapal.lz
tools/gbagfx/gbagfx graphics/items/icon_palettes/soft_sand.gbapal graphics/items/icon_palettes/soft_sand.gbapal.lz
tools/gbagfx/gbagfx graphics/items/icon_palettes/soot_sack.gbapal graphics/items/icon_palettes/soot_sack.gbapal.lz
tools/gbagfx/gbagfx graphics/items/icon_palettes/soothe_bell.gbapal graphics/items/icon_palettes/soothe_bell.gbapal.lz
tools/gbagfx/gbagfx graphics/items/icon_palettes/soul_dew.gbapal graphics/items/icon_palettes/soul_dew.gbapal.lz
tools/gbagfx/gbagfx graphics/items/icon_palettes/spell_tag.gbapal graphics/items/icon_palettes/spell_tag.gbapal.lz
tools/gbagfx/gbagfx graphics/items/icon_palettes/spelon_berry.gbapal graphics/items/icon_palettes/spelon_berry.gbapal.lz
tools/gbagfx/gbagfx graphics/items/icon_palettes/ss_ticket.gbapal graphics/items/icon_palettes/ss_ticket.gbapal.lz
tools/gbagfx/gbagfx graphics/items/icon_palettes/star.gbapal graphics/items/icon_palettes/star.gbapal.lz
tools/gbagfx/gbagfx graphics/items/icon_palettes/starf_berry.gbapal graphics/items/icon_palettes/starf_berry.gbapal.lz
tools/gbagfx/gbagfx graphics/items/icon_palettes/steel_tm_hm.gbapal graphics/items/icon_palettes/steel_tm_hm.gbapal.lz
tools/gbagfx/gbagfx graphics/items/icon_palettes/stick.gbapal graphics/items/icon_palettes/stick.gbapal.lz
tools/gbagfx/gbagfx graphics/items/icon_palettes/sun_stone.gbapal graphics/items/icon_palettes/sun_stone.gbapal.lz
tools/gbagfx/gbagfx graphics/items/icon_palettes/super_potion.gbapal graphics/items/icon_palettes/super_potion.gbapal.lz
tools/gbagfx/gbagfx graphics/items/icon_palettes/super_repel.gbapal graphics/items/icon_palettes/super_repel.gbapal.lz
tools/gbagfx/gbagfx graphics/items/icon_palettes/super_rod.gbapal graphics/items/icon_palettes/super_rod.gbapal.lz
tools/gbagfx/gbagfx graphics/items/icon_palettes/tamato_berry.gbapal graphics/items/icon_palettes/tamato_berry.gbapal.lz
tools/gbagfx/gbagfx graphics/items/icon_palettes/tea.gbapal graphics/items/icon_palettes/tea.gbapal.lz
tools/gbagfx/gbagfx graphics/items/icon_palettes/teachy_tv.gbapal graphics/items/icon_palettes/teachy_tv.gbapal.lz
tools/gbagfx/gbagfx graphics/items/icon_palettes/thick_club.gbapal graphics/items/icon_palettes/thick_club.gbapal.lz
tools/gbagfx/gbagfx graphics/items/icon_palettes/thunder_stone.gbapal graphics/items/icon_palettes/thunder_stone.gbapal.lz
tools/gbagfx/gbagfx graphics/items/icon_palettes/tm_case.gbapal graphics/items/icon_palettes/tm_case.gbapal.lz
tools/gbagfx/gbagfx graphics/items/icon_palettes/town_map.gbapal graphics/items/icon_palettes/town_map.gbapal.lz
tools/gbagfx/gbagfx graphics/items/icon_palettes/tri_pass.gbapal graphics/items/icon_palettes/tri_pass.gbapal.lz
tools/gbagfx/gbagfx graphics/items/icon_palettes/tropic_mail.gbapal graphics/items/icon_palettes/tropic_mail.gbapal.lz
tools/gbagfx/gbagfx graphics/items/icon_palettes/twisted_spoon.gbapal graphics/items/icon_palettes/twisted_spoon.gbapal.lz
tools/gbagfx/gbagfx graphics/items/icon_palettes/ultra_ball.gbapal graphics/items/icon_palettes/ultra_ball.gbapal.lz
tools/gbagfx/gbagfx graphics/items/icon_palettes/up_grade.gbapal graphics/items/icon_palettes/up_grade.gbapal.lz
tools/gbagfx/gbagfx graphics/items/icon_palettes/vs_seeker.gbapal graphics/items/icon_palettes/vs_seeker.gbapal.lz
tools/gbagfx/gbagfx graphics/items/icon_palettes/wailmer_pail.gbapal graphics/items/icon_palettes/wailmer_pail.gbapal.lz
tools/gbagfx/gbagfx graphics/items/icon_palettes/water_stone.gbapal graphics/items/icon_palettes/water_stone.gbapal.lz
tools/gbagfx/gbagfx graphics/items/icon_palettes/water_tm_hm.gbapal graphics/items/icon_palettes/water_tm_hm.gbapal.lz
tools/gbagfx/gbagfx graphics/items/icon_palettes/watmel_berry.gbapal graphics/items/icon_palettes/watmel_berry.gbapal.lz
tools/gbagfx/gbagfx graphics/items/icon_palettes/wave_mail.gbapal graphics/items/icon_palettes/wave_mail.gbapal.lz
tools/gbagfx/gbagfx graphics/items/icon_palettes/wepear_berry.gbapal graphics/items/icon_palettes/wepear_berry.gbapal.lz
tools/gbagfx/gbagfx graphics/items/icon_palettes/white_flute.gbapal graphics/items/icon_palettes/white_flute.gbapal.lz
tools/gbagfx/gbagfx graphics/items/icon_palettes/white_herb.gbapal graphics/items/icon_palettes/white_herb.gbapal.lz
tools/gbagfx/gbagfx graphics/items/icon_palettes/wiki_berry.gbapal graphics/items/icon_palettes/wiki_berry.gbapal.lz
tools/gbagfx/gbagfx graphics/items/icon_palettes/wood_mail.gbapal graphics/items/icon_palettes/wood_mail.gbapal.lz
tools/gbagfx/gbagfx graphics/items/icon_palettes/x_accuracy.gbapal graphics/items/icon_palettes/x_accuracy.gbapal.lz
tools/gbagfx/gbagfx graphics/items/icon_palettes/x_attack.gbapal graphics/items/icon_palettes/x_attack.gbapal.lz
tools/gbagfx/gbagfx graphics/items/icon_palettes/x_defend.gbapal graphics/items/icon_palettes/x_defend.gbapal.lz
tools/gbagfx/gbagfx graphics/items/icon_palettes/x_sp_def.gbapal graphics/items/icon_palettes/x_sp_def.gbapal.lz
tools/gbagfx/gbagfx graphics/items/icon_palettes/x_special.gbapal graphics/items/icon_palettes/x_special.gbapal.lz
tools/gbagfx/gbagfx graphics/items/icon_palettes/x_speed.gbapal graphics/items/icon_palettes/x_speed.gbapal.lz
tools/gbagfx/gbagfx graphics/items/icon_palettes/yellow_flute.gbapal graphics/items/icon_palettes/yellow_flute.gbapal.lz
tools/gbagfx/gbagfx graphics/items/icon_palettes/yellow_scarf.gbapal graphics/items/icon_palettes/yellow_scarf.gbapal.lz
tools/gbagfx/gbagfx graphics/items/icon_palettes/yellow_shard.gbapal graphics/items/icon_palettes/yellow_shard.gbapal.lz
tools/gbagfx/gbagfx graphics/items/icon_palettes/zinc.gbapal graphics/items/icon_palettes/zinc.gbapal.lz
tools/gbagfx/gbagfx graphics/items/icons/acro_bike.4bpp graphics/items/icons/acro_bike.4bpp.lz
tools/gbagfx/gbagfx graphics/items/icons/aguav_berry.4bpp graphics/items/icons/aguav_berry.4bpp.lz
tools/gbagfx/gbagfx graphics/items/icons/amulet_coin.4bpp graphics/items/icons/amulet_coin.4bpp.lz
tools/gbagfx/gbagfx graphics/items/icons/antidote.4bpp graphics/items/icons/antidote.4bpp.lz
tools/gbagfx/gbagfx graphics/items/icons/apicot_berry.4bpp graphics/items/icons/apicot_berry.4bpp.lz
tools/gbagfx/gbagfx graphics/items/icons/aspear_berry.4bpp graphics/items/icons/aspear_berry.4bpp.lz
tools/gbagfx/gbagfx graphics/items/icons/aurora_ticket.4bpp graphics/items/icons/aurora_ticket.4bpp.lz
tools/gbagfx/gbagfx graphics/items/icons/basement_key.4bpp graphics/items/icons/basement_key.4bpp.lz
tools/gbagfx/gbagfx graphics/items/icons/battle_stat_item.4bpp graphics/items/icons/battle_stat_item.4bpp.lz
tools/gbagfx/gbagfx graphics/items/icons/bead_mail.4bpp graphics/items/icons/bead_mail.4bpp.lz
tools/gbagfx/gbagfx graphics/items/icons/belue_berry.4bpp graphics/items/icons/belue_berry.4bpp.lz
tools/gbagfx/gbagfx graphics/items/icons/berry_juice.4bpp graphics/items/icons/berry_juice.4bpp.lz
tools/gbagfx/gbagfx graphics/items/icons/berry_pouch.4bpp graphics/items/icons/berry_pouch.4bpp.lz
tools/gbagfx/gbagfx graphics/items/icons/bicycle.4bpp graphics/items/icons/bicycle.4bpp.lz
tools/gbagfx/gbagfx graphics/items/icons/big_mushroom.4bpp graphics/items/icons/big_mushroom.4bpp.lz
tools/gbagfx/gbagfx graphics/items/icons/big_pearl.4bpp graphics/items/icons/big_pearl.4bpp.lz
tools/gbagfx/gbagfx graphics/items/icons/bike_voucher.4bpp graphics/items/icons/bike_voucher.4bpp.lz
tools/gbagfx/gbagfx graphics/items/icons/black_belt.4bpp graphics/items/icons/black_belt.4bpp.lz
tools/gbagfx/gbagfx graphics/items/icons/black_glasses.4bpp graphics/items/icons/black_glasses.4bpp.lz
tools/gbagfx/gbagfx graphics/items/icons/bluk_berry.4bpp graphics/items/icons/bluk_berry.4bpp.lz
tools/gbagfx/gbagfx graphics/items/icons/bright_powder.4bpp graphics/items/icons/bright_powder.4bpp.lz
tools/gbagfx/gbagfx graphics/items/icons/card_key.4bpp graphics/items/icons/card_key.4bpp.lz
tools/gbagfx/gbagfx graphics/items/icons/charcoal.4bpp graphics/items/icons/charcoal.4bpp.lz
tools/gbagfx/gbagfx graphics/items/icons/cheri_berry.4bpp graphics/items/icons/cheri_berry.4bpp.lz
tools/gbagfx/gbagfx graphics/items/icons/chesto_berry.4bpp graphics/items/icons/chesto_berry.4bpp.lz
tools/gbagfx/gbagfx graphics/items/icons/choice_band.4bpp graphics/items/icons/choice_band.4bpp.lz
tools/gbagfx/gbagfx graphics/items/icons/claw_fossil.4bpp graphics/items/icons/claw_fossil.4bpp.lz
tools/gbagfx/gbagfx graphics/items/icons/cleanse_tag.4bpp graphics/items/icons/cleanse_tag.4bpp.lz
tools/gbagfx/gbagfx graphics/items/icons/coin_case.4bpp graphics/items/icons/coin_case.4bpp.lz
tools/gbagfx/gbagfx graphics/items/icons/contest_pass.4bpp graphics/items/icons/contest_pass.4bpp.lz
tools/gbagfx/gbagfx graphics/items/icons/cornn_berry.4bpp graphics/items/icons/cornn_berry.4bpp.lz
tools/gbagfx/gbagfx graphics/items/icons/dawn_stone.4bpp graphics/items/icons/dawn_stone.4bpp.lz
tools/gbagfx/gbagfx graphics/items/icons/deep_sea_scale.4bpp graphics/items/icons/deep_sea_scale.4bpp.lz
tools/gbagfx/gbagfx graphics/items/icons/deep_sea_tooth.4bpp graphics/items/icons/deep_sea_tooth.4bpp.lz
tools/gbagfx/gbagfx graphics/items/icons/devon_goods.4bpp graphics/items/icons/devon_goods.4bpp.lz
tools/gbagfx/gbagfx graphics/items/icons/devon_scope.4bpp graphics/items/icons/devon_scope.4bpp.lz
tools/gbagfx/gbagfx graphics/items/icons/dive_ball.4bpp graphics/items/icons/dive_ball.4bpp.lz
tools/gbagfx/gbagfx graphics/items/icons/dome_fossil.4bpp graphics/items/icons/dome_fossil.4bpp.lz
tools/gbagfx/gbagfx graphics/items/icons/dragon_fang.4bpp graphics/items/icons/dragon_fang.4bpp.lz
tools/gbagfx/gbagfx graphics/items/icons/dragon_scale.4bpp graphics/items/icons/dragon_scale.4bpp.lz
tools/gbagfx/gbagfx graphics/items/icons/dream_mail.4bpp graphics/items/icons/dream_mail.4bpp.lz
tools/gbagfx/gbagfx graphics/items/icons/dubious_disc.4bpp graphics/items/icons/dubious_disc.4bpp.lz
tools/gbagfx/gbagfx graphics/items/icons/durin_berry.4bpp graphics/items/icons/durin_berry.4bpp.lz
tools/gbagfx/gbagfx graphics/items/icons/dusk_stone.4bpp graphics/items/icons/dusk_stone.4bpp.lz
tools/gbagfx/gbagfx graphics/items/icons/energy_root.4bpp graphics/items/icons/energy_root.4bpp.lz
tools/gbagfx/gbagfx graphics/items/icons/enigma_berry.4bpp graphics/items/icons/enigma_berry.4bpp.lz
tools/gbagfx/gbagfx graphics/items/icons/eon_ticket.4bpp graphics/items/icons/eon_ticket.4bpp.lz
tools/gbagfx/gbagfx graphics/items/icons/escape_rope.4bpp graphics/items/icons/escape_rope.4bpp.lz
tools/gbagfx/gbagfx graphics/items/icons/ether.4bpp graphics/items/icons/ether.4bpp.lz
tools/gbagfx/gbagfx graphics/items/icons/everstone.4bpp graphics/items/icons/everstone.4bpp.lz
tools/gbagfx/gbagfx graphics/items/icons/exp_share.4bpp graphics/items/icons/exp_share.4bpp.lz
tools/gbagfx/gbagfx graphics/items/icons/fab_mail.4bpp graphics/items/icons/fab_mail.4bpp.lz
tools/gbagfx/gbagfx graphics/items/icons/fairy_feather.4bpp graphics/items/icons/fairy_feather.4bpp.lz
tools/gbagfx/gbagfx graphics/items/icons/fame_checker.4bpp graphics/items/icons/fame_checker.4bpp.lz
tools/gbagfx/gbagfx graphics/items/icons/figy_berry.4bpp graphics/items/icons/figy_berry.4bpp.lz
tools/gbagfx/gbagfx graphics/items/icons/fire_stone.4bpp graphics/items/icons/fire_stone.4bpp.lz
tools/gbagfx/gbagfx graphics/items/icons/fluffy_tail.4bpp graphics/items/icons/fluffy_tail.4bpp.lz
tools/gbagfx/gbagfx graphics/items/icons/flute.4bpp graphics/items/icons/flute.4bpp.lz
tools/gbagfx/gbagfx graphics/items/icons/focus_band.4bpp graphics/items/icons/focus_band.4bpp.lz
tools/gbagfx/gbagfx graphics/items/icons/fresh_water.4bpp graphics/items/icons/fresh_water.4bpp.lz
tools/gbagfx/gbagfx graphics/items/icons/full_heal.4bpp graphics/items/icons/full_heal.4bpp.lz
tools/gbagfx/gbagfx graphics/items/icons/ganlon_berry.4bpp graphics/items/icons/ganlon_berry.4bpp.lz
tools/gbagfx/gbagfx graphics/items/icons/gem.4bpp graphics/items/icons/gem.4bpp.lz
tools/gbagfx/gbagfx graphics/items/icons/glitter_mail.4bpp graphics/items/icons/glitter_mail.4bpp.lz
tools/gbagfx/gbagfx graphics/items/icons/go_goggles.4bpp graphics/items/icons/go_goggles.4bpp.lz
tools/gbagfx/gbagfx graphics/items/icons/gold_teeth.4bpp graphics/items/icons/gold_teeth.4bpp.lz
tools/gbagfx/gbagfx graphics/items/icons/good_rod.4bpp graphics/items/icons/good_rod.4bpp.lz
tools/gbagfx/gbagfx graphics/items/icons/gracidea.4bpp graphics/items/icons/gracidea.4bpp.lz
tools/gbagfx/gbagfx graphics/items/icons/great_ball.4bpp graphics/items/icons/great_ball.4bpp.lz
tools/gbagfx/gbagfx graphics/items/icons/grepa_berry.4bpp graphics/items/icons/grepa_berry.4bpp.lz
tools/gbagfx/gbagfx graphics/items/icons/harbor_mail.4bpp graphics/items/icons/harbor_mail.4bpp.lz
tools/gbagfx/gbagfx graphics/items/icons/hard_stone.4bpp graphics/items/icons/hard_stone.4bpp.lz
tools/gbagfx/gbagfx graphics/items/icons/heart_scale.4bpp graphics/items/icons/heart_scale.4bpp.lz
tools/gbagfx/gbagfx graphics/items/icons/helix_fossil.4bpp graphics/items/icons/helix_fossil.4bpp.lz
tools/gbagfx/gbagfx graphics/items/icons/hondew_berry.4bpp graphics/items/icons/hondew_berry.4bpp.lz
tools/gbagfx/gbagfx graphics/items/icons/hp_up.4bpp graphics/items/icons/hp_up.4bpp.lz
tools/gbagfx/gbagfx graphics/items/icons/iapapa_berry.4bpp graphics/items/icons/iapapa_berry.4bpp.lz
tools/gbagfx/gbagfx graphics/items/icons/ice_stone.4bpp graphics/items/icons/ice_stone.4bpp.lz
tools/gbagfx/gbagfx graphics/items/icons/in_battle_herb.4bpp graphics/items/icons/in_battle_herb.4bpp.lz
tools/gbagfx/gbagfx graphics/items/icons/itemfinder.4bpp graphics/items/icons/itemfinder.4bpp.lz
tools/gbagfx/gbagfx graphics/items/icons/kelpsy_berry.4bpp graphics/items/icons/kelpsy_berry.4bpp.lz
tools/gbagfx/gbagfx graphics/items/icons/kings_rock.4bpp graphics/items/icons/kings_rock.4bpp.lz
tools/gbagfx/gbagfx graphics/items/icons/lansat_berry.4bpp graphics/items/icons/lansat_berry.4bpp.lz
tools/gbagfx/gbagfx graphics/items/icons/large_potion.4bpp graphics/items/icons/large_potion.4bpp.lz
tools/gbagfx/gbagfx graphics/items/icons/lava_cookie.4bpp graphics/items/icons/lava_cookie.4bpp.lz
tools/gbagfx/gbagfx graphics/items/icons/lax_incense.4bpp graphics/items/icons/lax_incense.4bpp.lz
tools/gbagfx/gbagfx graphics/items/icons/leaf_stone.4bpp graphics/items/icons/leaf_stone.4bpp.lz
tools/gbagfx/gbagfx graphics/items/icons/leftovers.4bpp graphics/items/icons/leftovers.4bpp.lz
tools/gbagfx/gbagfx graphics/items/icons/lemonade.4bpp graphics/items/icons/lemonade.4bpp.lz
tools/gbagfx/gbagfx graphics/items/icons/leppa_berry.4bpp graphics/items/icons/leppa_berry.4bpp.lz
tools/gbagfx/gbagfx graphics/items/icons/letter.4bpp graphics/items/icons/letter.4bpp.lz
tools/gbagfx/gbagfx graphics/items/icons/liechi_berry.4bpp graphics/items/icons/liechi_berry.4bpp.lz
tools/gbagfx/gbagfx graphics/items/icons/lift_key.4bpp graphics/items/icons/lift_key.4bpp.lz
tools/gbagfx/gbagfx graphics/items/icons/light_ball.4bpp graphics/items/icons/light_ball.4bpp.lz
tools/gbagfx/gbagfx graphics/items/icons/linking_cord.4bpp graphics/items/icons/linking_cord.4bpp.lz
tools/gbagfx/gbagfx graphics/items/icons/lucky_egg.4bpp graphics/items/icons/lucky_egg.4bpp.lz
tools/gbagfx/gbagfx graphics/items/icons/lucky_punch.4bpp graphics/items/icons/lucky_punch.4bpp.lz
tools/gbagfx/gbagfx graphics/items/icons/lum_berry.4bpp graphics/items/icons/lum_berry.4bpp.lz
tools/gbagfx/gbagfx graphics/items/icons/luxury_ball.4bpp graphics/items/icons/luxury_ball.4bpp.lz
tools/gbagfx/gbagfx graphics/items/icons/mach_bike.4bpp graphics/items/icons/mach_bike.4bpp.lz
tools/gbagfx/gbagfx graphics/items/icons/macho_brace.4bpp graphics/items/icons/macho_brace.4bpp.lz
tools/gbagfx/gbagfx graphics/items/icons/magma_emblem.4bpp graphics/items/icons/magma_emblem.4bpp.lz
tools/gbagfx/gbagfx graphics/items/icons/magnet.4bpp graphics/items/icons/magnet.4bpp.lz
tools/gbagfx/gbagfx graphics/items/icons/mago_berry.4bpp graphics/items/icons/mago_berry.4bpp.lz
tools/gbagfx/gbagfx graphics/items/icons/magost_berry.4bpp graphics/items/icons/magost_berry.4bpp.lz
tools/gbagfx/gbagfx graphics/items/icons/master_ball.4bpp graphics/items/icons/master_ball.4bpp.lz
tools/gbagfx/gbagfx graphics/items/icons/max_revive.4bpp graphics/items/icons/max_revive.4bpp.lz
tools/gbagfx/gbagfx graphics/items/icons/mech_mail.4bpp graphics/items/icons/mech_mail.4bpp.lz
tools/gbagfx/gbagfx graphics/items/icons/metal_coat.4bpp graphics/items/icons/metal_coat.4bpp.lz
tools/gbagfx/gbagfx graphics/items/icons/metal_powder.4bpp graphics/items/icons/metal_powder.4bpp.lz
tools/gbagfx/gbagfx graphics/items/icons/meteorite.4bpp graphics/items/icons/meteorite.4bpp.lz
tools/gbagfx/gbagfx graphics/items/icons/miracle_seed.4bpp graphics/items/icons/miracle_seed.4bpp.lz
tools/gbagfx/gbagfx graphics/items/icons/moomoo_milk.4bpp graphics/items/icons/moomoo_milk.4bpp.lz
tools/gbagfx/gbagfx graphics/items/icons/moon_stone.4bpp graphics/items/icons/moon_stone.4bpp.lz
tools/gbagfx/gbagfx graphics/items/icons/mystic_ticket.4bpp graphics/items/icons/mystic_ticket.4bpp.lz
tools/gbagfx/gbagfx graphics/items/icons/mystic_water.4bpp graphics/items/icons/mystic_water.4bpp.lz
tools/gbagfx/gbagfx graphics/items/icons/nanab_berry.4bpp graphics/items/icons/nanab_berry.4bpp.lz
tools/gbagfx/gbagfx graphics/items/icons/nest_ball.4bpp graphics/items/icons/nest_ball.4bpp.lz
tools/gbagfx/gbagfx graphics/items/icons/net_ball.4bpp graphics/items/icons/net_ball.4bpp.lz
tools/gbagfx/gbagfx graphics/items/icons/never_melt_ice.4bpp graphics/items/icons/never_melt_ice.4bpp.lz
tools/gbagfx/gbagfx graphics/items/icons/nomel_berry.4bpp graphics/items/icons/nomel_berry.4bpp.lz
tools/gbagfx/gbagfx graphics/items/icons/nugget.4bpp graphics/items/icons/nugget.4bpp.lz
tools/gbagfx/gbagfx graphics/items/icons/oaks_parcel.4bpp graphics/items/icons/oaks_parcel.4bpp.lz
tools/gbagfx/gbagfx graphics/items/icons/old_amber.4bpp graphics/items/icons/old_amber.4bpp.lz
tools/gbagfx/gbagfx graphics/items/icons/old_rod.4bpp graphics/items/icons/old_rod.4bpp.lz
tools/gbagfx/gbagfx graphics/items/icons/old_sea_map.4bpp graphics/items/icons/old_sea_map.4bpp.lz
tools/gbagfx/gbagfx graphics/items/icons/oran_berry.4bpp graphics/items/icons/oran_berry.4bpp.lz
tools/gbagfx/gbagfx graphics/items/icons/orange_mail.4bpp graphics/items/icons/orange_mail.4bpp.lz
tools/gbagfx/gbagfx graphics/items/icons/orb.4bpp graphics/items/icons/orb.4bpp.lz
tools/gbagfx/gbagfx graphics/items/icons/pamtre_berry.4bpp graphics/items/icons/pamtre_berry.4bpp.lz
tools/gbagfx/gbagfx graphics/items/icons/pearl.4bpp graphics/items/icons/pearl.4bpp.lz
tools/gbagfx/gbagfx graphics/items/icons/pecha_berry.4bpp graphics/items/icons/pecha_berry.4bpp.lz
tools/gbagfx/gbagfx graphics/items/icons/persim_berry.4bpp graphics/items/icons/persim_berry.4bpp.lz
tools/gbagfx/gbagfx graphics/items/icons/petaya_berry.4bpp graphics/items/icons/petaya_berry.4bpp.lz
tools/gbagfx/gbagfx graphics/items/icons/pinap_berry.4bpp graphics/items/icons/pinap_berry.4bpp.lz
tools/gbagfx/gbagfx graphics/items/icons/poison_barb.4bpp graphics/items/icons/poison_barb.4bpp.lz
tools/gbagfx/gbagfx graphics/items/icons/poke_ball.4bpp graphics/items/icons/poke_ball.4bpp.lz
tools/gbagfx/gbagfx graphics/items/icons/poke_doll.4bpp graphics/items/icons/poke_doll.4bpp.lz
tools/gbagfx/gbagfx graphics/items/icons/poke_flute.4bpp graphics/items/icons/poke_flute.4bpp.lz
tools/gbagfx/gbagfx graphics/items/icons/pokeblock_case.4bpp graphics/items/icons/pokeblock_case.4bpp.lz
tools/gbagfx/gbagfx graphics/items/icons/pomeg_berry.4bpp graphics/items/icons/pomeg_berry.4bpp.lz
tools/gbagfx/gbagfx graphics/items/icons/potion.4bpp graphics/items/icons/potion.4bpp.lz
tools/gbagfx/gbagfx graphics/items/icons/powder.4bpp graphics/items/icons/powder.4bpp.lz
tools/gbagfx/gbagfx graphics/items/icons/powder_jar.4bpp graphics/items/icons/powder_jar.4bpp.lz
tools/gbagfx/gbagfx graphics/items/icons/pp_max.4bpp graphics/items/icons/pp_max.4bpp.lz
tools/gbagfx/gbagfx graphics/items/icons/pp_up.4bpp graphics/items/icons/pp_up.4bpp.lz
tools/gbagfx/gbagfx graphics/items/icons/premier_ball.4bpp graphics/items/icons/premier_ball.4bpp.lz
tools/gbagfx/gbagfx graphics/items/icons/qualot_berry.4bpp graphics/items/icons/qualot_berry.4bpp.lz
tools/gbagfx/gbagfx graphics/items/icons/question_mark.4bpp graphics/items/icons/question_mark.4bpp.lz
tools/gbagfx/gbagfx graphics/items/icons/quick_claw.4bpp graphics/items/icons/quick_claw.4bpp.lz
tools/gbagfx/gbagfx graphics/items/icons/rabuta_berry.4bpp graphics/items/icons/rabuta_berry.4bpp.lz
tools/gbagfx/gbagfx graphics/items/icons/rainbow_pass.4bpp graphics/items/icons/rainbow_pass.4bpp.lz
tools/gbagfx/gbagfx graphics/items/icons/rare_candy.4bpp graphics/items/icons/rare_candy.4bpp.lz
tools/gbagfx/gbagfx graphics/items/icons/rawst_berry.4bpp graphics/items/icons/rawst_berry.4bpp.lz
tools/gbagfx/gbagfx graphics/items/icons/razor_claw.4bpp graphics/items/icons/razor_claw.4bpp.lz
tools/gbagfx/gbagfx graphics/items/icons/razor_fang.4bpp graphics/items/icons/razor_fang.4bpp.lz
tools/gbagfx/gbagfx graphics/items/icons/razz_berry.4bpp graphics/items/icons/razz_berry.4bpp.lz
tools/gbagfx/gbagfx graphics/items/icons/repeat_ball.4bpp graphics/items/icons/repeat_ball.4bpp.lz
tools/gbagfx/gbagfx graphics/items/icons/repel.4bpp graphics/items/icons/repel.4bpp.lz
tools/gbagfx/gbagfx graphics/items/icons/retro_mail.4bpp graphics/items/icons/retro_mail.4bpp.lz
tools/gbagfx/gbagfx graphics/items/icons/return_to_field_arrow.4bpp graphics/items/icons/return_to_field_arrow.4bpp.lz
tools/gbagfx/gbagfx graphics/items/icons/revival_herb.4bpp graphics/items/icons/revival_herb.4bpp.lz
tools/gbagfx/gbagfx graphics/items/icons/revive.4bpp graphics/items/icons/revive.4bpp.lz
tools/gbagfx/gbagfx graphics/items/icons/room1_key.4bpp graphics/items/icons/room1_key.4bpp.lz
tools/gbagfx/gbagfx graphics/items/icons/room2_key.4bpp graphics/items/icons/room2_key.4bpp.lz
tools/gbagfx/gbagfx graphics/items/icons/room4_key.4bpp graphics/items/icons/room4_key.4bpp.lz
tools/gbagfx/gbagfx graphics/items/icons/room6_key.4bpp graphics/items/icons/room6_key.4bpp.lz
tools/gbagfx/gbagfx graphics/items/icons/root_fossil.4bpp graphics/items/icons/root_fossil.4bpp.lz
tools/gbagfx/gbagfx graphics/items/icons/sacred_ash.4bpp graphics/items/icons/sacred_ash.4bpp.lz
tools/gbagfx/gbagfx graphics/items/icons/safari_ball.4bpp graphics/items/icons/safari_ball.4bpp.lz
tools/gbagfx/gbagfx graphics/items/icons/salac_berry.4bpp graphics/items/icons/salac_berry.4bpp.lz
tools/gbagfx/gbagfx graphics/items/icons/scanner.4bpp graphics/items/icons/scanner.4bpp.lz
tools/gbagfx/gbagfx graphics/items/icons/scarf.4bpp graphics/items/icons/scarf.4bpp.lz
tools/gbagfx/gbagfx graphics/items/icons/scope_lens.4bpp graphics/items/icons/scope_lens.4bpp.lz
tools/gbagfx/gbagfx graphics/items/icons/sea_incense.4bpp graphics/items/icons/sea_incense.4bpp.lz
tools/gbagfx/gbagfx graphics/items/icons/secret_key.4bpp graphics/items/icons/secret_key.4bpp.lz
tools/gbagfx/gbagfx graphics/items/icons/shadow_mail.4bpp graphics/items/icons/shadow_mail.4bpp.lz
tools/gbagfx/gbagfx graphics/items/icons/shard.4bpp graphics/items/icons/shard.4bpp.lz
tools/gbagfx/gbagfx graphics/items/icons/sharp_beak.4bpp graphics/items/icons/sharp_beak.4bpp.lz
tools/gbagfx/gbagfx graphics/items/icons/shell_bell.4bpp graphics/items/icons/shell_bell.4bpp.lz
tools/gbagfx/gbagfx graphics/items/icons/shiny_stone.4bpp graphics/items/icons/shiny_stone.4bpp.lz
tools/gbagfx/gbagfx graphics/items/icons/shoal_shell.4bpp graphics/items/icons/shoal_shell.4bpp.lz
tools/gbagfx/gbagfx graphics/items/icons/silk_scarf.4bpp graphics/items/icons/silk_scarf.4bpp.lz
tools/gbagfx/gbagfx graphics/items/icons/silph_scope.4bpp graphics/items/icons/silph_scope.4bpp.lz
tools/gbagfx/gbagfx graphics/items/icons/silver_powder.4bpp graphics/items/icons/silver_powder.4bpp.lz
tools/gbagfx/gbagfx graphics/items/icons/sitrus_berry.4bpp graphics/items/icons/sitrus_berry.4bpp.lz
tools/gbagfx/gbagfx graphics/items/icons/smoke_ball.4bpp graphics/items/icons/smoke_ball.4bpp.lz
tools/gbagfx/gbagfx graphics/items/icons/soda_pop.4bpp graphics/items/icons/soda_pop.4bpp.lz
tools/gbagfx/gbagfx graphics/items/icons/soft_sand.4bpp graphics/items/icons/soft_sand.4bpp.lz
tools/gbagfx/gbagfx graphics/items/icons/soot_sack.4bpp graphics/items/icons/soot_sack.4bpp.lz
tools/gbagfx/gbagfx graphics/items/icons/soothe_bell.4bpp graphics/items/icons/soothe_bell.4bpp.lz
tools/gbagfx/gbagfx graphics/items/icons/soul_dew.4bpp graphics/items/icons/soul_dew.4bpp.lz
tools/gbagfx/gbagfx graphics/items/icons/spell_tag.4bpp graphics/items/icons/spell_tag.4bpp.lz
tools/gbagfx/gbagfx graphics/items/icons/spelon_berry.4bpp graphics/items/icons/spelon_berry.4bpp.lz
tools/gbagfx/gbagfx graphics/items/icons/ss_ticket.4bpp graphics/items/icons/ss_ticket.4bpp.lz
tools/gbagfx/gbagfx graphics/items/icons/star_piece.4bpp graphics/items/icons/star_piece.4bpp.lz
tools/gbagfx/gbagfx graphics/items/icons/stardust.4bpp graphics/items/icons/stardust.4bpp.lz
tools/gbagfx/gbagfx graphics/items/icons/starf_berry.4bpp graphics/items/icons/starf_berry.4bpp.lz
tools/gbagfx/gbagfx graphics/items/icons/status_heal.4bpp graphics/items/icons/status_heal.4bpp.lz
tools/gbagfx/gbagfx graphics/items/icons/stick.4bpp graphics/items/icons/stick.4bpp.lz
tools/gbagfx/gbagfx graphics/items/icons/storage_key.4bpp graphics/items/icons/storage_key.4bpp.lz
tools/gbagfx/gbagfx graphics/items/icons/sun_stone.4bpp graphics/items/icons/sun_stone.4bpp.lz
tools/gbagfx/gbagfx graphics/items/icons/super_rod.4bpp graphics/items/icons/super_rod.4bpp.lz
tools/gbagfx/gbagfx graphics/items/icons/tamato_berry.4bpp graphics/items/icons/tamato_berry.4bpp.lz
tools/gbagfx/gbagfx graphics/items/icons/tea.4bpp graphics/items/icons/tea.4bpp.lz
tools/gbagfx/gbagfx graphics/items/icons/teachy_tv.4bpp graphics/items/icons/teachy_tv.4bpp.lz
tools/gbagfx/gbagfx graphics/items/icons/thick_club.4bpp graphics/items/icons/thick_club.4bpp.lz
tools/gbagfx/gbagfx graphics/items/icons/thunder_stone.4bpp graphics/items/icons/thunder_stone.4bpp.lz
tools/gbagfx/gbagfx graphics/items/icons/timer_ball.4bpp graphics/items/icons/timer_ball.4bpp.lz
tools/gbagfx/gbagfx graphics/items/icons/tiny_mushroom.4bpp graphics/items/icons/tiny_mushroom.4bpp.lz
tools/gbagfx/gbagfx graphics/items/icons/tm_case.4bpp graphics/items/icons/tm_case.4bpp.lz
tools/gbagfx/gbagfx graphics/items/icons/tm_hm.4bpp graphics/items/icons/tm_hm.4bpp.lz
tools/gbagfx/gbagfx graphics/items/icons/town_map.4bpp graphics/items/icons/town_map.4bpp.lz
tools/gbagfx/gbagfx graphics/items/icons/tri_pass.4bpp graphics/items/icons/tri_pass.4bpp.lz
tools/gbagfx/gbagfx graphics/items/icons/tropic_mail.4bpp graphics/items/icons/tropic_mail.4bpp.lz
tools/gbagfx/gbagfx graphics/items/icons/twisted_spoon.4bpp graphics/items/icons/twisted_spoon.4bpp.lz
tools/gbagfx/gbagfx graphics/items/icons/ultra_ball.4bpp graphics/items/icons/ultra_ball.4bpp.lz
tools/gbagfx/gbagfx graphics/items/icons/up_grade.4bpp graphics/items/icons/up_grade.4bpp.lz
tools/gbagfx/gbagfx graphics/items/icons/vitamin.4bpp graphics/items/icons/vitamin.4bpp.lz
tools/gbagfx/gbagfx graphics/items/icons/vs_seeker.4bpp graphics/items/icons/vs_seeker.4bpp.lz
tools/gbagfx/gbagfx graphics/items/icons/wailmer_pail.4bpp graphics/items/icons/wailmer_pail.4bpp.lz
tools/gbagfx/gbagfx graphics/items/icons/water_stone.4bpp graphics/items/icons/water_stone.4bpp.lz
tools/gbagfx/gbagfx graphics/items/icons/watmel_berry.4bpp graphics/items/icons/watmel_berry.4bpp.lz
tools/gbagfx/gbagfx graphics/items/icons/wave_mail.4bpp graphics/items/icons/wave_mail.4bpp.lz
tools/gbagfx/gbagfx graphics/items/icons/wepear_berry.4bpp graphics/items/icons/wepear_berry.4bpp.lz
tools/gbagfx/gbagfx graphics/items/icons/wiki_berry.4bpp graphics/items/icons/wiki_berry.4bpp.lz
tools/gbagfx/gbagfx graphics/items/icons/wood_mail.4bpp graphics/items/icons/wood_mail.4bpp.lz
tools/gbagfx/gbagfx graphics/mail/bead/tiles.4bpp graphics/mail/bead/tiles.4bpp.lz
tools/gbagfx/gbagfx graphics/mail/dream/tiles.4bpp graphics/mail/dream/tiles.4bpp.lz
tools/gbagfx/gbagfx graphics/mail/fab/tiles.4bpp graphics/mail/fab/tiles.4bpp.lz
tools/gbagfx/gbagfx graphics/mail/glitter/tiles.4bpp graphics/mail/glitter/tiles.4bpp.lz
tools/gbagfx/gbagfx graphics/mail/harbor/tiles.4bpp graphics/mail/harbor/tiles.4bpp.lz
tools/gbagfx/gbagfx graphics/mail/mech/tiles.4bpp graphics/mail/mech/tiles.4bpp.lz
tools/gbagfx/gbagfx graphics/mail/orange/tiles.4bpp graphics/mail/orange/tiles.4bpp.lz
tools/gbagfx/gbagfx graphics/mail/retro/tiles.4bpp graphics/mail/retro/tiles.4bpp.lz
tools/gbagfx/gbagfx graphics/mail/shadow/tiles.4bpp graphics/mail/shadow/tiles.4bpp.lz
tools/gbagfx/gbagfx graphics/mail/tropic/tiles.4bpp graphics/mail/tropic/tiles.4bpp.lz
tools/gbagfx/gbagfx graphics/mail/wave/tiles.4bpp graphics/mail/wave/tiles.4bpp.lz
tools/gbagfx/gbagfx graphics/mail/wood/tiles.4bpp graphics/mail/wood/tiles.4bpp.lz
tools/gbagfx/gbagfx graphics/misc/confetti.4bpp graphics/misc/confetti.4bpp.lz
tools/gbagfx/gbagfx graphics/misc/confetti.gbapal graphics/misc/confetti.gbapal.lz
tools/gbagfx/gbagfx graphics/naming_screen/menu.4bpp graphics/naming_screen/menu.4bpp.lz
tools/gbagfx/gbagfx graphics/party_menu/bg.4bpp graphics/party_menu/bg.4bpp.lz
tools/gbagfx/gbagfx graphics/party_menu/bg.gbapal graphics/party_menu/bg.gbapal.lz
tools/gbagfx/gbagfx graphics/party_menu/pokeball.4bpp graphics/party_menu/pokeball.4bpp.lz
tools/gbagfx/gbagfx graphics/party_menu/pokeball.gbapal graphics/party_menu/pokeball.gbapal.lz
tools/gbagfx/gbagfx graphics/party_menu/pokeball_small.4bpp graphics/party_menu/pokeball_small.4bpp.lz
tools/gbagfx/gbagfx graphics/pokedex/cat_icon_abc.4bpp graphics/pokedex/cat_icon_abc.4bpp.lz
tools/gbagfx/gbagfx graphics/pokemon/abomasnow/back.4bpp graphics/pokemon/abomasnow/back.4bpp.lz
tools/gbagfx/gbagfx graphics/pokemon/abomasnow/front.4bpp graphics/pokemon/abomasnow/front.4bpp.lz
tools/gbagfx/gbagfx graphics/pokemon/abomasnow/frontf.4bpp graphics/pokemon/abomasnow/frontf.4bpp.lz
tools/gbagfx/gbagfx graphics/pokemon/abomasnow/mega/back.4bpp graphics/pokemon/abomasnow/mega/back.4bpp.lz
tools/gbagfx/gbagfx graphics/pokemon/abomasnow/mega/front.4bpp graphics/pokemon/abomasnow/mega/front.4bpp.lz
tools/gbagfx/gbagfx graphics/pokemon/abomasnow/mega/normal.gbapal graphics/pokemon/abomasnow/mega/normal.gbapal.lz
tools/gbagfx/gbagfx graphics/pokemon/abomasnow/mega/shiny.gbapal graphics/pokemon/abomasnow/mega/shiny.gbapal.lz
tools/gbagfx/gbagfx graphics/pokemon/abomasnow/normal.gbapal graphics/pokemon/abomasnow/normal.gbapal.lz
tools/gbagfx/gbagfx graphics/pokemon/abomasnow/shiny.gbapal graphics/pokemon/abomasnow/shiny.gbapal.lz
tools/gbagfx/gbagfx graphics/pokemon/abra/back.4bpp graphics/pokemon/abra/back.4bpp.lz
tools/gbagfx/gbagfx graphics/pokemon/abra/front.4bpp graphics/pokemon/abra/front.4bpp.lz
tools/gbagfx/gbagfx graphics/pokemon/abra/normal.gbapal graphics/pokemon/abra/normal.gbapal.lz
tools/gbagfx/gbagfx graphics/pokemon/abra/shiny.gbapal graphics/pokemon/abra/shiny.gbapal.lz
tools/gbagfx/gbagfx graphics/pokemon/absol/back.4bpp graphics/pokemon/absol/back.4bpp.lz
tools/gbagfx/gbagfx graphics/pokemon/absol/front.4bpp graphics/pokemon/absol/front.4bpp.lz
tools/gbagfx/gbagfx graphics/pokemon/absol/mega/back.4bpp graphics/pokemon/absol/mega/back.4bpp.lz
tools/gbagfx/gbagfx graphics/pokemon/absol/mega/front.4bpp graphics/pokemon/absol/mega/front.4bpp.lz
tools/gbagfx/gbagfx graphics/pokemon/absol/mega/normal.gbapal graphics/pokemon/absol/mega/normal.gbapal.lz
tools/gbagfx/gbagfx graphics/pokemon/absol/mega/shiny.gbapal graphics/pokemon/absol/mega/shiny.gbapal.lz
tools/gbagfx/gbagfx graphics/pokemon/absol/normal.gbapal graphics/pokemon/absol/normal.gbapal.lz
tools/gbagfx/gbagfx graphics/pokemon/absol/shiny.gbapal graphics/pokemon/absol/shiny.gbapal.lz
tools/gbagfx/gbagfx graphics/pokemon/accelgor/back.4bpp graphics/pokemon/accelgor/back.4bpp.lz
tools/gbagfx/gbagfx graphics/pokemon/accelgor/front.4bpp graphics/pokemon/accelgor/front.4bpp.lz
tools/gbagfx/gbagfx graphics/pokemon/accelgor/normal.gbapal graphics/pokemon/accelgor/normal.gbapal.lz
tools/gbagfx/gbagfx graphics/pokemon/accelgor/shiny.gbapal graphics/pokemon/accelgor/shiny.gbapal.lz
tools/gbagfx/gbagfx graphics/pokemon/aegislash/back.4bpp graphics/pokemon/aegislash/back.4bpp.lz
tools/gbagfx/gbagfx graphics/pokemon/aegislash/blade/back.4bpp graphics/pokemon/aegislash/blade/back.4bpp.lz
tools/gbagfx/gbagfx graphics/pokemon/aegislash/blade/front.4bpp graphics/pokemon/aegislash/blade/front.4bpp.lz
tools/gbagfx/gbagfx graphics/pokemon/aegislash/blade/normal.gbapal graphics/pokemon/aegislash/blade/normal.gbapal.lz
tools/gbagfx/gbagfx graphics/pokemon/aegislash/blade/shiny.gbapal graphics/pokemon/aegislash/blade/shiny.gbapal.lz
tools/gbagfx/gbagfx graphics/pokemon/aegislash/front.4bpp graphics/pokemon/aegislash/front.4bpp.lz
tools/gbagfx/gbagfx graphics/pokemon/aegislash/normal.gbapal graphics/pokemon/aegislash/normal.gbapal.lz
tools/gbagfx/gbagfx graphics/pokemon/aegislash/shiny.gbapal graphics/pokemon/aegislash/shiny.gbapal.lz
tools/gbagfx/gbagfx graphics/pokemon/aerodactyl/back.4bpp graphics/pokemon/aerodactyl/back.4bpp.lz
tools/gbagfx/gbagfx graphics/pokemon/aerodactyl/front.4bpp graphics/pokemon/aerodactyl/front.4bpp.lz
tools/gbagfx/gbagfx graphics/pokemon/aerodactyl/mega/back.4bpp graphics/pokemon/aerodactyl/mega/back.4bpp.lz
tools/gbagfx/gbagfx graphics/pokemon/aerodactyl/mega/front.4bpp graphics/pokemon/aerodactyl/mega/front.4bpp.lz
tools/gbagfx/gbagfx graphics/pokemon/aerodactyl/mega/normal.gbapal graphics/pokemon/aerodactyl/mega/normal.gbapal.lz
tools/gbagfx/gbagfx graphics/pokemon/aerodactyl/mega/shiny.gbapal graphics/pokemon/aerodactyl/mega/shiny.gbapal.lz
tools/gbagfx/gbagfx graphics/pokemon/aerodactyl/normal.gbapal graphics/pokemon/aerodactyl/normal.gbapal.lz
tools/gbagfx/gbagfx graphics/pokemon/aerodactyl/shiny.gbapal graphics/pokemon/aerodactyl/shiny.gbapal.lz
tools/gbagfx/gbagfx graphics/pokemon/aggron/back.4bpp graphics/pokemon/aggron/back.4bpp.lz
tools/gbagfx/gbagfx graphics/pokemon/aggron/front.4bpp graphics/pokemon/aggron/front.4bpp.lz
tools/gbagfx/gbagfx graphics/pokemon/aggron/mega/back.4bpp graphics/pokemon/aggron/mega/back.4bpp.lz
tools/gbagfx/gbagfx graphics/pokemon/aggron/mega/front.4bpp graphics/pokemon/aggron/mega/front.4bpp.lz
tools/gbagfx/gbagfx graphics/pokemon/aggron/mega/normal.gbapal graphics/pokemon/aggron/mega/normal.gbapal.lz
tools/gbagfx/gbagfx graphics/pokemon/aggron/mega/shiny.gbapal graphics/pokemon/aggron/mega/shiny.gbapal.lz
tools/gbagfx/gbagfx graphics/pokemon/aggron/normal.gbapal graphics/pokemon/aggron/normal.gbapal.lz
tools/gbagfx/gbagfx graphics/pokemon/aggron/shiny.gbapal graphics/pokemon/aggron/shiny.gbapal.lz
tools/gbagfx/gbagfx graphics/pokemon/aipom/back.4bpp graphics/pokemon/aipom/back.4bpp.lz
tools/gbagfx/gbagfx graphics/pokemon/aipom/backf.4bpp graphics/pokemon/aipom/backf.4bpp.lz
tools/gbagfx/gbagfx graphics/pokemon/aipom/front.4bpp graphics/pokemon/aipom/front.4bpp.lz
tools/gbagfx/gbagfx graphics/pokemon/aipom/frontf.4bpp graphics/pokemon/aipom/frontf.4bpp.lz
tools/gbagfx/gbagfx graphics/pokemon/aipom/normal.gbapal graphics/pokemon/aipom/normal.gbapal.lz
tools/gbagfx/gbagfx graphics/pokemon/aipom/shiny.gbapal graphics/pokemon/aipom/shiny.gbapal.lz
tools/gbagfx/gbagfx graphics/pokemon/alakazam/back.4bpp graphics/pokemon/alakazam/back.4bpp.lz
tools/gbagfx/gbagfx graphics/pokemon/alakazam/backf.4bpp graphics/pokemon/alakazam/backf.4bpp.lz
tools/gbagfx/gbagfx graphics/pokemon/alakazam/front.4bpp graphics/pokemon/alakazam/front.4bpp.lz
tools/gbagfx/gbagfx graphics/pokemon/alakazam/frontf.4bpp graphics/pokemon/alakazam/frontf.4bpp.lz
tools/gbagfx/gbagfx graphics/pokemon/alakazam/mega/back.4bpp graphics/pokemon/alakazam/mega/back.4bpp.lz
tools/gbagfx/gbagfx graphics/pokemon/alakazam/mega/front.4bpp graphics/pokemon/alakazam/mega/front.4bpp.lz
tools/gbagfx/gbagfx graphics/pokemon/alakazam/mega/normal.gbapal graphics/pokemon/alakazam/mega/normal.gbapal.lz
tools/gbagfx/gbagfx graphics/pokemon/alakazam/mega/shiny.gbapal graphics/pokemon/alakazam/mega/shiny.gbapal.lz
tools/gbagfx/gbagfx graphics/pokemon/alakazam/normal.gbapal graphics/pokemon/alakazam/normal.gbapal.lz
tools/gbagfx/gbagfx graphics/pokemon/alakazam/shiny.gbapal graphics/pokemon/alakazam/shiny.gbapal.lz
tools/gbagfx/gbagfx graphics/pokemon/alcremie/back.4bpp graphics/pokemon/alcremie/back.4bpp.lz
tools/gbagfx/gbagfx graphics/pokemon/alcremie/berry/back.4bpp graphics/pokemon/alcremie/berry/back.4bpp.lz
tools/gbagfx/gbagfx graphics/pokemon/alcremie/berry/berry_caramel_swirl.gbapal graphics/pokemon/alcremie/berry/berry_caramel_swirl.gbapal.lz
tools/gbagfx/gbagfx graphics/pokemon/alcremie/berry/berry_default.gbapal graphics/pokemon/alcremie/berry/berry_default.gbapal.lz
tools/gbagfx/gbagfx graphics/pokemon/alcremie/berry/berry_lemon_cream.gbapal graphics/pokemon/alcremie/berry/berry_lemon_cream.gbapal.lz
tools/gbagfx/gbagfx graphics/pokemon/alcremie/berry/berry_matcha_cream.gbapal graphics/pokemon/alcremie/berry/berry_matcha_cream.gbapal.lz
tools/gbagfx/gbagfx graphics/pokemon/alcremie/berry/berry_mint_cream.gbapal graphics/pokemon/alcremie/berry/berry_mint_cream.gbapal.lz
tools/gbagfx/gbagfx graphics/pokemon/alcremie/berry/berry_rainbow_swirl.gbapal graphics/pokemon/alcremie/berry/berry_rainbow_swirl.gbapal.lz
tools/gbagfx/gbagfx graphics/pokemon/alcremie/berry/berry_ruby_cream.gbapal graphics/pokemon/alcremie/berry/berry_ruby_cream.gbapal.lz
tools/gbagfx/gbagfx graphics/pokemon/alcremie/berry/berry_ruby_swirl.gbapal graphics/pokemon/alcremie/berry/berry_ruby_swirl.gbapal.lz
tools/gbagfx/gbagfx graphics/pokemon/alcremie/berry/berry_salted_cream.gbapal graphics/pokemon/alcremie/berry/berry_salted_cream.gbapal.lz
tools/gbagfx/gbagfx graphics/pokemon/alcremie/berry/berry_shiny.gbapal graphics/pokemon/alcremie/berry/berry_shiny.gbapal.lz
tools/gbagfx/gbagfx graphics/pokemon/alcremie/berry/front.4bpp graphics/pokemon/alcremie/berry/front.4bpp.lz
tools/gbagfx/gbagfx graphics/pokemon/alcremie/clover/back.4bpp graphics/pokemon/alcremie/clover/back.4bpp.lz
tools/gbagfx/gbagfx graphics/pokemon/alcremie/clover/clover_caramel_swirl.gbapal graphics/pokemon/alcremie/clover/clover_caramel_swirl.gbapal.lz
tools/gbagfx/gbagfx graphics/pokemon/alcremie/clover/clover_default.gbapal graphics/pokemon/alcremie/clover/clover_default.gbapal.lz
tools/gbagfx/gbagfx graphics/pokemon/alcremie/clover/clover_lemon_cream.gbapal graphics/pokemon/alcremie/clover/clover_lemon_cream.gbapal.lz
tools/gbagfx/gbagfx graphics/pokemon/alcremie/clover/clover_matcha_cream.gbapal graphics/pokemon/alcremie/clover/clover_matcha_cream.gbapal.lz
tools/gbagfx/gbagfx graphics/pokemon/alcremie/clover/clover_mint_cream.gbapal graphics/pokemon/alcremie/clover/clover_mint_cream.gbapal.lz
tools/gbagfx/gbagfx graphics/pokemon/alcremie/clover/clover_rainbow_swirl.gbapal graphics/pokemon/alcremie/clover/clover_rainbow_swirl.gbapal.lz
tools/gbagfx/gbagfx graphics/pokemon/alcremie/clover/clover_ruby_cream.gbapal graphics/pokemon/alcremie/clover/clover_ruby_cream.gbapal.lz
tools/gbagfx/gbagfx graphics/pokemon/alcremie/clover/clover_ruby_swirl.gbapal graphics/pokemon/alcremie/clover/clover_ruby_swirl.gbapal.lz
tools/gbagfx/gbagfx graphics/pokemon/alcremie/clover/clover_salted_cream.gbapal graphics/pokemon/alcremie/clover/clover_salted_cream.gbapal.lz
tools/gbagfx/gbagfx graphics/pokemon/alcremie/clover/clover_shiny.gbapal graphics/pokemon/alcremie/clover/clover_shiny.gbapal.lz
tools/gbagfx/gbagfx graphics/pokemon/alcremie/clover/front.4bpp graphics/pokemon/alcremie/clover/front.4bpp.lz
tools/gbagfx/gbagfx graphics/pokemon/alcremie/flower/back.4bpp graphics/pokemon/alcremie/flower/back.4bpp.lz
tools/gbagfx/gbagfx graphics/pokemon/alcremie/flower/flower_caramel_swirl.gbapal graphics/pokemon/alcremie/flower/flower_caramel_swirl.gbapal.lz
tools/gbagfx/gbagfx graphics/pokemon/alcremie/flower/flower_default.gbapal graphics/pokemon/alcremie/flower/flower_default.gbapal.lz
tools/gbagfx/gbagfx graphics/pokemon/alcremie/flower/flower_lemon_cream.gbapal graphics/pokemon/alcremie/flower/flower_lemon_cream.gbapal.lz
tools/gbagfx/gbagfx graphics/pokemon/alcremie/flower/flower_matcha_cream.gbapal graphics/pokemon/alcremie/flower/flower_matcha_cream.gbapal.lz
tools/gbagfx/gbagfx graphics/pokemon/alcremie/flower/flower_mint_cream.gbapal graphics/pokemon/alcremie/flower/flower_mint_cream.gbapal.lz
tools/gbagfx/gbagfx graphics/pokemon/alcremie/flower/flower_rainbow_swirl.gbapal graphics/pokemon/alcremie/flower/flower_rainbow_swirl.gbapal.lz
tools/gbagfx/gbagfx graphics/pokemon/alcremie/flower/flower_ruby_cream.gbapal graphics/pokemon/alcremie/flower/flower_ruby_cream.gbapal.lz
tools/gbagfx/gbagfx graphics/pokemon/alcremie/flower/flower_ruby_swirl.gbapal graphics/pokemon/alcremie/flower/flower_ruby_swirl.gbapal.lz
tools/gbagfx/gbagfx graphics/pokemon/alcremie/flower/flower_salted_cream.gbapal graphics/pokemon/alcremie/flower/flower_salted_cream.gbapal.lz
tools/gbagfx/gbagfx graphics/pokemon/alcremie/flower/flower_shiny.gbapal graphics/pokemon/alcremie/flower/flower_shiny.gbapal.lz
tools/gbagfx/gbagfx graphics/pokemon/alcremie/flower/front.4bpp graphics/pokemon/alcremie/flower/front.4bpp.lz
tools/gbagfx/gbagfx graphics/pokemon/alcremie/front.4bpp graphics/pokemon/alcremie/front.4bpp.lz
tools/gbagfx/gbagfx graphics/pokemon/alcremie/love/back.4bpp graphics/pokemon/alcremie/love/back.4bpp.lz
tools/gbagfx/gbagfx graphics/pokemon/alcremie/love/front.4bpp graphics/pokemon/alcremie/love/front.4bpp.lz
tools/gbagfx/gbagfx graphics/pokemon/alcremie/love/love_caramel_swirl.gbapal graphics/pokemon/alcremie/love/love_caramel_swirl.gbapal.lz
tools/gbagfx/gbagfx graphics/pokemon/alcremie/love/love_default.gbapal graphics/pokemon/alcremie/love/love_default.gbapal.lz
tools/gbagfx/gbagfx graphics/pokemon/alcremie/love/love_lemon_cream.gbapal graphics/pokemon/alcremie/love/love_lemon_cream.gbapal.lz
tools/gbagfx/gbagfx graphics/pokemon/alcremie/love/love_matcha_cream.gbapal graphics/pokemon/alcremie/love/love_matcha_cream.gbapal.lz
tools/gbagfx/gbagfx graphics/pokemon/alcremie/love/love_mint_cream.gbapal graphics/pokemon/alcremie/love/love_mint_cream.gbapal.lz
tools/gbagfx/gbagfx graphics/pokemon/alcremie/love/love_rainbow_swirl.gbapal graphics/pokemon/alcremie/love/love_rainbow_swirl.gbapal.lz
tools/gbagfx/gbagfx graphics/pokemon/alcremie/love/love_ruby_cream.gbapal graphics/pokemon/alcremie/love/love_ruby_cream.gbapal.lz
tools/gbagfx/gbagfx graphics/pokemon/alcremie/love/love_ruby_swirl.gbapal graphics/pokemon/alcremie/love/love_ruby_swirl.gbapal.lz
tools/gbagfx/gbagfx graphics/pokemon/alcremie/love/love_salted_cream.gbapal graphics/pokemon/alcremie/love/love_salted_cream.gbapal.lz
tools/gbagfx/gbagfx graphics/pokemon/alcremie/love/love_shiny.gbapal graphics/pokemon/alcremie/love/love_shiny.gbapal.lz
tools/gbagfx/gbagfx graphics/pokemon/alcremie/ribbon/back.4bpp graphics/pokemon/alcremie/ribbon/back.4bpp.lz
tools/gbagfx/gbagfx graphics/pokemon/alcremie/ribbon/front.4bpp graphics/pokemon/alcremie/ribbon/front.4bpp.lz
tools/gbagfx/gbagfx graphics/pokemon/alcremie/ribbon/ribbon_caramel_swirl.gbapal graphics/pokemon/alcremie/ribbon/ribbon_caramel_swirl.gbapal.lz
tools/gbagfx/gbagfx graphics/pokemon/alcremie/ribbon/ribbon_default.gbapal graphics/pokemon/alcremie/ribbon/ribbon_default.gbapal.lz
tools/gbagfx/gbagfx graphics/pokemon/alcremie/ribbon/ribbon_lemon_cream.gbapal graphics/pokemon/alcremie/ribbon/ribbon_lemon_cream.gbapal.lz
tools/gbagfx/gbagfx graphics/pokemon/alcremie/ribbon/ribbon_matcha_cream.gbapal graphics/pokemon/alcremie/ribbon/ribbon_matcha_cream.gbapal.lz
tools/gbagfx/gbagfx graphics/pokemon/alcremie/ribbon/ribbon_mint_cream.gbapal graphics/pokemon/alcremie/ribbon/ribbon_mint_cream.gbapal.lz
tools/gbagfx/gbagfx graphics/pokemon/alcremie/ribbon/ribbon_rainbow_swirl.gbapal graphics/pokemon/alcremie/ribbon/ribbon_rainbow_swirl.gbapal.lz
tools/gbagfx/gbagfx graphics/pokemon/alcremie/ribbon/ribbon_ruby_cream.gbapal graphics/pokemon/alcremie/ribbon/ribbon_ruby_cream.gbapal.lz
tools/gbagfx/gbagfx graphics/pokemon/alcremie/ribbon/ribbon_ruby_swirl.gbapal graphics/pokemon/alcremie/ribbon/ribbon_ruby_swirl.gbapal.lz
tools/gbagfx/gbagfx graphics/pokemon/alcremie/ribbon/ribbon_salted_cream.gbapal graphics/pokemon/alcremie/ribbon/ribbon_salted_cream.gbapal.lz
tools/gbagfx/gbagfx graphics/pokemon/alcremie/ribbon/ribbon_shiny.gbapal graphics/pokemon/alcremie/ribbon/ribbon_shiny.gbapal.lz
tools/gbagfx/gbagfx graphics/pokemon/alcremie/shiny.gbapal graphics/pokemon/alcremie/shiny.gbapal.lz
tools/gbagfx/gbagfx graphics/pokemon/alcremie/star/back.4bpp graphics/pokemon/alcremie/star/back.4bpp.lz
tools/gbagfx/gbagfx graphics/pokemon/alcremie/star/front.4bpp graphics/pokemon/alcremie/star/front.4bpp.lz
tools/gbagfx/gbagfx graphics/pokemon/alcremie/star/star_caramel_swirl.gbapal graphics/pokemon/alcremie/star/star_caramel_swirl.gbapal.lz
tools/gbagfx/gbagfx graphics/pokemon/alcremie/star/star_default.gbapal graphics/pokemon/alcremie/star/star_default.gbapal.lz
tools/gbagfx/gbagfx graphics/pokemon/alcremie/star/star_lemon_cream.gbapal graphics/pokemon/alcremie/star/star_lemon_cream.gbapal.lz
tools/gbagfx/gbagfx graphics/pokemon/alcremie/star/star_matcha_cream.gbapal graphics/pokemon/alcremie/star/star_matcha_cream.gbapal.lz
tools/gbagfx/gbagfx graphics/pokemon/alcremie/star/star_mint_cream.gbapal graphics/pokemon/alcremie/star/star_mint_cream.gbapal.lz
tools/gbagfx/gbagfx graphics/pokemon/alcremie/star/star_rainbow_swirl.gbapal graphics/pokemon/alcremie/star/star_rainbow_swirl.gbapal.lz
tools/gbagfx/gbagfx graphics/pokemon/alcremie/star/star_ruby_cream.gbapal graphics/pokemon/alcremie/star/star_ruby_cream.gbapal.lz
tools/gbagfx/gbagfx graphics/pokemon/alcremie/star/star_ruby_swirl.gbapal graphics/pokemon/alcremie/star/star_ruby_swirl.gbapal.lz
tools/gbagfx/gbagfx graphics/pokemon/alcremie/star/star_salted_cream.gbapal graphics/pokemon/alcremie/star/star_salted_cream.gbapal.lz
tools/gbagfx/gbagfx graphics/pokemon/alcremie/star/star_shiny.gbapal graphics/pokemon/alcremie/star/star_shiny.gbapal.lz
tools/gbagfx/gbagfx graphics/pokemon/alcremie/strawberry/back.4bpp graphics/pokemon/alcremie/strawberry/back.4bpp.lz
tools/gbagfx/gbagfx graphics/pokemon/alcremie/strawberry/front.4bpp graphics/pokemon/alcremie/strawberry/front.4bpp.lz
tools/gbagfx/gbagfx graphics/pokemon/alcremie/strawberry/strawberry_caramel_swirl.gbapal graphics/pokemon/alcremie/strawberry/strawberry_caramel_swirl.gbapal.lz
tools/gbagfx/gbagfx graphics/pokemon/alcremie/strawberry/strawberry_default.gbapal graphics/pokemon/alcremie/strawberry/strawberry_default.gbapal.lz
tools/gbagfx/gbagfx graphics/pokemon/alcremie/strawberry/strawberry_lemon_cream.gbapal graphics/pokemon/alcremie/strawberry/strawberry_lemon_cream.gbapal.lz
tools/gbagfx/gbagfx graphics/pokemon/alcremie/strawberry/strawberry_matcha_cream.gbapal graphics/pokemon/alcremie/strawberry/strawberry_matcha_cream.gbapal.lz
tools/gbagfx/gbagfx graphics/pokemon/alcremie/strawberry/strawberry_mint_cream.gbapal graphics/pokemon/alcremie/strawberry/strawberry_mint_cream.gbapal.lz
tools/gbagfx/gbagfx graphics/pokemon/alcremie/strawberry/strawberry_rainbow_swirl.gbapal graphics/pokemon/alcremie/strawberry/strawberry_rainbow_swirl.gbapal.lz
tools/gbagfx/gbagfx graphics/pokemon/alcremie/strawberry/strawberry_ruby_cream.gbapal graphics/pokemon/alcremie/strawberry/strawberry_ruby_cream.gbapal.lz
tools/gbagfx/gbagfx graphics/pokemon/alcremie/strawberry/strawberry_ruby_swirl.gbapal graphics/pokemon/alcremie/strawberry/strawberry_ruby_swirl.gbapal.lz
tools/gbagfx/gbagfx graphics/pokemon/alcremie/strawberry/strawberry_salted_cream.gbapal graphics/pokemon/alcremie/strawberry/strawberry_salted_cream.gbapal.lz
tools/gbagfx/gbagfx graphics/pokemon/alcremie/strawberry/strawberry_shiny.gbapal graphics/pokemon/alcremie/strawberry/strawberry_shiny.gbapal.lz
tools/gbagfx/gbagfx graphics/pokemon/alomomola/back.4bpp graphics/pokemon/alomomola/back.4bpp.lz
tools/gbagfx/gbagfx graphics/pokemon/alomomola/front.4bpp graphics/pokemon/alomomola/front.4bpp.lz
tools/gbagfx/gbagfx graphics/pokemon/alomomola/normal.gbapal graphics/pokemon/alomomola/normal.gbapal.lz
tools/gbagfx/gbagfx graphics/pokemon/alomomola/shiny.gbapal graphics/pokemon/alomomola/shiny.gbapal.lz
tools/gbagfx/gbagfx graphics/pokemon/altaria/back.4bpp graphics/pokemon/altaria/back.4bpp.lz
tools/gbagfx/gbagfx graphics/pokemon/altaria/front.4bpp graphics/pokemon/altaria/front.4bpp.lz
tools/gbagfx/gbagfx graphics/pokemon/altaria/mega/back.4bpp graphics/pokemon/altaria/mega/back.4bpp.lz
tools/gbagfx/gbagfx graphics/pokemon/altaria/mega/front.4bpp graphics/pokemon/altaria/mega/front.4bpp.lz
tools/gbagfx/gbagfx graphics/pokemon/altaria/mega/normal.gbapal graphics/pokemon/altaria/mega/normal.gbapal.lz
tools/gbagfx/gbagfx graphics/pokemon/altaria/mega/shiny.gbapal graphics/pokemon/altaria/mega/shiny.gbapal.lz
tools/gbagfx/gbagfx graphics/pokemon/altaria/normal.gbapal graphics/pokemon/altaria/normal.gbapal.lz
tools/gbagfx/gbagfx graphics/pokemon/altaria/shiny.gbapal graphics/pokemon/altaria/shiny.gbapal.lz
tools/gbagfx/gbagfx graphics/pokemon/amaura/back.4bpp graphics/pokemon/amaura/back.4bpp.lz
tools/gbagfx/gbagfx graphics/pokemon/amaura/front.4bpp graphics/pokemon/amaura/front.4bpp.lz
tools/gbagfx/gbagfx graphics/pokemon/amaura/normal.gbapal graphics/pokemon/amaura/normal.gbapal.lz
tools/gbagfx/gbagfx graphics/pokemon/amaura/shiny.gbapal graphics/pokemon/amaura/shiny.gbapal.lz
tools/gbagfx/gbagfx graphics/pokemon/ambipom/back.4bpp graphics/pokemon/ambipom/back.4bpp.lz
tools/gbagfx/gbagfx graphics/pokemon/ambipom/backf.4bpp graphics/pokemon/ambipom/backf.4bpp.lz
tools/gbagfx/gbagfx graphics/pokemon/ambipom/front.4bpp graphics/pokemon/ambipom/front.4bpp.lz
tools/gbagfx/gbagfx graphics/pokemon/ambipom/frontf.4bpp graphics/pokemon/ambipom/frontf.4bpp.lz
tools/gbagfx/gbagfx graphics/pokemon/ambipom/normal.gbapal graphics/pokemon/ambipom/normal.gbapal.lz
tools/gbagfx/gbagfx graphics/pokemon/ambipom/shiny.gbapal graphics/pokemon/ambipom/shiny.gbapal.lz
tools/gbagfx/gbagfx graphics/pokemon/amoonguss/back.4bpp graphics/pokemon/amoonguss/back.4bpp.lz
tools/gbagfx/gbagfx graphics/pokemon/amoonguss/front.4bpp graphics/pokemon/amoonguss/front.4bpp.lz
tools/gbagfx/gbagfx graphics/pokemon/amoonguss/normal.gbapal graphics/pokemon/amoonguss/normal.gbapal.lz
tools/gbagfx/gbagfx graphics/pokemon/amoonguss/shiny.gbapal graphics/pokemon/amoonguss/shiny.gbapal.lz
tools/gbagfx/gbagfx graphics/pokemon/ampharos/back.4bpp graphics/pokemon/ampharos/back.4bpp.lz
tools/gbagfx/gbagfx graphics/pokemon/ampharos/front.4bpp graphics/pokemon/ampharos/front.4bpp.lz
tools/gbagfx/gbagfx graphics/pokemon/ampharos/mega/back.4bpp graphics/pokemon/ampharos/mega/back.4bpp.lz
tools/gbagfx/gbagfx graphics/pokemon/ampharos/mega/front.4bpp graphics/pokemon/ampharos/mega/front.4bpp.lz
tools/gbagfx/gbagfx graphics/pokemon/ampharos/mega/normal.gbapal graphics/pokemon/ampharos/mega/normal.gbapal.lz
tools/gbagfx/gbagfx graphics/pokemon/ampharos/mega/shiny.gbapal graphics/pokemon/ampharos/mega/shiny.gbapal.lz
tools/gbagfx/gbagfx graphics/pokemon/ampharos/normal.gbapal graphics/pokemon/ampharos/normal.gbapal.lz
tools/gbagfx/gbagfx graphics/pokemon/ampharos/shiny.gbapal graphics/pokemon/ampharos/shiny.gbapal.lz
tools/gbagfx/gbagfx graphics/pokemon/annihilape/back.4bpp graphics/pokemon/annihilape/back.4bpp.lz
tools/gbagfx/gbagfx graphics/pokemon/annihilape/front.4bpp graphics/pokemon/annihilape/front.4bpp.lz
tools/gbagfx/gbagfx graphics/pokemon/annihilape/normal.gbapal graphics/pokemon/annihilape/normal.gbapal.lz
tools/gbagfx/gbagfx graphics/pokemon/annihilape/shiny.gbapal graphics/pokemon/annihilape/shiny.gbapal.lz
tools/gbagfx/gbagfx graphics/pokemon/anorith/back.4bpp graphics/pokemon/anorith/back.4bpp.lz
tools/gbagfx/gbagfx graphics/pokemon/anorith/front.4bpp graphics/pokemon/anorith/front.4bpp.lz
tools/gbagfx/gbagfx graphics/pokemon/anorith/normal.gbapal graphics/pokemon/anorith/normal.gbapal.lz
tools/gbagfx/gbagfx graphics/pokemon/anorith/shiny.gbapal graphics/pokemon/anorith/shiny.gbapal.lz
tools/gbagfx/gbagfx graphics/pokemon/appletun/back.4bpp graphics/pokemon/appletun/back.4bpp.lz
tools/gbagfx/gbagfx graphics/pokemon/appletun/front.4bpp graphics/pokemon/appletun/front.4bpp.lz
tools/gbagfx/gbagfx graphics/pokemon/appletun/normal.gbapal graphics/pokemon/appletun/normal.gbapal.lz
tools/gbagfx/gbagfx graphics/pokemon/appletun/shiny.gbapal graphics/pokemon/appletun/shiny.gbapal.lz
tools/gbagfx/gbagfx graphics/pokemon/applin/back.4bpp graphics/pokemon/applin/back.4bpp.lz
tools/gbagfx/gbagfx graphics/pokemon/applin/front.4bpp graphics/pokemon/applin/front.4bpp.lz
tools/gbagfx/gbagfx graphics/pokemon/applin/normal.gbapal graphics/pokemon/applin/normal.gbapal.lz
tools/gbagfx/gbagfx graphics/pokemon/applin/shiny.gbapal graphics/pokemon/applin/shiny.gbapal.lz
tools/gbagfx/gbagfx graphics/pokemon/araquanid/back.4bpp graphics/pokemon/araquanid/back.4bpp.lz
tools/gbagfx/gbagfx graphics/pokemon/araquanid/front.4bpp graphics/pokemon/araquanid/front.4bpp.lz
tools/gbagfx/gbagfx graphics/pokemon/araquanid/normal.gbapal graphics/pokemon/araquanid/normal.gbapal.lz
tools/gbagfx/gbagfx graphics/pokemon/araquanid/shiny.gbapal graphics/pokemon/araquanid/shiny.gbapal.lz
tools/gbagfx/gbagfx graphics/pokemon/arbok/back.4bpp graphics/pokemon/arbok/back.4bpp.lz
tools/gbagfx/gbagfx graphics/pokemon/arbok/front.4bpp graphics/pokemon/arbok/front.4bpp.lz
tools/gbagfx/gbagfx graphics/pokemon/arbok/normal.gbapal graphics/pokemon/arbok/normal.gbapal.lz
tools/gbagfx/gbagfx graphics/pokemon/arbok/shiny.gbapal graphics/pokemon/arbok/shiny.gbapal.lz
tools/gbagfx/gbagfx graphics/pokemon/arboliva/back.4bpp graphics/pokemon/arboliva/back.4bpp.lz
tools/gbagfx/gbagfx graphics/pokemon/arboliva/front.4bpp graphics/pokemon/arboliva/front.4bpp.lz
tools/gbagfx/gbagfx graphics/pokemon/arboliva/normal.gbapal graphics/pokemon/arboliva/normal.gbapal.lz
tools/gbagfx/gbagfx graphics/pokemon/arboliva/shiny.gbapal graphics/pokemon/arboliva/shiny.gbapal.lz
tools/gbagfx/gbagfx graphics/pokemon/arcanine/back.4bpp graphics/pokemon/arcanine/back.4bpp.lz
tools/gbagfx/gbagfx graphics/pokemon/arcanine/front.4bpp graphics/pokemon/arcanine/front.4bpp.lz
tools/gbagfx/gbagfx graphics/pokemon/arcanine/hisuian/back.4bpp graphics/pokemon/arcanine/hisuian/back.4bpp.lz
tools/gbagfx/gbagfx graphics/pokemon/arcanine/hisuian/front.4bpp graphics/pokemon/arcanine/hisuian/front.4bpp.lz
tools/gbagfx/gbagfx graphics/pokemon/arcanine/hisuian/normal.gbapal graphics/pokemon/arcanine/hisuian/normal.gbapal.lz
tools/gbagfx/gbagfx graphics/pokemon/arcanine/hisuian/shiny.gbapal graphics/pokemon/arcanine/hisuian/shiny.gbapal.lz
tools/gbagfx/gbagfx graphics/pokemon/arcanine/normal.gbapal graphics/pokemon/arcanine/normal.gbapal.lz
tools/gbagfx/gbagfx graphics/pokemon/arcanine/shiny.gbapal graphics/pokemon/arcanine/shiny.gbapal.lz
tools/gbagfx/gbagfx graphics/pokemon/arceus/back.4bpp graphics/pokemon/arceus/back.4bpp.lz
tools/gbagfx/gbagfx graphics/pokemon/arceus/front.4bpp graphics/pokemon/arceus/front.4bpp.lz
tools/gbagfx/gbagfx graphics/pokemon/arceus/normal.gbapal graphics/pokemon/arceus/normal.gbapal.lz
tools/gbagfx/gbagfx graphics/pokemon/arceus/shiny.gbapal graphics/pokemon/arceus/shiny.gbapal.lz
tools/gbagfx/gbagfx graphics/pokemon/archaludon/back.4bpp graphics/pokemon/archaludon/back.4bpp.lz
tools/gbagfx/gbagfx graphics/pokemon/archaludon/front.4bpp graphics/pokemon/archaludon/front.4bpp.lz
tools/gbagfx/gbagfx graphics/pokemon/archaludon/normal.gbapal graphics/pokemon/archaludon/normal.gbapal.lz
tools/gbagfx/gbagfx graphics/pokemon/archaludon/shiny.gbapal graphics/pokemon/archaludon/shiny.gbapal.lz
tools/gbagfx/gbagfx graphics/pokemon/archen/back.4bpp graphics/pokemon/archen/back.4bpp.lz
tools/gbagfx/gbagfx graphics/pokemon/archen/front.4bpp graphics/pokemon/archen/front.4bpp.lz
tools/gbagfx/gbagfx graphics/pokemon/archen/normal.gbapal graphics/pokemon/archen/normal.gbapal.lz
tools/gbagfx/gbagfx graphics/pokemon/archen/shiny.gbapal graphics/pokemon/archen/shiny.gbapal.lz
tools/gbagfx/gbagfx graphics/pokemon/archeops/back.4bpp graphics/pokemon/archeops/back.4bpp.lz
tools/gbagfx/gbagfx graphics/pokemon/archeops/front.4bpp graphics/pokemon/archeops/front.4bpp.lz
tools/gbagfx/gbagfx graphics/pokemon/archeops/normal.gbapal graphics/pokemon/archeops/normal.gbapal.lz
tools/gbagfx/gbagfx graphics/pokemon/archeops/shiny.gbapal graphics/pokemon/archeops/shiny.gbapal.lz
tools/gbagfx/gbagfx graphics/pokemon/arctibax/back.4bpp graphics/pokemon/arctibax/back.4bpp.lz
tools/gbagfx/gbagfx graphics/pokemon/arctibax/front.4bpp graphics/pokemon/arctibax/front.4bpp.lz
tools/gbagfx/gbagfx graphics/pokemon/arctibax/normal.gbapal graphics/pokemon/arctibax/normal.gbapal.lz
tools/gbagfx/gbagfx graphics/pokemon/arctibax/shiny.gbapal graphics/pokemon/arctibax/shiny.gbapal.lz
tools/gbagfx/gbagfx graphics/pokemon/arctovish/back.4bpp graphics/pokemon/arctovish/back.4bpp.lz
tools/gbagfx/gbagfx graphics/pokemon/arctovish/front.4bpp graphics/pokemon/arctovish/front.4bpp.lz
tools/gbagfx/gbagfx graphics/pokemon/arctovish/normal.gbapal graphics/pokemon/arctovish/normal.gbapal.lz
tools/gbagfx/gbagfx graphics/pokemon/arctovish/shiny.gbapal graphics/pokemon/arctovish/shiny.gbapal.lz
tools/gbagfx/gbagfx graphics/pokemon/arctozolt/back.4bpp graphics/pokemon/arctozolt/back.4bpp.lz
tools/gbagfx/gbagfx graphics/pokemon/arctozolt/front.4bpp graphics/pokemon/arctozolt/front.4bpp.lz
tools/gbagfx/gbagfx graphics/pokemon/arctozolt/normal.gbapal graphics/pokemon/arctozolt/normal.gbapal.lz
tools/gbagfx/gbagfx graphics/pokemon/arctozolt/shiny.gbapal graphics/pokemon/arctozolt/shiny.gbapal.lz
tools/gbagfx/gbagfx graphics/pokemon/ariados/back.4bpp graphics/pokemon/ariados/back.4bpp.lz
tools/gbagfx/gbagfx graphics/pokemon/ariados/front.4bpp graphics/pokemon/ariados/front.4bpp.lz
tools/gbagfx/gbagfx graphics/pokemon/ariados/normal.gbapal graphics/pokemon/ariados/normal.gbapal.lz
tools/gbagfx/gbagfx graphics/pokemon/ariados/shiny.gbapal graphics/pokemon/ariados/shiny.gbapal.lz
tools/gbagfx/gbagfx graphics/pokemon/armaldo/back.4bpp graphics/pokemon/armaldo/back.4bpp.lz
tools/gbagfx/gbagfx graphics/pokemon/armaldo/front.4bpp graphics/pokemon/armaldo/front.4bpp.lz
tools/gbagfx/gbagfx graphics/pokemon/armaldo/normal.gbapal graphics/pokemon/armaldo/normal.gbapal.lz
tools/gbagfx/gbagfx graphics/pokemon/armaldo/shiny.gbapal graphics/pokemon/armaldo/shiny.gbapal.lz
tools/gbagfx/gbagfx graphics/pokemon/armarouge/back.4bpp graphics/pokemon/armarouge/back.4bpp.lz
tools/gbagfx/gbagfx graphics/pokemon/armarouge/front.4bpp graphics/pokemon/armarouge/front.4bpp.lz
tools/gbagfx/gbagfx graphics/pokemon/armarouge/normal.gbapal graphics/pokemon/armarouge/normal.gbapal.lz
tools/gbagfx/gbagfx graphics/pokemon/armarouge/shiny.gbapal graphics/pokemon/armarouge/shiny.gbapal.lz
tools/gbagfx/gbagfx graphics/pokemon/aromatisse/back.4bpp graphics/pokemon/aromatisse/back.4bpp.lz
tools/gbagfx/gbagfx graphics/pokemon/aromatisse/front.4bpp graphics/pokemon/aromatisse/front.4bpp.lz
tools/gbagfx/gbagfx graphics/pokemon/aromatisse/normal.gbapal graphics/pokemon/aromatisse/normal.gbapal.lz
tools/gbagfx/gbagfx graphics/pokemon/aromatisse/shiny.gbapal graphics/pokemon/aromatisse/shiny.gbapal.lz
tools/gbagfx/gbagfx graphics/pokemon/aron/back.4bpp graphics/pokemon/aron/back.4bpp.lz
tools/gbagfx/gbagfx graphics/pokemon/aron/front.4bpp graphics/pokemon/aron/front.4bpp.lz
tools/gbagfx/gbagfx graphics/pokemon/aron/normal.gbapal graphics/pokemon/aron/normal.gbapal.lz
tools/gbagfx/gbagfx graphics/pokemon/aron/shiny.gbapal graphics/pokemon/aron/shiny.gbapal.lz
tools/gbagfx/gbagfx graphics/pokemon/arrokuda/back.4bpp graphics/pokemon/arrokuda/back.4bpp.lz
tools/gbagfx/gbagfx graphics/pokemon/arrokuda/front.4bpp graphics/pokemon/arrokuda/front.4bpp.lz
tools/gbagfx/gbagfx graphics/pokemon/arrokuda/normal.gbapal graphics/pokemon/arrokuda/normal.gbapal.lz
tools/gbagfx/gbagfx graphics/pokemon/arrokuda/shiny.gbapal graphics/pokemon/arrokuda/shiny.gbapal.lz
tools/gbagfx/gbagfx graphics/pokemon/articuno/back.4bpp graphics/pokemon/articuno/back.4bpp.lz
tools/gbagfx/gbagfx graphics/pokemon/articuno/front.4bpp graphics/pokemon/articuno/front.4bpp.lz
tools/gbagfx/gbagfx graphics/pokemon/articuno/galarian/back.4bpp graphics/pokemon/articuno/galarian/back.4bpp.lz
tools/gbagfx/gbagfx graphics/pokemon/articuno/galarian/front.4bpp graphics/pokemon/articuno/galarian/front.4bpp.lz
tools/gbagfx/gbagfx graphics/pokemon/articuno/galarian/normal.gbapal graphics/pokemon/articuno/galarian/normal.gbapal.lz
tools/gbagfx/gbagfx graphics/pokemon/articuno/galarian/shiny.gbapal graphics/pokemon/articuno/galarian/shiny.gbapal.lz
tools/gbagfx/gbagfx graphics/pokemon/articuno/normal.gbapal graphics/pokemon/articuno/normal.gbapal.lz
tools/gbagfx/gbagfx graphics/pokemon/articuno/shiny.gbapal graphics/pokemon/articuno/shiny.gbapal.lz
tools/gbagfx/gbagfx graphics/pokemon/audino/back.4bpp graphics/pokemon/audino/back.4bpp.lz
tools/gbagfx/gbagfx graphics/pokemon/audino/front.4bpp graphics/pokemon/audino/front.4bpp.lz
tools/gbagfx/gbagfx graphics/pokemon/audino/mega/back.4bpp graphics/pokemon/audino/mega/back.4bpp.lz
tools/gbagfx/gbagfx graphics/pokemon/audino/mega/front.4bpp graphics/pokemon/audino/mega/front.4bpp.lz
tools/gbagfx/gbagfx graphics/pokemon/audino/mega/normal.gbapal graphics/pokemon/audino/mega/normal.gbapal.lz
tools/gbagfx/gbagfx graphics/pokemon/audino/mega/shiny.gbapal graphics/pokemon/audino/mega/shiny.gbapal.lz
tools/gbagfx/gbagfx graphics/pokemon/audino/normal.gbapal graphics/pokemon/audino/normal.gbapal.lz
tools/gbagfx/gbagfx graphics/pokemon/audino/shiny.gbapal graphics/pokemon/audino/shiny.gbapal.lz
tools/gbagfx/gbagfx graphics/pokemon/aurorus/back.4bpp graphics/pokemon/aurorus/back.4bpp.lz
tools/gbagfx/gbagfx graphics/pokemon/aurorus/front.4bpp graphics/pokemon/aurorus/front.4bpp.lz
tools/gbagfx/gbagfx graphics/pokemon/aurorus/normal.gbapal graphics/pokemon/aurorus/normal.gbapal.lz
tools/gbagfx/gbagfx graphics/pokemon/aurorus/shiny.gbapal graphics/pokemon/aurorus/shiny.gbapal.lz
tools/gbagfx/gbagfx graphics/pokemon/avalugg/back.4bpp graphics/pokemon/avalugg/back.4bpp.lz
tools/gbagfx/gbagfx graphics/pokemon/avalugg/front.4bpp graphics/pokemon/avalugg/front.4bpp.lz
tools/gbagfx/gbagfx graphics/pokemon/avalugg/hisuian/back.4bpp graphics/pokemon/avalugg/hisuian/back.4bpp.lz
tools/gbagfx/gbagfx graphics/pokemon/avalugg/hisuian/front.4bpp graphics/pokemon/avalugg/hisuian/front.4bpp.lz
tools/gbagfx/gbagfx graphics/pokemon/avalugg/hisuian/normal.gbapal graphics/pokemon/avalugg/hisuian/normal.gbapal.lz
tools/gbagfx/gbagfx graphics/pokemon/avalugg/hisuian/shiny.gbapal graphics/pokemon/avalugg/hisuian/shiny.gbapal.lz
tools/gbagfx/gbagfx graphics/pokemon/avalugg/normal.gbapal graphics/pokemon/avalugg/normal.gbapal.lz
tools/gbagfx/gbagfx graphics/pokemon/avalugg/shiny.gbapal graphics/pokemon/avalugg/shiny.gbapal.lz
tools/gbagfx/gbagfx graphics/pokemon/axew/back.4bpp graphics/pokemon/axew/back.4bpp.lz
tools/gbagfx/gbagfx graphics/pokemon/axew/front.4bpp graphics/pokemon/axew/front.4bpp.lz
tools/gbagfx/gbagfx graphics/pokemon/axew/normal.gbapal graphics/pokemon/axew/normal.gbapal.lz
tools/gbagfx/gbagfx graphics/pokemon/axew/shiny.gbapal graphics/pokemon/axew/shiny.gbapal.lz
tools/gbagfx/gbagfx graphics/pokemon/azelf/back.4bpp graphics/pokemon/azelf/back.4bpp.lz
tools/gbagfx/gbagfx graphics/pokemon/azelf/front.4bpp graphics/pokemon/azelf/front.4bpp.lz
tools/gbagfx/gbagfx graphics/pokemon/azelf/normal.gbapal graphics/pokemon/azelf/normal.gbapal.lz
tools/gbagfx/gbagfx graphics/pokemon/azelf/shiny.gbapal graphics/pokemon/azelf/shiny.gbapal.lz
tools/gbagfx/gbagfx graphics/pokemon/azumarill/back.4bpp graphics/pokemon/azumarill/back.4bpp.lz
tools/gbagfx/gbagfx graphics/pokemon/azumarill/front.4bpp graphics/pokemon/azumarill/front.4bpp.lz
tools/gbagfx/gbagfx graphics/pokemon/azumarill/normal.gbapal graphics/pokemon/azumarill/normal.gbapal.lz
tools/gbagfx/gbagfx graphics/pokemon/azumarill/shiny.gbapal graphics/pokemon/azumarill/shiny.gbapal.lz
tools/gbagfx/gbagfx graphics/pokemon/azurill/back.4bpp graphics/pokemon/azurill/back.4bpp.lz
tools/gbagfx/gbagfx graphics/pokemon/azurill/front.4bpp graphics/pokemon/azurill/front.4bpp.lz
tools/gbagfx/gbagfx graphics/pokemon/azurill/normal.gbapal graphics/pokemon/azurill/normal.gbapal.lz
tools/gbagfx/gbagfx graphics/pokemon/azurill/shiny.gbapal graphics/pokemon/azurill/shiny.gbapal.lz
tools/gbagfx/gbagfx graphics/pokemon/bagon/back.4bpp graphics/pokemon/bagon/back.4bpp.lz
tools/gbagfx/gbagfx graphics/pokemon/bagon/front.4bpp graphics/pokemon/bagon/front.4bpp.lz
tools/gbagfx/gbagfx graphics/pokemon/bagon/normal.gbapal graphics/pokemon/bagon/normal.gbapal.lz
tools/gbagfx/gbagfx graphics/pokemon/bagon/shiny.gbapal graphics/pokemon/bagon/shiny.gbapal.lz
tools/gbagfx/gbagfx graphics/pokemon/baltoy/back.4bpp graphics/pokemon/baltoy/back.4bpp.lz
tools/gbagfx/gbagfx graphics/pokemon/baltoy/front.4bpp graphics/pokemon/baltoy/front.4bpp.lz
tools/gbagfx/gbagfx graphics/pokemon/baltoy/normal.gbapal graphics/pokemon/baltoy/normal.gbapal.lz
tools/gbagfx/gbagfx graphics/pokemon/baltoy/shiny.gbapal graphics/pokemon/baltoy/shiny.gbapal.lz
tools/gbagfx/gbagfx graphics/pokemon/banette/back.4bpp graphics/pokemon/banette/back.4bpp.lz
tools/gbagfx/gbagfx graphics/pokemon/banette/front.4bpp graphics/pokemon/banette/front.4bpp.lz
tools/gbagfx/gbagfx graphics/pokemon/banette/mega/back.4bpp graphics/pokemon/banette/mega/back.4bpp.lz
tools/gbagfx/gbagfx graphics/pokemon/banette/mega/front.4bpp graphics/pokemon/banette/mega/front.4bpp.lz
tools/gbagfx/gbagfx graphics/pokemon/banette/mega/normal.gbapal graphics/pokemon/banette/mega/normal.gbapal.lz
tools/gbagfx/gbagfx graphics/pokemon/banette/mega/shiny.gbapal graphics/pokemon/banette/mega/shiny.gbapal.lz
tools/gbagfx/gbagfx graphics/pokemon/banette/normal.gbapal graphics/pokemon/banette/normal.gbapal.lz
tools/gbagfx/gbagfx graphics/pokemon/banette/shiny.gbapal graphics/pokemon/banette/shiny.gbapal.lz
tools/gbagfx/gbagfx graphics/pokemon/barbaracle/back.4bpp graphics/pokemon/barbaracle/back.4bpp.lz
tools/gbagfx/gbagfx graphics/pokemon/barbaracle/front.4bpp graphics/pokemon/barbaracle/front.4bpp.lz
tools/gbagfx/gbagfx graphics/pokemon/barbaracle/normal.gbapal graphics/pokemon/barbaracle/normal.gbapal.lz
tools/gbagfx/gbagfx graphics/pokemon/barbaracle/shiny.gbapal graphics/pokemon/barbaracle/shiny.gbapal.lz
tools/gbagfx/gbagfx graphics/pokemon/barboach/back.4bpp graphics/pokemon/barboach/back.4bpp.lz
tools/gbagfx/gbagfx graphics/pokemon/barboach/front.4bpp graphics/pokemon/barboach/front.4bpp.lz
tools/gbagfx/gbagfx graphics/pokemon/barboach/normal.gbapal graphics/pokemon/barboach/normal.gbapal.lz
tools/gbagfx/gbagfx graphics/pokemon/barboach/shiny.gbapal graphics/pokemon/barboach/shiny.gbapal.lz
tools/gbagfx/gbagfx graphics/pokemon/barraskewda/back.4bpp graphics/pokemon/barraskewda/back.4bpp.lz
tools/gbagfx/gbagfx graphics/pokemon/barraskewda/front.4bpp graphics/pokemon/barraskewda/front.4bpp.lz
tools/gbagfx/gbagfx graphics/pokemon/barraskewda/normal.gbapal graphics/pokemon/barraskewda/normal.gbapal.lz
tools/gbagfx/gbagfx graphics/pokemon/barraskewda/shiny.gbapal graphics/pokemon/barraskewda/shiny.gbapal.lz
tools/gbagfx/gbagfx graphics/pokemon/basculegion/back.4bpp graphics/pokemon/basculegion/back.4bpp.lz
tools/gbagfx/gbagfx graphics/pokemon/basculegion/female/back.4bpp graphics/pokemon/basculegion/female/back.4bpp.lz
tools/gbagfx/gbagfx graphics/pokemon/basculegion/female/front.4bpp graphics/pokemon/basculegion/female/front.4bpp.lz
tools/gbagfx/gbagfx graphics/pokemon/basculegion/female/normal.gbapal graphics/pokemon/basculegion/female/normal.gbapal.lz
tools/gbagfx/gbagfx graphics/pokemon/basculegion/female/shiny.gbapal graphics/pokemon/basculegion/female/shiny.gbapal.lz
tools/gbagfx/gbagfx graphics/pokemon/basculegion/front.4bpp graphics/pokemon/basculegion/front.4bpp.lz
tools/gbagfx/gbagfx graphics/pokemon/basculegion/normal.gbapal graphics/pokemon/basculegion/normal.gbapal.lz
tools/gbagfx/gbagfx graphics/pokemon/basculegion/shiny.gbapal graphics/pokemon/basculegion/shiny.gbapal.lz
tools/gbagfx/gbagfx graphics/pokemon/basculin/back.4bpp graphics/pokemon/basculin/back.4bpp.lz
tools/gbagfx/gbagfx graphics/pokemon/basculin/blue_striped/back.4bpp graphics/pokemon/basculin/blue_striped/back.4bpp.lz
tools/gbagfx/gbagfx graphics/pokemon/basculin/blue_striped/front.4bpp graphics/pokemon/basculin/blue_striped/front.4bpp.lz
tools/gbagfx/gbagfx graphics/pokemon/basculin/blue_striped/normal.gbapal graphics/pokemon/basculin/blue_striped/normal.gbapal.lz
tools/gbagfx/gbagfx graphics/pokemon/basculin/blue_striped/shiny.gbapal graphics/pokemon/basculin/blue_striped/shiny.gbapal.lz
tools/gbagfx/gbagfx graphics/pokemon/basculin/front.4bpp graphics/pokemon/basculin/front.4bpp.lz
tools/gbagfx/gbagfx graphics/pokemon/basculin/normal.gbapal graphics/pokemon/basculin/normal.gbapal.lz
tools/gbagfx/gbagfx graphics/pokemon/basculin/shiny.gbapal graphics/pokemon/basculin/shiny.gbapal.lz
tools/gbagfx/gbagfx graphics/pokemon/basculin/white_striped/back.4bpp graphics/pokemon/basculin/white_striped/back.4bpp.lz
tools/gbagfx/gbagfx graphics/pokemon/basculin/white_striped/front.4bpp graphics/pokemon/basculin/white_striped/front.4bpp.lz
tools/gbagfx/gbagfx graphics/pokemon/basculin/white_striped/normal.gbapal graphics/pokemon/basculin/white_striped/normal.gbapal.lz
tools/gbagfx/gbagfx graphics/pokemon/basculin/white_striped/shiny.gbapal graphics/pokemon/basculin/white_striped/shiny.gbapal.lz
tools/gbagfx/gbagfx graphics/pokemon/bastiodon/back.4bpp graphics/pokemon/bastiodon/back.4bpp.lz
tools/gbagfx/gbagfx graphics/pokemon/bastiodon/front.4bpp graphics/pokemon/bastiodon/front.4bpp.lz
tools/gbagfx/gbagfx graphics/pokemon/bastiodon/normal.gbapal graphics/pokemon/bastiodon/normal.gbapal.lz
tools/gbagfx/gbagfx graphics/pokemon/bastiodon/shiny.gbapal graphics/pokemon/bastiodon/shiny.gbapal.lz
tools/gbagfx/gbagfx graphics/pokemon/baxcalibur/back.4bpp graphics/pokemon/baxcalibur/back.4bpp.lz
tools/gbagfx/gbagfx graphics/pokemon/baxcalibur/front.4bpp graphics/pokemon/baxcalibur/front.4bpp.lz
tools/gbagfx/gbagfx graphics/pokemon/baxcalibur/normal.gbapal graphics/pokemon/baxcalibur/normal.gbapal.lz
tools/gbagfx/gbagfx graphics/pokemon/baxcalibur/shiny.gbapal graphics/pokemon/baxcalibur/shiny.gbapal.lz
tools/gbagfx/gbagfx graphics/pokemon/bayleef/back.4bpp graphics/pokemon/bayleef/back.4bpp.lz
tools/gbagfx/gbagfx graphics/pokemon/bayleef/front.4bpp graphics/pokemon/bayleef/front.4bpp.lz
tools/gbagfx/gbagfx graphics/pokemon/bayleef/normal.gbapal graphics/pokemon/bayleef/normal.gbapal.lz
tools/gbagfx/gbagfx graphics/pokemon/bayleef/shiny.gbapal graphics/pokemon/bayleef/shiny.gbapal.lz
tools/gbagfx/gbagfx graphics/pokemon/beartic/back.4bpp graphics/pokemon/beartic/back.4bpp.lz
tools/gbagfx/gbagfx graphics/pokemon/beartic/front.4bpp graphics/pokemon/beartic/front.4bpp.lz
tools/gbagfx/gbagfx graphics/pokemon/beartic/normal.gbapal graphics/pokemon/beartic/normal.gbapal.lz
tools/gbagfx/gbagfx graphics/pokemon/beartic/shiny.gbapal graphics/pokemon/beartic/shiny.gbapal.lz
tools/gbagfx/gbagfx graphics/pokemon/beautifly/back.4bpp graphics/pokemon/beautifly/back.4bpp.lz
tools/gbagfx/gbagfx graphics/pokemon/beautifly/backf.4bpp graphics/pokemon/beautifly/backf.4bpp.lz
tools/gbagfx/gbagfx graphics/pokemon/beautifly/front.4bpp graphics/pokemon/beautifly/front.4bpp.lz
tools/gbagfx/gbagfx graphics/pokemon/beautifly/frontf.4bpp graphics/pokemon/beautifly/frontf.4bpp.lz
tools/gbagfx/gbagfx graphics/pokemon/beautifly/normal.gbapal graphics/pokemon/beautifly/normal.gbapal.lz
tools/gbagfx/gbagfx graphics/pokemon/beautifly/shiny.gbapal graphics/pokemon/beautifly/shiny.gbapal.lz
tools/gbagfx/gbagfx graphics/pokemon/beedrill/back.4bpp graphics/pokemon/beedrill/back.4bpp.lz
tools/gbagfx/gbagfx graphics/pokemon/beedrill/front.4bpp graphics/pokemon/beedrill/front.4bpp.lz
tools/gbagfx/gbagfx graphics/pokemon/beedrill/mega/back.4bpp graphics/pokemon/beedrill/mega/back.4bpp.lz
tools/gbagfx/gbagfx graphics/pokemon/beedrill/mega/front.4bpp graphics/pokemon/beedrill/mega/front.4bpp.lz
tools/gbagfx/gbagfx graphics/pokemon/beedrill/mega/normal.gbapal graphics/pokemon/beedrill/mega/normal.gbapal.lz
tools/gbagfx/gbagfx graphics/pokemon/beedrill/mega/shiny.gbapal graphics/pokemon/beedrill/mega/shiny.gbapal.lz
tools/gbagfx/gbagfx graphics/pokemon/beedrill/normal.gbapal graphics/pokemon/beedrill/normal.gbapal.lz
tools/gbagfx/gbagfx graphics/pokemon/beedrill/shiny.gbapal graphics/pokemon/beedrill/shiny.gbapal.lz
tools/gbagfx/gbagfx graphics/pokemon/beheeyem/back.4bpp graphics/pokemon/beheeyem/back.4bpp.lz
tools/gbagfx/gbagfx graphics/pokemon/beheeyem/front.4bpp graphics/pokemon/beheeyem/front.4bpp.lz
tools/gbagfx/gbagfx graphics/pokemon/beheeyem/normal.gbapal graphics/pokemon/beheeyem/normal.gbapal.lz
tools/gbagfx/gbagfx graphics/pokemon/beheeyem/shiny.gbapal graphics/pokemon/beheeyem/shiny.gbapal.lz
tools/gbagfx/gbagfx graphics/pokemon/beldum/back.4bpp graphics/pokemon/beldum/back.4bpp.lz
tools/gbagfx/gbagfx graphics/pokemon/beldum/front.4bpp graphics/pokemon/beldum/front.4bpp.lz
tools/gbagfx/gbagfx graphics/pokemon/beldum/normal.gbapal graphics/pokemon/beldum/normal.gbapal.lz
tools/gbagfx/gbagfx graphics/pokemon/beldum/shiny.gbapal graphics/pokemon/beldum/shiny.gbapal.lz
tools/gbagfx/gbagfx graphics/pokemon/bellibolt/back.4bpp graphics/pokemon/bellibolt/back.4bpp.lz
tools/gbagfx/gbagfx graphics/pokemon/bellibolt/front.4bpp graphics/pokemon/bellibolt/front.4bpp.lz
tools/gbagfx/gbagfx graphics/pokemon/bellibolt/normal.gbapal graphics/pokemon/bellibolt/normal.gbapal.lz
tools/gbagfx/gbagfx graphics/pokemon/bellibolt/shiny.gbapal graphics/pokemon/bellibolt/shiny.gbapal.lz
tools/gbagfx/gbagfx graphics/pokemon/bellossom/back.4bpp graphics/pokemon/bellossom/back.4bpp.lz
tools/gbagfx/gbagfx graphics/pokemon/bellossom/front.4bpp graphics/pokemon/bellossom/front.4bpp.lz
tools/gbagfx/gbagfx graphics/pokemon/bellossom/normal.gbapal graphics/pokemon/bellossom/normal.gbapal.lz
tools/gbagfx/gbagfx graphics/pokemon/bellossom/shiny.gbapal graphics/pokemon/bellossom/shiny.gbapal.lz
tools/gbagfx/gbagfx graphics/pokemon/bellsprout/back.4bpp graphics/pokemon/bellsprout/back.4bpp.lz
tools/gbagfx/gbagfx graphics/pokemon/bellsprout/front.4bpp graphics/pokemon/bellsprout/front.4bpp.lz
tools/gbagfx/gbagfx graphics/pokemon/bellsprout/normal.gbapal graphics/pokemon/bellsprout/normal.gbapal.lz
tools/gbagfx/gbagfx graphics/pokemon/bellsprout/shiny.gbapal graphics/pokemon/bellsprout/shiny.gbapal.lz
tools/gbagfx/gbagfx graphics/pokemon/bergmite/back.4bpp graphics/pokemon/bergmite/back.4bpp.lz
tools/gbagfx/gbagfx graphics/pokemon/bergmite/front.4bpp graphics/pokemon/bergmite/front.4bpp.lz
tools/gbagfx/gbagfx graphics/pokemon/bergmite/normal.gbapal graphics/pokemon/bergmite/normal.gbapal.lz
tools/gbagfx/gbagfx graphics/pokemon/bergmite/shiny.gbapal graphics/pokemon/bergmite/shiny.gbapal.lz
tools/gbagfx/gbagfx graphics/pokemon/bewear/back.4bpp graphics/pokemon/bewear/back.4bpp.lz
tools/gbagfx/gbagfx graphics/pokemon/bewear/front.4bpp graphics/pokemon/bewear/front.4bpp.lz
tools/gbagfx/gbagfx graphics/pokemon/bewear/normal.gbapal graphics/pokemon/bewear/normal.gbapal.lz
tools/gbagfx/gbagfx graphics/pokemon/bewear/shiny.gbapal graphics/pokemon/bewear/shiny.gbapal.lz
tools/gbagfx/gbagfx graphics/pokemon/bibarel/back.4bpp graphics/pokemon/bibarel/back.4bpp.lz
tools/gbagfx/gbagfx graphics/pokemon/bibarel/front.4bpp graphics/pokemon/bibarel/front.4bpp.lz
tools/gbagfx/gbagfx graphics/pokemon/bibarel/frontf.4bpp graphics/pokemon/bibarel/frontf.4bpp.lz
tools/gbagfx/gbagfx graphics/pokemon/bibarel/normal.gbapal graphics/pokemon/bibarel/normal.gbapal.lz
tools/gbagfx/gbagfx graphics/pokemon/bibarel/shiny.gbapal graphics/pokemon/bibarel/shiny.gbapal.lz
tools/gbagfx/gbagfx graphics/pokemon/bidoof/back.4bpp graphics/pokemon/bidoof/back.4bpp.lz
tools/gbagfx/gbagfx graphics/pokemon/bidoof/backf.4bpp graphics/pokemon/bidoof/backf.4bpp.lz
tools/gbagfx/gbagfx graphics/pokemon/bidoof/front.4bpp graphics/pokemon/bidoof/front.4bpp.lz
tools/gbagfx/gbagfx graphics/pokemon/bidoof/frontf.4bpp graphics/pokemon/bidoof/frontf.4bpp.lz
tools/gbagfx/gbagfx graphics/pokemon/bidoof/normal.gbapal graphics/pokemon/bidoof/normal.gbapal.lz
tools/gbagfx/gbagfx graphics/pokemon/bidoof/shiny.gbapal graphics/pokemon/bidoof/shiny.gbapal.lz
tools/gbagfx/gbagfx graphics/pokemon/binacle/back.4bpp graphics/pokemon/binacle/back.4bpp.lz
tools/gbagfx/gbagfx graphics/pokemon/binacle/front.4bpp graphics/pokemon/binacle/front.4bpp.lz
tools/gbagfx/gbagfx graphics/pokemon/binacle/normal.gbapal graphics/pokemon/binacle/normal.gbapal.lz
tools/gbagfx/gbagfx graphics/pokemon/binacle/shiny.gbapal graphics/pokemon/binacle/shiny.gbapal.lz
tools/gbagfx/gbagfx graphics/pokemon/bisharp/back.4bpp graphics/pokemon/bisharp/back.4bpp.lz
tools/gbagfx/gbagfx graphics/pokemon/bisharp/front.4bpp graphics/pokemon/bisharp/front.4bpp.lz
tools/gbagfx/gbagfx graphics/pokemon/bisharp/normal.gbapal graphics/pokemon/bisharp/normal.gbapal.lz
tools/gbagfx/gbagfx graphics/pokemon/bisharp/shiny.gbapal graphics/pokemon/bisharp/shiny.gbapal.lz
tools/gbagfx/gbagfx graphics/pokemon/blacephalon/back.4bpp graphics/pokemon/blacephalon/back.4bpp.lz
tools/gbagfx/gbagfx graphics/pokemon/blacephalon/front.4bpp graphics/pokemon/blacephalon/front.4bpp.lz
tools/gbagfx/gbagfx graphics/pokemon/blacephalon/normal.gbapal graphics/pokemon/blacephalon/normal.gbapal.lz
tools/gbagfx/gbagfx graphics/pokemon/blacephalon/shiny.gbapal graphics/pokemon/blacephalon/shiny.gbapal.lz
tools/gbagfx/gbagfx graphics/pokemon/blastoise/back.4bpp graphics/pokemon/blastoise/back.4bpp.lz
tools/gbagfx/gbagfx graphics/pokemon/blastoise/front.4bpp graphics/pokemon/blastoise/front.4bpp.lz
tools/gbagfx/gbagfx graphics/pokemon/blastoise/mega/back.4bpp graphics/pokemon/blastoise/mega/back.4bpp.lz
tools/gbagfx/gbagfx graphics/pokemon/blastoise/mega/front.4bpp graphics/pokemon/blastoise/mega/front.4bpp.lz
tools/gbagfx/gbagfx graphics/pokemon/blastoise/mega/normal.gbapal graphics/pokemon/blastoise/mega/normal.gbapal.lz
tools/gbagfx/gbagfx graphics/pokemon/blastoise/mega/shiny.gbapal graphics/pokemon/blastoise/mega/shiny.gbapal.lz
tools/gbagfx/gbagfx graphics/pokemon/blastoise/normal.gbapal graphics/pokemon/blastoise/normal.gbapal.lz
tools/gbagfx/gbagfx graphics/pokemon/blastoise/shiny.gbapal graphics/pokemon/blastoise/shiny.gbapal.lz
tools/gbagfx/gbagfx graphics/pokemon/blaziken/back.4bpp graphics/pokemon/blaziken/back.4bpp.lz
tools/gbagfx/gbagfx graphics/pokemon/blaziken/backf.4bpp graphics/pokemon/blaziken/backf.4bpp.lz
tools/gbagfx/gbagfx graphics/pokemon/blaziken/front.4bpp graphics/pokemon/blaziken/front.4bpp.lz
tools/gbagfx/gbagfx graphics/pokemon/blaziken/frontf.4bpp graphics/pokemon/blaziken/frontf.4bpp.lz
tools/gbagfx/gbagfx graphics/pokemon/blaziken/mega/back.4bpp graphics/pokemon/blaziken/mega/back.4bpp.lz
tools/gbagfx/gbagfx graphics/pokemon/blaziken/mega/front.4bpp graphics/pokemon/blaziken/mega/front.4bpp.lz
tools/gbagfx/gbagfx graphics/pokemon/blaziken/mega/normal.gbapal graphics/pokemon/blaziken/mega/normal.gbapal.lz
tools/gbagfx/gbagfx graphics/pokemon/blaziken/mega/shiny.gbapal graphics/pokemon/blaziken/mega/shiny.gbapal.lz
tools/gbagfx/gbagfx graphics/pokemon/blaziken/normal.gbapal graphics/pokemon/blaziken/normal.gbapal.lz
tools/gbagfx/gbagfx graphics/pokemon/blaziken/shiny.gbapal graphics/pokemon/blaziken/shiny.gbapal.lz
tools/gbagfx/gbagfx graphics/pokemon/blipbug/back.4bpp graphics/pokemon/blipbug/back.4bpp.lz
tools/gbagfx/gbagfx graphics/pokemon/blipbug/front.4bpp graphics/pokemon/blipbug/front.4bpp.lz
tools/gbagfx/gbagfx graphics/pokemon/blipbug/normal.gbapal graphics/pokemon/blipbug/normal.gbapal.lz
tools/gbagfx/gbagfx graphics/pokemon/blipbug/shiny.gbapal graphics/pokemon/blipbug/shiny.gbapal.lz
tools/gbagfx/gbagfx graphics/pokemon/blissey/back.4bpp graphics/pokemon/blissey/back.4bpp.lz
tools/gbagfx/gbagfx graphics/pokemon/blissey/front.4bpp graphics/pokemon/blissey/front.4bpp.lz
tools/gbagfx/gbagfx graphics/pokemon/blissey/normal.gbapal graphics/pokemon/blissey/normal.gbapal.lz
tools/gbagfx/gbagfx graphics/pokemon/blissey/shiny.gbapal graphics/pokemon/blissey/shiny.gbapal.lz
tools/gbagfx/gbagfx graphics/pokemon/blitzle/back.4bpp graphics/pokemon/blitzle/back.4bpp.lz
tools/gbagfx/gbagfx graphics/pokemon/blitzle/front.4bpp graphics/pokemon/blitzle/front.4bpp.lz
tools/gbagfx/gbagfx graphics/pokemon/blitzle/normal.gbapal graphics/pokemon/blitzle/normal.gbapal.lz
tools/gbagfx/gbagfx graphics/pokemon/blitzle/shiny.gbapal graphics/pokemon/blitzle/shiny.gbapal.lz
tools/gbagfx/gbagfx graphics/pokemon/boldore/back.4bpp graphics/pokemon/boldore/back.4bpp.lz
tools/gbagfx/gbagfx graphics/pokemon/boldore/front.4bpp graphics/pokemon/boldore/front.4bpp.lz
tools/gbagfx/gbagfx graphics/pokemon/boldore/normal.gbapal graphics/pokemon/boldore/normal.gbapal.lz
tools/gbagfx/gbagfx graphics/pokemon/boldore/shiny.gbapal graphics/pokemon/boldore/shiny.gbapal.lz
tools/gbagfx/gbagfx graphics/pokemon/boltund/back.4bpp graphics/pokemon/boltund/back.4bpp.lz
tools/gbagfx/gbagfx graphics/pokemon/boltund/front.4bpp graphics/pokemon/boltund/front.4bpp.lz
tools/gbagfx/gbagfx graphics/pokemon/boltund/normal.gbapal graphics/pokemon/boltund/normal.gbapal.lz
tools/gbagfx/gbagfx graphics/pokemon/boltund/shiny.gbapal graphics/pokemon/boltund/shiny.gbapal.lz
tools/gbagfx/gbagfx graphics/pokemon/bombirdier/back.4bpp graphics/pokemon/bombirdier/back.4bpp.lz
tools/gbagfx/gbagfx graphics/pokemon/bombirdier/front.4bpp graphics/pokemon/bombirdier/front.4bpp.lz
tools/gbagfx/gbagfx graphics/pokemon/bombirdier/normal.gbapal graphics/pokemon/bombirdier/normal.gbapal.lz
tools/gbagfx/gbagfx graphics/pokemon/bombirdier/shiny.gbapal graphics/pokemon/bombirdier/shiny.gbapal.lz
tools/gbagfx/gbagfx graphics/pokemon/bonsly/back.4bpp graphics/pokemon/bonsly/back.4bpp.lz
tools/gbagfx/gbagfx graphics/pokemon/bonsly/front.4bpp graphics/pokemon/bonsly/front.4bpp.lz
tools/gbagfx/gbagfx graphics/pokemon/bonsly/normal.gbapal graphics/pokemon/bonsly/normal.gbapal.lz
tools/gbagfx/gbagfx graphics/pokemon/bonsly/shiny.gbapal graphics/pokemon/bonsly/shiny.gbapal.lz
tools/gbagfx/gbagfx graphics/pokemon/bouffalant/back.4bpp graphics/pokemon/bouffalant/back.4bpp.lz
tools/gbagfx/gbagfx graphics/pokemon/bouffalant/front.4bpp graphics/pokemon/bouffalant/front.4bpp.lz
tools/gbagfx/gbagfx graphics/pokemon/bouffalant/normal.gbapal graphics/pokemon/bouffalant/normal.gbapal.lz
tools/gbagfx/gbagfx graphics/pokemon/bouffalant/shiny.gbapal graphics/pokemon/bouffalant/shiny.gbapal.lz
tools/gbagfx/gbagfx graphics/pokemon/bounsweet/back.4bpp graphics/pokemon/bounsweet/back.4bpp.lz
tools/gbagfx/gbagfx graphics/pokemon/bounsweet/front.4bpp graphics/pokemon/bounsweet/front.4bpp.lz
tools/gbagfx/gbagfx graphics/pokemon/bounsweet/normal.gbapal graphics/pokemon/bounsweet/normal.gbapal.lz
tools/gbagfx/gbagfx graphics/pokemon/bounsweet/shiny.gbapal graphics/pokemon/bounsweet/shiny.gbapal.lz
tools/gbagfx/gbagfx graphics/pokemon/braixen/back.4bpp graphics/pokemon/braixen/back.4bpp.lz
tools/gbagfx/gbagfx graphics/pokemon/braixen/front.4bpp graphics/pokemon/braixen/front.4bpp.lz
tools/gbagfx/gbagfx graphics/pokemon/braixen/normal.gbapal graphics/pokemon/braixen/normal.gbapal.lz
tools/gbagfx/gbagfx graphics/pokemon/braixen/shiny.gbapal graphics/pokemon/braixen/shiny.gbapal.lz
tools/gbagfx/gbagfx graphics/pokemon/brambleghast/back.4bpp graphics/pokemon/brambleghast/back.4bpp.lz
tools/gbagfx/gbagfx graphics/pokemon/brambleghast/front.4bpp graphics/pokemon/brambleghast/front.4bpp.lz
tools/gbagfx/gbagfx graphics/pokemon/brambleghast/normal.gbapal graphics/pokemon/brambleghast/normal.gbapal.lz
tools/gbagfx/gbagfx graphics/pokemon/brambleghast/shiny.gbapal graphics/pokemon/brambleghast/shiny.gbapal.lz
tools/gbagfx/gbagfx graphics/pokemon/bramblin/back.4bpp graphics/pokemon/bramblin/back.4bpp.lz
tools/gbagfx/gbagfx graphics/pokemon/bramblin/front.4bpp graphics/pokemon/bramblin/front.4bpp.lz
tools/gbagfx/gbagfx graphics/pokemon/bramblin/normal.gbapal graphics/pokemon/bramblin/normal.gbapal.lz
tools/gbagfx/gbagfx graphics/pokemon/bramblin/shiny.gbapal graphics/pokemon/bramblin/shiny.gbapal.lz
tools/gbagfx/gbagfx graphics/pokemon/braviary/back.4bpp graphics/pokemon/braviary/back.4bpp.lz
tools/gbagfx/gbagfx graphics/pokemon/braviary/front.4bpp graphics/pokemon/braviary/front.4bpp.lz
tools/gbagfx/gbagfx graphics/pokemon/braviary/hisuian/back.4bpp graphics/pokemon/braviary/hisuian/back.4bpp.lz
tools/gbagfx/gbagfx graphics/pokemon/braviary/hisuian/front.4bpp graphics/pokemon/braviary/hisuian/front.4bpp.lz
tools/gbagfx/gbagfx graphics/pokemon/braviary/hisuian/normal.gbapal graphics/pokemon/braviary/hisuian/normal.gbapal.lz
tools/gbagfx/gbagfx graphics/pokemon/braviary/hisuian/shiny.gbapal graphics/pokemon/braviary/hisuian/shiny.gbapal.lz
tools/gbagfx/gbagfx graphics/pokemon/braviary/normal.gbapal graphics/pokemon/braviary/normal.gbapal.lz
tools/gbagfx/gbagfx graphics/pokemon/braviary/shiny.gbapal graphics/pokemon/braviary/shiny.gbapal.lz
tools/gbagfx/gbagfx graphics/pokemon/breloom/back.4bpp graphics/pokemon/breloom/back.4bpp.lz
tools/gbagfx/gbagfx graphics/pokemon/breloom/front.4bpp graphics/pokemon/breloom/front.4bpp.lz
tools/gbagfx/gbagfx graphics/pokemon/breloom/normal.gbapal graphics/pokemon/breloom/normal.gbapal.lz
tools/gbagfx/gbagfx graphics/pokemon/breloom/shiny.gbapal graphics/pokemon/breloom/shiny.gbapal.lz
tools/gbagfx/gbagfx graphics/pokemon/brionne/back.4bpp graphics/pokemon/brionne/back.4bpp.lz
tools/gbagfx/gbagfx graphics/pokemon/brionne/front.4bpp graphics/pokemon/brionne/front.4bpp.lz
tools/gbagfx/gbagfx graphics/pokemon/brionne/normal.gbapal graphics/pokemon/brionne/normal.gbapal.lz
tools/gbagfx/gbagfx graphics/pokemon/brionne/shiny.gbapal graphics/pokemon/brionne/shiny.gbapal.lz
tools/gbagfx/gbagfx graphics/pokemon/bronzong/back.4bpp graphics/pokemon/bronzong/back.4bpp.lz
tools/gbagfx/gbagfx graphics/pokemon/bronzong/front.4bpp graphics/pokemon/bronzong/front.4bpp.lz
tools/gbagfx/gbagfx graphics/pokemon/bronzong/normal.gbapal graphics/pokemon/bronzong/normal.gbapal.lz
tools/gbagfx/gbagfx graphics/pokemon/bronzong/shiny.gbapal graphics/pokemon/bronzong/shiny.gbapal.lz
tools/gbagfx/gbagfx graphics/pokemon/bronzor/back.4bpp graphics/pokemon/bronzor/back.4bpp.lz
tools/gbagfx/gbagfx graphics/pokemon/bronzor/front.4bpp graphics/pokemon/bronzor/front.4bpp.lz
tools/gbagfx/gbagfx graphics/pokemon/bronzor/normal.gbapal graphics/pokemon/bronzor/normal.gbapal.lz
tools/gbagfx/gbagfx graphics/pokemon/bronzor/shiny.gbapal graphics/pokemon/bronzor/shiny.gbapal.lz
tools/gbagfx/gbagfx graphics/pokemon/brute_bonnet/back.4bpp graphics/pokemon/brute_bonnet/back.4bpp.lz
tools/gbagfx/gbagfx graphics/pokemon/brute_bonnet/front.4bpp graphics/pokemon/brute_bonnet/front.4bpp.lz
tools/gbagfx/gbagfx graphics/pokemon/brute_bonnet/normal.gbapal graphics/pokemon/brute_bonnet/normal.gbapal.lz
tools/gbagfx/gbagfx graphics/pokemon/brute_bonnet/shiny.gbapal graphics/pokemon/brute_bonnet/shiny.gbapal.lz
tools/gbagfx/gbagfx graphics/pokemon/bruxish/back.4bpp graphics/pokemon/bruxish/back.4bpp.lz
tools/gbagfx/gbagfx graphics/pokemon/bruxish/front.4bpp graphics/pokemon/bruxish/front.4bpp.lz
tools/gbagfx/gbagfx graphics/pokemon/bruxish/normal.gbapal graphics/pokemon/bruxish/normal.gbapal.lz
tools/gbagfx/gbagfx graphics/pokemon/bruxish/shiny.gbapal graphics/pokemon/bruxish/shiny.gbapal.lz
tools/gbagfx/gbagfx graphics/pokemon/budew/back.4bpp graphics/pokemon/budew/back.4bpp.lz
tools/gbagfx/gbagfx graphics/pokemon/budew/front.4bpp graphics/pokemon/budew/front.4bpp.lz
tools/gbagfx/gbagfx graphics/pokemon/budew/normal.gbapal graphics/pokemon/budew/normal.gbapal.lz
tools/gbagfx/gbagfx graphics/pokemon/budew/shiny.gbapal graphics/pokemon/budew/shiny.gbapal.lz
tools/gbagfx/gbagfx graphics/pokemon/buizel/back.4bpp graphics/pokemon/buizel/back.4bpp.lz
tools/gbagfx/gbagfx graphics/pokemon/buizel/backf.4bpp graphics/pokemon/buizel/backf.4bpp.lz
tools/gbagfx/gbagfx graphics/pokemon/buizel/front.4bpp graphics/pokemon/buizel/front.4bpp.lz
tools/gbagfx/gbagfx graphics/pokemon/buizel/normal.gbapal graphics/pokemon/buizel/normal.gbapal.lz
tools/gbagfx/gbagfx graphics/pokemon/buizel/shiny.gbapal graphics/pokemon/buizel/shiny.gbapal.lz
tools/gbagfx/gbagfx graphics/pokemon/bulbasaur/back.4bpp graphics/pokemon/bulbasaur/back.4bpp.lz
tools/gbagfx/gbagfx graphics/pokemon/bulbasaur/front.4bpp graphics/pokemon/bulbasaur/front.4bpp.lz
tools/gbagfx/gbagfx graphics/pokemon/bulbasaur/normal.gbapal graphics/pokemon/bulbasaur/normal.gbapal.lz
tools/gbagfx/gbagfx graphics/pokemon/bulbasaur/shiny.gbapal graphics/pokemon/bulbasaur/shiny.gbapal.lz
tools/gbagfx/gbagfx graphics/pokemon/buneary/back.4bpp graphics/pokemon/buneary/back.4bpp.lz
tools/gbagfx/gbagfx graphics/pokemon/buneary/front.4bpp graphics/pokemon/buneary/front.4bpp.lz
tools/gbagfx/gbagfx graphics/pokemon/buneary/normal.gbapal graphics/pokemon/buneary/normal.gbapal.lz
tools/gbagfx/gbagfx graphics/pokemon/buneary/shiny.gbapal graphics/pokemon/buneary/shiny.gbapal.lz
tools/gbagfx/gbagfx graphics/pokemon/bunnelby/back.4bpp graphics/pokemon/bunnelby/back.4bpp.lz
tools/gbagfx/gbagfx graphics/pokemon/bunnelby/front.4bpp graphics/pokemon/bunnelby/front.4bpp.lz
tools/gbagfx/gbagfx graphics/pokemon/bunnelby/normal.gbapal graphics/pokemon/bunnelby/normal.gbapal.lz
tools/gbagfx/gbagfx graphics/pokemon/bunnelby/shiny.gbapal graphics/pokemon/bunnelby/shiny.gbapal.lz
tools/gbagfx/gbagfx graphics/pokemon/burmy/back.4bpp graphics/pokemon/burmy/back.4bpp.lz
tools/gbagfx/gbagfx graphics/pokemon/burmy/front.4bpp graphics/pokemon/burmy/front.4bpp.lz
tools/gbagfx/gbagfx graphics/pokemon/burmy/normal.gbapal graphics/pokemon/burmy/normal.gbapal.lz
tools/gbagfx/gbagfx graphics/pokemon/burmy/sandy_cloak/back.4bpp graphics/pokemon/burmy/sandy_cloak/back.4bpp.lz
tools/gbagfx/gbagfx graphics/pokemon/burmy/sandy_cloak/front.4bpp graphics/pokemon/burmy/sandy_cloak/front.4bpp.lz
tools/gbagfx/gbagfx graphics/pokemon/burmy/sandy_cloak/normal.gbapal graphics/pokemon/burmy/sandy_cloak/normal.gbapal.lz
tools/gbagfx/gbagfx graphics/pokemon/burmy/sandy_cloak/shiny.gbapal graphics/pokemon/burmy/sandy_cloak/shiny.gbapal.lz
tools/gbagfx/gbagfx graphics/pokemon/burmy/shiny.gbapal graphics/pokemon/burmy/shiny.gbapal.lz
tools/gbagfx/gbagfx graphics/pokemon/burmy/trash_cloak/back.4bpp graphics/pokemon/burmy/trash_cloak/back.4bpp.lz
tools/gbagfx/gbagfx graphics/pokemon/burmy/trash_cloak/front.4bpp graphics/pokemon/burmy/trash_cloak/front.4bpp.lz
tools/gbagfx/gbagfx graphics/pokemon/burmy/trash_cloak/normal.gbapal graphics/pokemon/burmy/trash_cloak/normal.gbapal.lz
tools/gbagfx/gbagfx graphics/pokemon/burmy/trash_cloak/shiny.gbapal graphics/pokemon/burmy/trash_cloak/shiny.gbapal.lz
tools/gbagfx/gbagfx graphics/pokemon/butterfree/back.4bpp graphics/pokemon/butterfree/back.4bpp.lz
tools/gbagfx/gbagfx graphics/pokemon/butterfree/backf.4bpp graphics/pokemon/butterfree/backf.4bpp.lz
tools/gbagfx/gbagfx graphics/pokemon/butterfree/front.4bpp graphics/pokemon/butterfree/front.4bpp.lz
tools/gbagfx/gbagfx graphics/pokemon/butterfree/frontf.4bpp graphics/pokemon/butterfree/frontf.4bpp.lz
tools/gbagfx/gbagfx graphics/pokemon/butterfree/normal.gbapal graphics/pokemon/butterfree/normal.gbapal.lz
tools/gbagfx/gbagfx graphics/pokemon/butterfree/shiny.gbapal graphics/pokemon/butterfree/shiny.gbapal.lz
tools/gbagfx/gbagfx graphics/pokemon/buzzwole/back.4bpp graphics/pokemon/buzzwole/back.4bpp.lz
tools/gbagfx/gbagfx graphics/pokemon/buzzwole/front.4bpp graphics/pokemon/buzzwole/front.4bpp.lz
tools/gbagfx/gbagfx graphics/pokemon/buzzwole/normal.gbapal graphics/pokemon/buzzwole/normal.gbapal.lz
tools/gbagfx/gbagfx graphics/pokemon/buzzwole/shiny.gbapal graphics/pokemon/buzzwole/shiny.gbapal.lz
tools/gbagfx/gbagfx graphics/pokemon/cacnea/back.4bpp graphics/pokemon/cacnea/back.4bpp.lz
tools/gbagfx/gbagfx graphics/pokemon/cacnea/front.4bpp graphics/pokemon/cacnea/front.4bpp.lz
tools/gbagfx/gbagfx graphics/pokemon/cacnea/normal.gbapal graphics/pokemon/cacnea/normal.gbapal.lz
tools/gbagfx/gbagfx graphics/pokemon/cacnea/shiny.gbapal graphics/pokemon/cacnea/shiny.gbapal.lz
tools/gbagfx/gbagfx graphics/pokemon/cacturne/back.4bpp graphics/pokemon/cacturne/back.4bpp.lz
tools/gbagfx/gbagfx graphics/pokemon/cacturne/front.4bpp graphics/pokemon/cacturne/front.4bpp.lz
tools/gbagfx/gbagfx graphics/pokemon/cacturne/frontf.4bpp graphics/pokemon/cacturne/frontf.4bpp.lz
tools/gbagfx/gbagfx graphics/pokemon/cacturne/normal.gbapal graphics/pokemon/cacturne/normal.gbapal.lz
tools/gbagfx/gbagfx graphics/pokemon/cacturne/shiny.gbapal graphics/pokemon/cacturne/shiny.gbapal.lz
tools/gbagfx/gbagfx graphics/pokemon/calyrex/back.4bpp graphics/pokemon/calyrex/back.4bpp.lz
tools/gbagfx/gbagfx graphics/pokemon/calyrex/front.4bpp graphics/pokemon/calyrex/front.4bpp.lz
tools/gbagfx/gbagfx graphics/pokemon/calyrex/ice_rider/back.4bpp graphics/pokemon/calyrex/ice_rider/back.4bpp.lz
tools/gbagfx/gbagfx graphics/pokemon/calyrex/ice_rider/front.4bpp graphics/pokemon/calyrex/ice_rider/front.4bpp.lz
tools/gbagfx/gbagfx graphics/pokemon/calyrex/ice_rider/normal.gbapal graphics/pokemon/calyrex/ice_rider/normal.gbapal.lz
tools/gbagfx/gbagfx graphics/pokemon/calyrex/ice_rider/shiny.gbapal graphics/pokemon/calyrex/ice_rider/shiny.gbapal.lz
tools/gbagfx/gbagfx graphics/pokemon/calyrex/normal.gbapal graphics/pokemon/calyrex/normal.gbapal.lz
tools/gbagfx/gbagfx graphics/pokemon/calyrex/shadow_rider/back.4bpp graphics/pokemon/calyrex/shadow_rider/back.4bpp.lz
tools/gbagfx/gbagfx graphics/pokemon/calyrex/shadow_rider/front.4bpp graphics/pokemon/calyrex/shadow_rider/front.4bpp.lz
tools/gbagfx/gbagfx graphics/pokemon/calyrex/shadow_rider/normal.gbapal graphics/pokemon/calyrex/shadow_rider/normal.gbapal.lz
tools/gbagfx/gbagfx graphics/pokemon/calyrex/shadow_rider/shiny.gbapal graphics/pokemon/calyrex/shadow_rider/shiny.gbapal.lz
tools/gbagfx/gbagfx graphics/pokemon/calyrex/shiny.gbapal graphics/pokemon/calyrex/shiny.gbapal.lz
tools/gbagfx/gbagfx graphics/pokemon/camerupt/back.4bpp graphics/pokemon/camerupt/back.4bpp.lz
tools/gbagfx/gbagfx graphics/pokemon/camerupt/backf.4bpp graphics/pokemon/camerupt/backf.4bpp.lz
tools/gbagfx/gbagfx graphics/pokemon/camerupt/front.4bpp graphics/pokemon/camerupt/front.4bpp.lz
tools/gbagfx/gbagfx graphics/pokemon/camerupt/frontf.4bpp graphics/pokemon/camerupt/frontf.4bpp.lz
tools/gbagfx/gbagfx graphics/pokemon/camerupt/mega/back.4bpp graphics/pokemon/camerupt/mega/back.4bpp.lz
tools/gbagfx/gbagfx graphics/pokemon/camerupt/mega/front.4bpp graphics/pokemon/camerupt/mega/front.4bpp.lz
tools/gbagfx/gbagfx graphics/pokemon/camerupt/mega/normal.gbapal graphics/pokemon/camerupt/mega/normal.gbapal.lz
tools/gbagfx/gbagfx graphics/pokemon/camerupt/mega/shiny.gbapal graphics/pokemon/camerupt/mega/shiny.gbapal.lz
tools/gbagfx/gbagfx graphics/pokemon/camerupt/normal.gbapal graphics/pokemon/camerupt/normal.gbapal.lz
tools/gbagfx/gbagfx graphics/pokemon/camerupt/shiny.gbapal graphics/pokemon/camerupt/shiny.gbapal.lz
tools/gbagfx/gbagfx graphics/pokemon/capsakid/back.4bpp graphics/pokemon/capsakid/back.4bpp.lz
tools/gbagfx/gbagfx graphics/pokemon/capsakid/front.4bpp graphics/pokemon/capsakid/front.4bpp.lz
tools/gbagfx/gbagfx graphics/pokemon/capsakid/normal.gbapal graphics/pokemon/capsakid/normal.gbapal.lz
tools/gbagfx/gbagfx graphics/pokemon/capsakid/shiny.gbapal graphics/pokemon/capsakid/shiny.gbapal.lz
tools/gbagfx/gbagfx graphics/pokemon/carbink/back.4bpp graphics/pokemon/carbink/back.4bpp.lz
tools/gbagfx/gbagfx graphics/pokemon/carbink/front.4bpp graphics/pokemon/carbink/front.4bpp.lz
tools/gbagfx/gbagfx graphics/pokemon/carbink/normal.gbapal graphics/pokemon/carbink/normal.gbapal.lz
tools/gbagfx/gbagfx graphics/pokemon/carbink/shiny.gbapal graphics/pokemon/carbink/shiny.gbapal.lz
tools/gbagfx/gbagfx graphics/pokemon/carkol/back.4bpp graphics/pokemon/carkol/back.4bpp.lz
tools/gbagfx/gbagfx graphics/pokemon/carkol/front.4bpp graphics/pokemon/carkol/front.4bpp.lz
tools/gbagfx/gbagfx graphics/pokemon/carkol/normal.gbapal graphics/pokemon/carkol/normal.gbapal.lz
tools/gbagfx/gbagfx graphics/pokemon/carkol/shiny.gbapal graphics/pokemon/carkol/shiny.gbapal.lz
tools/gbagfx/gbagfx graphics/pokemon/carnivine/back.4bpp graphics/pokemon/carnivine/back.4bpp.lz
tools/gbagfx/gbagfx graphics/pokemon/carnivine/front.4bpp graphics/pokemon/carnivine/front.4bpp.lz
tools/gbagfx/gbagfx graphics/pokemon/carnivine/normal.gbapal graphics/pokemon/carnivine/normal.gbapal.lz
tools/gbagfx/gbagfx graphics/pokemon/carnivine/shiny.gbapal graphics/pokemon/carnivine/shiny.gbapal.lz
tools/gbagfx/gbagfx graphics/pokemon/carracosta/back.4bpp graphics/pokemon/carracosta/back.4bpp.lz
tools/gbagfx/gbagfx graphics/pokemon/carracosta/front.4bpp graphics/pokemon/carracosta/front.4bpp.lz
tools/gbagfx/gbagfx graphics/pokemon/carracosta/normal.gbapal graphics/pokemon/carracosta/normal.gbapal.lz
tools/gbagfx/gbagfx graphics/pokemon/carracosta/shiny.gbapal graphics/pokemon/carracosta/shiny.gbapal.lz
tools/gbagfx/gbagfx graphics/pokemon/carvanha/back.4bpp graphics/pokemon/carvanha/back.4bpp.lz
tools/gbagfx/gbagfx graphics/pokemon/carvanha/front.4bpp graphics/pokemon/carvanha/front.4bpp.lz
tools/gbagfx/gbagfx graphics/pokemon/carvanha/normal.gbapal graphics/pokemon/carvanha/normal.gbapal.lz
tools/gbagfx/gbagfx graphics/pokemon/carvanha/shiny.gbapal graphics/pokemon/carvanha/shiny.gbapal.lz
tools/gbagfx/gbagfx graphics/pokemon/cascoon/back.4bpp graphics/pokemon/cascoon/back.4bpp.lz
tools/gbagfx/gbagfx graphics/pokemon/cascoon/front.4bpp graphics/pokemon/cascoon/front.4bpp.lz
tools/gbagfx/gbagfx graphics/pokemon/cascoon/normal.gbapal graphics/pokemon/cascoon/normal.gbapal.lz
tools/gbagfx/gbagfx graphics/pokemon/cascoon/shiny.gbapal graphics/pokemon/cascoon/shiny.gbapal.lz
tools/gbagfx/gbagfx graphics/pokemon/castform/anim_front.4bpp graphics/pokemon/castform/anim_front.4bpp.lz
tools/gbagfx/gbagfx graphics/pokemon/castform/back.4bpp graphics/pokemon/castform/back.4bpp.lz
tools/gbagfx/gbagfx graphics/pokemon/castform/normal.gbapal graphics/pokemon/castform/normal.gbapal.lz
tools/gbagfx/gbagfx graphics/pokemon/castform/rainy/back.4bpp graphics/pokemon/castform/rainy/back.4bpp.lz
tools/gbagfx/gbagfx graphics/pokemon/castform/rainy/front.4bpp graphics/pokemon/castform/rainy/front.4bpp.lz
tools/gbagfx/gbagfx graphics/pokemon/castform/rainy/normal.gbapal graphics/pokemon/castform/rainy/normal.gbapal.lz
tools/gbagfx/gbagfx graphics/pokemon/castform/rainy/shiny.gbapal graphics/pokemon/castform/rainy/shiny.gbapal.lz
tools/gbagfx/gbagfx graphics/pokemon/castform/shiny.gbapal graphics/pokemon/castform/shiny.gbapal.lz
tools/gbagfx/gbagfx graphics/pokemon/castform/snowy/back.4bpp graphics/pokemon/castform/snowy/back.4bpp.lz
tools/gbagfx/gbagfx graphics/pokemon/castform/snowy/front.4bpp graphics/pokemon/castform/snowy/front.4bpp.lz
tools/gbagfx/gbagfx graphics/pokemon/castform/snowy/normal.gbapal graphics/pokemon/castform/snowy/normal.gbapal.lz
tools/gbagfx/gbagfx graphics/pokemon/castform/snowy/shiny.gbapal graphics/pokemon/castform/snowy/shiny.gbapal.lz
tools/gbagfx/gbagfx graphics/pokemon/castform/sunny/back.4bpp graphics/pokemon/castform/sunny/back.4bpp.lz
tools/gbagfx/gbagfx graphics/pokemon/castform/sunny/front.4bpp graphics/pokemon/castform/sunny/front.4bpp.lz
tools/gbagfx/gbagfx graphics/pokemon/castform/sunny/normal.gbapal graphics/pokemon/castform/sunny/normal.gbapal.lz
tools/gbagfx/gbagfx graphics/pokemon/castform/sunny/shiny.gbapal graphics/pokemon/castform/sunny/shiny.gbapal.lz
tools/gbagfx/gbagfx graphics/pokemon/caterpie/back.4bpp graphics/pokemon/caterpie/back.4bpp.lz
tools/gbagfx/gbagfx graphics/pokemon/caterpie/front.4bpp graphics/pokemon/caterpie/front.4bpp.lz
tools/gbagfx/gbagfx graphics/pokemon/caterpie/normal.gbapal graphics/pokemon/caterpie/normal.gbapal.lz
tools/gbagfx/gbagfx graphics/pokemon/caterpie/shiny.gbapal graphics/pokemon/caterpie/shiny.gbapal.lz
tools/gbagfx/gbagfx graphics/pokemon/celebi/back.4bpp graphics/pokemon/celebi/back.4bpp.lz
tools/gbagfx/gbagfx graphics/pokemon/celebi/front.4bpp graphics/pokemon/celebi/front.4bpp.lz
tools/gbagfx/gbagfx graphics/pokemon/celebi/normal.gbapal graphics/pokemon/celebi/normal.gbapal.lz
tools/gbagfx/gbagfx graphics/pokemon/celebi/shiny.gbapal graphics/pokemon/celebi/shiny.gbapal.lz
tools/gbagfx/gbagfx graphics/pokemon/celesteela/back.4bpp graphics/pokemon/celesteela/back.4bpp.lz
tools/gbagfx/gbagfx graphics/pokemon/celesteela/front.4bpp graphics/pokemon/celesteela/front.4bpp.lz
tools/gbagfx/gbagfx graphics/pokemon/celesteela/normal.gbapal graphics/pokemon/celesteela/normal.gbapal.lz
tools/gbagfx/gbagfx graphics/pokemon/celesteela/shiny.gbapal graphics/pokemon/celesteela/shiny.gbapal.lz
tools/gbagfx/gbagfx graphics/pokemon/centiskorch/back.4bpp graphics/pokemon/centiskorch/back.4bpp.lz
tools/gbagfx/gbagfx graphics/pokemon/centiskorch/front.4bpp graphics/pokemon/centiskorch/front.4bpp.lz
tools/gbagfx/gbagfx graphics/pokemon/centiskorch/normal.gbapal graphics/pokemon/centiskorch/normal.gbapal.lz
tools/gbagfx/gbagfx graphics/pokemon/centiskorch/shiny.gbapal graphics/pokemon/centiskorch/shiny.gbapal.lz
tools/gbagfx/gbagfx graphics/pokemon/ceruledge/back.4bpp graphics/pokemon/ceruledge/back.4bpp.lz
tools/gbagfx/gbagfx graphics/pokemon/ceruledge/front.4bpp graphics/pokemon/ceruledge/front.4bpp.lz
tools/gbagfx/gbagfx graphics/pokemon/ceruledge/normal.gbapal graphics/pokemon/ceruledge/normal.gbapal.lz
tools/gbagfx/gbagfx graphics/pokemon/ceruledge/shiny.gbapal graphics/pokemon/ceruledge/shiny.gbapal.lz
tools/gbagfx/gbagfx graphics/pokemon/cetitan/back.4bpp graphics/pokemon/cetitan/back.4bpp.lz
tools/gbagfx/gbagfx graphics/pokemon/cetitan/front.4bpp graphics/pokemon/cetitan/front.4bpp.lz
tools/gbagfx/gbagfx graphics/pokemon/cetitan/normal.gbapal graphics/pokemon/cetitan/normal.gbapal.lz
tools/gbagfx/gbagfx graphics/pokemon/cetitan/shiny.gbapal graphics/pokemon/cetitan/shiny.gbapal.lz
tools/gbagfx/gbagfx graphics/pokemon/cetoddle/back.4bpp graphics/pokemon/cetoddle/back.4bpp.lz
tools/gbagfx/gbagfx graphics/pokemon/cetoddle/front.4bpp graphics/pokemon/cetoddle/front.4bpp.lz
tools/gbagfx/gbagfx graphics/pokemon/cetoddle/normal.gbapal graphics/pokemon/cetoddle/normal.gbapal.lz
tools/gbagfx/gbagfx graphics/pokemon/cetoddle/shiny.gbapal graphics/pokemon/cetoddle/shiny.gbapal.lz
tools/gbagfx/gbagfx graphics/pokemon/chandelure/back.4bpp graphics/pokemon/chandelure/back.4bpp.lz
tools/gbagfx/gbagfx graphics/pokemon/chandelure/front.4bpp graphics/pokemon/chandelure/front.4bpp.lz
tools/gbagfx/gbagfx graphics/pokemon/chandelure/normal.gbapal graphics/pokemon/chandelure/normal.gbapal.lz
tools/gbagfx/gbagfx graphics/pokemon/chandelure/shiny.gbapal graphics/pokemon/chandelure/shiny.gbapal.lz
tools/gbagfx/gbagfx graphics/pokemon/chansey/back.4bpp graphics/pokemon/chansey/back.4bpp.lz
tools/gbagfx/gbagfx graphics/pokemon/chansey/front.4bpp graphics/pokemon/chansey/front.4bpp.lz
tools/gbagfx/gbagfx graphics/pokemon/chansey/normal.gbapal graphics/pokemon/chansey/normal.gbapal.lz
tools/gbagfx/gbagfx graphics/pokemon/chansey/shiny.gbapal graphics/pokemon/chansey/shiny.gbapal.lz
tools/gbagfx/gbagfx graphics/pokemon/charcadet/back.4bpp graphics/pokemon/charcadet/back.4bpp.lz
tools/gbagfx/gbagfx graphics/pokemon/charcadet/front.4bpp graphics/pokemon/charcadet/front.4bpp.lz
tools/gbagfx/gbagfx graphics/pokemon/charcadet/normal.gbapal graphics/pokemon/charcadet/normal.gbapal.lz
tools/gbagfx/gbagfx graphics/pokemon/charcadet/shiny.gbapal graphics/pokemon/charcadet/shiny.gbapal.lz
tools/gbagfx/gbagfx graphics/pokemon/charizard/back.4bpp graphics/pokemon/charizard/back.4bpp.lz
tools/gbagfx/gbagfx graphics/pokemon/charizard/front.4bpp graphics/pokemon/charizard/front.4bpp.lz
tools/gbagfx/gbagfx graphics/pokemon/charizard/mega_x/back.4bpp graphics/pokemon/charizard/mega_x/back.4bpp.lz
tools/gbagfx/gbagfx graphics/pokemon/charizard/mega_x/front.4bpp graphics/pokemon/charizard/mega_x/front.4bpp.lz
tools/gbagfx/gbagfx graphics/pokemon/charizard/mega_x/normal.gbapal graphics/pokemon/charizard/mega_x/normal.gbapal.lz
tools/gbagfx/gbagfx graphics/pokemon/charizard/mega_x/shiny.gbapal graphics/pokemon/charizard/mega_x/shiny.gbapal.lz
tools/gbagfx/gbagfx graphics/pokemon/charizard/mega_y/back.4bpp graphics/pokemon/charizard/mega_y/back.4bpp.lz
tools/gbagfx/gbagfx graphics/pokemon/charizard/mega_y/front.4bpp graphics/pokemon/charizard/mega_y/front.4bpp.lz
tools/gbagfx/gbagfx graphics/pokemon/charizard/mega_y/normal.gbapal graphics/pokemon/charizard/mega_y/normal.gbapal.lz
tools/gbagfx/gbagfx graphics/pokemon/charizard/mega_y/shiny.gbapal graphics/pokemon/charizard/mega_y/shiny.gbapal.lz
tools/gbagfx/gbagfx graphics/pokemon/charizard/normal.gbapal graphics/pokemon/charizard/normal.gbapal.lz
tools/gbagfx/gbagfx graphics/pokemon/charizard/shiny.gbapal graphics/pokemon/charizard/shiny.gbapal.lz
tools/gbagfx/gbagfx graphics/pokemon/charjabug/back.4bpp graphics/pokemon/charjabug/back.4bpp.lz
tools/gbagfx/gbagfx graphics/pokemon/charjabug/front.4bpp graphics/pokemon/charjabug/front.4bpp.lz
tools/gbagfx/gbagfx graphics/pokemon/charjabug/normal.gbapal graphics/pokemon/charjabug/normal.gbapal.lz
tools/gbagfx/gbagfx graphics/pokemon/charjabug/shiny.gbapal graphics/pokemon/charjabug/shiny.gbapal.lz
tools/gbagfx/gbagfx graphics/pokemon/charmander/back.4bpp graphics/pokemon/charmander/back.4bpp.lz
tools/gbagfx/gbagfx graphics/pokemon/charmander/front.4bpp graphics/pokemon/charmander/front.4bpp.lz
tools/gbagfx/gbagfx graphics/pokemon/charmander/normal.gbapal graphics/pokemon/charmander/normal.gbapal.lz
tools/gbagfx/gbagfx graphics/pokemon/charmander/shiny.gbapal graphics/pokemon/charmander/shiny.gbapal.lz
tools/gbagfx/gbagfx graphics/pokemon/charmeleon/back.4bpp graphics/pokemon/charmeleon/back.4bpp.lz
tools/gbagfx/gbagfx graphics/pokemon/charmeleon/front.4bpp graphics/pokemon/charmeleon/front.4bpp.lz
tools/gbagfx/gbagfx graphics/pokemon/charmeleon/normal.gbapal graphics/pokemon/charmeleon/normal.gbapal.lz
tools/gbagfx/gbagfx graphics/pokemon/charmeleon/shiny.gbapal graphics/pokemon/charmeleon/shiny.gbapal.lz
tools/gbagfx/gbagfx graphics/pokemon/chatot/back.4bpp graphics/pokemon/chatot/back.4bpp.lz
tools/gbagfx/gbagfx graphics/pokemon/chatot/front.4bpp graphics/pokemon/chatot/front.4bpp.lz
tools/gbagfx/gbagfx graphics/pokemon/chatot/normal.gbapal graphics/pokemon/chatot/normal.gbapal.lz
tools/gbagfx/gbagfx graphics/pokemon/chatot/shiny.gbapal graphics/pokemon/chatot/shiny.gbapal.lz
tools/gbagfx/gbagfx graphics/pokemon/cherrim/normal/back.4bpp graphics/pokemon/cherrim/normal/back.4bpp.lz
tools/gbagfx/gbagfx graphics/pokemon/cherrim/normal/front.4bpp graphics/pokemon/cherrim/normal/front.4bpp.lz
tools/gbagfx/gbagfx graphics/pokemon/cherrim/normal/normal.gbapal graphics/pokemon/cherrim/normal/normal.gbapal.lz
tools/gbagfx/gbagfx graphics/pokemon/cherrim/normal/shiny.gbapal graphics/pokemon/cherrim/normal/shiny.gbapal.lz
tools/gbagfx/gbagfx graphics/pokemon/cherrim/sunshine/back.4bpp graphics/pokemon/cherrim/sunshine/back.4bpp.lz
tools/gbagfx/gbagfx graphics/pokemon/cherrim/sunshine/front.4bpp graphics/pokemon/cherrim/sunshine/front.4bpp.lz
tools/gbagfx/gbagfx graphics/pokemon/cherrim/sunshine/normal.gbapal graphics/pokemon/cherrim/sunshine/normal.gbapal.lz
tools/gbagfx/gbagfx graphics/pokemon/cherrim/sunshine/shiny.gbapal graphics/pokemon/cherrim/sunshine/shiny.gbapal.lz
tools/gbagfx/gbagfx graphics/pokemon/cherubi/back.4bpp graphics/pokemon/cherubi/back.4bpp.lz
tools/gbagfx/gbagfx graphics/pokemon/cherubi/front.4bpp graphics/pokemon/cherubi/front.4bpp.lz
tools/gbagfx/gbagfx graphics/pokemon/cherubi/normal.gbapal graphics/pokemon/cherubi/normal.gbapal.lz
tools/gbagfx/gbagfx graphics/pokemon/cherubi/shiny.gbapal graphics/pokemon/cherubi/shiny.gbapal.lz
tools/gbagfx/gbagfx graphics/pokemon/chesnaught/back.4bpp graphics/pokemon/chesnaught/back.4bpp.lz
tools/gbagfx/gbagfx graphics/pokemon/chesnaught/front.4bpp graphics/pokemon/chesnaught/front.4bpp.lz
tools/gbagfx/gbagfx graphics/pokemon/chesnaught/normal.gbapal graphics/pokemon/chesnaught/normal.gbapal.lz
tools/gbagfx/gbagfx graphics/pokemon/chesnaught/shiny.gbapal graphics/pokemon/chesnaught/shiny.gbapal.lz
tools/gbagfx/gbagfx graphics/pokemon/chespin/back.4bpp graphics/pokemon/chespin/back.4bpp.lz
tools/gbagfx/gbagfx graphics/pokemon/chespin/front.4bpp graphics/pokemon/chespin/front.4bpp.lz
tools/gbagfx/gbagfx graphics/pokemon/chespin/normal.gbapal graphics/pokemon/chespin/normal.gbapal.lz
tools/gbagfx/gbagfx graphics/pokemon/chespin/shiny.gbapal graphics/pokemon/chespin/shiny.gbapal.lz
tools/gbagfx/gbagfx graphics/pokemon/chewtle/back.4bpp graphics/pokemon/chewtle/back.4bpp.lz
tools/gbagfx/gbagfx graphics/pokemon/chewtle/front.4bpp graphics/pokemon/chewtle/front.4bpp.lz
tools/gbagfx/gbagfx graphics/pokemon/chewtle/normal.gbapal graphics/pokemon/chewtle/normal.gbapal.lz
tools/gbagfx/gbagfx graphics/pokemon/chewtle/shiny.gbapal graphics/pokemon/chewtle/shiny.gbapal.lz
tools/gbagfx/gbagfx graphics/pokemon/chi_yu/back.4bpp graphics/pokemon/chi_yu/back.4bpp.lz
tools/gbagfx/gbagfx graphics/pokemon/chi_yu/front.4bpp graphics/pokemon/chi_yu/front.4bpp.lz
tools/gbagfx/gbagfx graphics/pokemon/chi_yu/normal.gbapal graphics/pokemon/chi_yu/normal.gbapal.lz
tools/gbagfx/gbagfx graphics/pokemon/chi_yu/shiny.gbapal graphics/pokemon/chi_yu/shiny.gbapal.lz
tools/gbagfx/gbagfx graphics/pokemon/chien_pao/back.4bpp graphics/pokemon/chien_pao/back.4bpp.lz
tools/gbagfx/gbagfx graphics/pokemon/chien_pao/front.4bpp graphics/pokemon/chien_pao/front.4bpp.lz
tools/gbagfx/gbagfx graphics/pokemon/chien_pao/normal.gbapal graphics/pokemon/chien_pao/normal.gbapal.lz
tools/gbagfx/gbagfx graphics/pokemon/chien_pao/shiny.gbapal graphics/pokemon/chien_pao/shiny.gbapal.lz
tools/gbagfx/gbagfx graphics/pokemon/chikorita/back.4bpp graphics/pokemon/chikorita/back.4bpp.lz
tools/gbagfx/gbagfx graphics/pokemon/chikorita/front.4bpp graphics/pokemon/chikorita/front.4bpp.lz
tools/gbagfx/gbagfx graphics/pokemon/chikorita/normal.gbapal graphics/pokemon/chikorita/normal.gbapal.lz
tools/gbagfx/gbagfx graphics/pokemon/chikorita/shiny.gbapal graphics/pokemon/chikorita/shiny.gbapal.lz
tools/gbagfx/gbagfx graphics/pokemon/chimchar/back.4bpp graphics/pokemon/chimchar/back.4bpp.lz
tools/gbagfx/gbagfx graphics/pokemon/chimchar/front.4bpp graphics/pokemon/chimchar/front.4bpp.lz
tools/gbagfx/gbagfx graphics/pokemon/chimchar/normal.gbapal graphics/pokemon/chimchar/normal.gbapal.lz
tools/gbagfx/gbagfx graphics/pokemon/chimchar/shiny.gbapal graphics/pokemon/chimchar/shiny.gbapal.lz
tools/gbagfx/gbagfx graphics/pokemon/chimecho/back.4bpp graphics/pokemon/chimecho/back.4bpp.lz
tools/gbagfx/gbagfx graphics/pokemon/chimecho/front.4bpp graphics/pokemon/chimecho/front.4bpp.lz
tools/gbagfx/gbagfx graphics/pokemon/chimecho/normal.gbapal graphics/pokemon/chimecho/normal.gbapal.lz
tools/gbagfx/gbagfx graphics/pokemon/chimecho/shiny.gbapal graphics/pokemon/chimecho/shiny.gbapal.lz
tools/gbagfx/gbagfx graphics/pokemon/chinchou/back.4bpp graphics/pokemon/chinchou/back.4bpp.lz
tools/gbagfx/gbagfx graphics/pokemon/chinchou/front.4bpp graphics/pokemon/chinchou/front.4bpp.lz
tools/gbagfx/gbagfx graphics/pokemon/chinchou/normal.gbapal graphics/pokemon/chinchou/normal.gbapal.lz
tools/gbagfx/gbagfx graphics/pokemon/chinchou/shiny.gbapal graphics/pokemon/chinchou/shiny.gbapal.lz
tools/gbagfx/gbagfx graphics/pokemon/chingling/back.4bpp graphics/pokemon/chingling/back.4bpp.lz
tools/gbagfx/gbagfx graphics/pokemon/chingling/front.4bpp graphics/pokemon/chingling/front.4bpp.lz
tools/gbagfx/gbagfx graphics/pokemon/chingling/normal.gbapal graphics/pokemon/chingling/normal.gbapal.lz
tools/gbagfx/gbagfx graphics/pokemon/chingling/shiny.gbapal graphics/pokemon/chingling/shiny.gbapal.lz
tools/gbagfx/gbagfx graphics/pokemon/cinccino/back.4bpp graphics/pokemon/cinccino/back.4bpp.lz
tools/gbagfx/gbagfx graphics/pokemon/cinccino/front.4bpp graphics/pokemon/cinccino/front.4bpp.lz
tools/gbagfx/gbagfx graphics/pokemon/cinccino/normal.gbapal graphics/pokemon/cinccino/normal.gbapal.lz
tools/gbagfx/gbagfx graphics/pokemon/cinccino/shiny.gbapal graphics/pokemon/cinccino/shiny.gbapal.lz
tools/gbagfx/gbagfx graphics/pokemon/cinderace/back.4bpp graphics/pokemon/cinderace/back.4bpp.lz
tools/gbagfx/gbagfx graphics/pokemon/cinderace/front.4bpp graphics/pokemon/cinderace/front.4bpp.lz
tools/gbagfx/gbagfx graphics/pokemon/cinderace/normal.gbapal graphics/pokemon/cinderace/normal.gbapal.lz
tools/gbagfx/gbagfx graphics/pokemon/cinderace/shiny.gbapal graphics/pokemon/cinderace/shiny.gbapal.lz
tools/gbagfx/gbagfx graphics/pokemon/clamperl/back.4bpp graphics/pokemon/clamperl/back.4bpp.lz
tools/gbagfx/gbagfx graphics/pokemon/clamperl/front.4bpp graphics/pokemon/clamperl/front.4bpp.lz
tools/gbagfx/gbagfx graphics/pokemon/clamperl/normal.gbapal graphics/pokemon/clamperl/normal.gbapal.lz
tools/gbagfx/gbagfx graphics/pokemon/clamperl/shiny.gbapal graphics/pokemon/clamperl/shiny.gbapal.lz
tools/gbagfx/gbagfx graphics/pokemon/clauncher/back.4bpp graphics/pokemon/clauncher/back.4bpp.lz
tools/gbagfx/gbagfx graphics/pokemon/clauncher/front.4bpp graphics/pokemon/clauncher/front.4bpp.lz
tools/gbagfx/gbagfx graphics/pokemon/clauncher/normal.gbapal graphics/pokemon/clauncher/normal.gbapal.lz
tools/gbagfx/gbagfx graphics/pokemon/clauncher/shiny.gbapal graphics/pokemon/clauncher/shiny.gbapal.lz
tools/gbagfx/gbagfx graphics/pokemon/clawitzer/back.4bpp graphics/pokemon/clawitzer/back.4bpp.lz
tools/gbagfx/gbagfx graphics/pokemon/clawitzer/front.4bpp graphics/pokemon/clawitzer/front.4bpp.lz
tools/gbagfx/gbagfx graphics/pokemon/clawitzer/normal.gbapal graphics/pokemon/clawitzer/normal.gbapal.lz
tools/gbagfx/gbagfx graphics/pokemon/clawitzer/shiny.gbapal graphics/pokemon/clawitzer/shiny.gbapal.lz
tools/gbagfx/gbagfx graphics/pokemon/claydol/back.4bpp graphics/pokemon/claydol/back.4bpp.lz
tools/gbagfx/gbagfx graphics/pokemon/claydol/front.4bpp graphics/pokemon/claydol/front.4bpp.lz
tools/gbagfx/gbagfx graphics/pokemon/claydol/normal.gbapal graphics/pokemon/claydol/normal.gbapal.lz
tools/gbagfx/gbagfx graphics/pokemon/claydol/shiny.gbapal graphics/pokemon/claydol/shiny.gbapal.lz
tools/gbagfx/gbagfx graphics/pokemon/clefable/back.4bpp graphics/pokemon/clefable/back.4bpp.lz
tools/gbagfx/gbagfx graphics/pokemon/clefable/front.4bpp graphics/pokemon/clefable/front.4bpp.lz
tools/gbagfx/gbagfx graphics/pokemon/clefable/normal.gbapal graphics/pokemon/clefable/normal.gbapal.lz
tools/gbagfx/gbagfx graphics/pokemon/clefable/shiny.gbapal graphics/pokemon/clefable/shiny.gbapal.lz
tools/gbagfx/gbagfx graphics/pokemon/clefairy/back.4bpp graphics/pokemon/clefairy/back.4bpp.lz
tools/gbagfx/gbagfx graphics/pokemon/clefairy/front.4bpp graphics/pokemon/clefairy/front.4bpp.lz
tools/gbagfx/gbagfx graphics/pokemon/clefairy/normal.gbapal graphics/pokemon/clefairy/normal.gbapal.lz
tools/gbagfx/gbagfx graphics/pokemon/clefairy/shiny.gbapal graphics/pokemon/clefairy/shiny.gbapal.lz
tools/gbagfx/gbagfx graphics/pokemon/cleffa/back.4bpp graphics/pokemon/cleffa/back.4bpp.lz
tools/gbagfx/gbagfx graphics/pokemon/cleffa/front.4bpp graphics/pokemon/cleffa/front.4bpp.lz
tools/gbagfx/gbagfx graphics/pokemon/cleffa/normal.gbapal graphics/pokemon/cleffa/normal.gbapal.lz
tools/gbagfx/gbagfx graphics/pokemon/cleffa/shiny.gbapal graphics/pokemon/cleffa/shiny.gbapal.lz
tools/gbagfx/gbagfx graphics/pokemon/clobbopus/back.4bpp graphics/pokemon/clobbopus/back.4bpp.lz
tools/gbagfx/gbagfx graphics/pokemon/clobbopus/front.4bpp graphics/pokemon/clobbopus/front.4bpp.lz
tools/gbagfx/gbagfx graphics/pokemon/clobbopus/normal.gbapal graphics/pokemon/clobbopus/normal.gbapal.lz
tools/gbagfx/gbagfx graphics/pokemon/clobbopus/shiny.gbapal graphics/pokemon/clobbopus/shiny.gbapal.lz
tools/gbagfx/gbagfx graphics/pokemon/clodsire/back.4bpp graphics/pokemon/clodsire/back.4bpp.lz
tools/gbagfx/gbagfx graphics/pokemon/clodsire/front.4bpp graphics/pokemon/clodsire/front.4bpp.lz
tools/gbagfx/gbagfx graphics/pokemon/clodsire/normal.gbapal graphics/pokemon/clodsire/normal.gbapal.lz
tools/gbagfx/gbagfx graphics/pokemon/clodsire/shiny.gbapal graphics/pokemon/clodsire/shiny.gbapal.lz
tools/gbagfx/gbagfx graphics/pokemon/cloyster/back.4bpp graphics/pokemon/cloyster/back.4bpp.lz
tools/gbagfx/gbagfx graphics/pokemon/cloyster/front.4bpp graphics/pokemon/cloyster/front.4bpp.lz
tools/gbagfx/gbagfx graphics/pokemon/cloyster/normal.gbapal graphics/pokemon/cloyster/normal.gbapal.lz
tools/gbagfx/gbagfx graphics/pokemon/cloyster/shiny.gbapal graphics/pokemon/cloyster/shiny.gbapal.lz
tools/gbagfx/gbagfx graphics/pokemon/coalossal/back.4bpp graphics/pokemon/coalossal/back.4bpp.lz
tools/gbagfx/gbagfx graphics/pokemon/coalossal/front.4bpp graphics/pokemon/coalossal/front.4bpp.lz
tools/gbagfx/gbagfx graphics/pokemon/coalossal/normal.gbapal graphics/pokemon/coalossal/normal.gbapal.lz
tools/gbagfx/gbagfx graphics/pokemon/coalossal/shiny.gbapal graphics/pokemon/coalossal/shiny.gbapal.lz
tools/gbagfx/gbagfx graphics/pokemon/cobalion/back.4bpp graphics/pokemon/cobalion/back.4bpp.lz
tools/gbagfx/gbagfx graphics/pokemon/cobalion/front.4bpp graphics/pokemon/cobalion/front.4bpp.lz
tools/gbagfx/gbagfx graphics/pokemon/cobalion/normal.gbapal graphics/pokemon/cobalion/normal.gbapal.lz
tools/gbagfx/gbagfx graphics/pokemon/cobalion/shiny.gbapal graphics/pokemon/cobalion/shiny.gbapal.lz
tools/gbagfx/gbagfx graphics/pokemon/cofagrigus/back.4bpp graphics/pokemon/cofagrigus/back.4bpp.lz
tools/gbagfx/gbagfx graphics/pokemon/cofagrigus/front.4bpp graphics/pokemon/cofagrigus/front.4bpp.lz
tools/gbagfx/gbagfx graphics/pokemon/cofagrigus/normal.gbapal graphics/pokemon/cofagrigus/normal.gbapal.lz
tools/gbagfx/gbagfx graphics/pokemon/cofagrigus/shiny.gbapal graphics/pokemon/cofagrigus/shiny.gbapal.lz
tools/gbagfx/gbagfx graphics/pokemon/combee/back.4bpp graphics/pokemon/combee/back.4bpp.lz
tools/gbagfx/gbagfx graphics/pokemon/combee/front.4bpp graphics/pokemon/combee/front.4bpp.lz
tools/gbagfx/gbagfx graphics/pokemon/combee/frontf.4bpp graphics/pokemon/combee/frontf.4bpp.lz
tools/gbagfx/gbagfx graphics/pokemon/combee/normal.gbapal graphics/pokemon/combee/normal.gbapal.lz
tools/gbagfx/gbagfx graphics/pokemon/combee/shiny.gbapal graphics/pokemon/combee/shiny.gbapal.lz
tools/gbagfx/gbagfx graphics/pokemon/combusken/back.4bpp graphics/pokemon/combusken/back.4bpp.lz
tools/gbagfx/gbagfx graphics/pokemon/combusken/backf.4bpp graphics/pokemon/combusken/backf.4bpp.lz
tools/gbagfx/gbagfx graphics/pokemon/combusken/front.4bpp graphics/pokemon/combusken/front.4bpp.lz
tools/gbagfx/gbagfx graphics/pokemon/combusken/frontf.4bpp graphics/pokemon/combusken/frontf.4bpp.lz
tools/gbagfx/gbagfx graphics/pokemon/combusken/normal.gbapal graphics/pokemon/combusken/normal.gbapal.lz
tools/gbagfx/gbagfx graphics/pokemon/combusken/shiny.gbapal graphics/pokemon/combusken/shiny.gbapal.lz
tools/gbagfx/gbagfx graphics/pokemon/comfey/back.4bpp graphics/pokemon/comfey/back.4bpp.lz
tools/gbagfx/gbagfx graphics/pokemon/comfey/front.4bpp graphics/pokemon/comfey/front.4bpp.lz
tools/gbagfx/gbagfx graphics/pokemon/comfey/normal.gbapal graphics/pokemon/comfey/normal.gbapal.lz
tools/gbagfx/gbagfx graphics/pokemon/comfey/shiny.gbapal graphics/pokemon/comfey/shiny.gbapal.lz
tools/gbagfx/gbagfx graphics/pokemon/conkeldurr/back.4bpp graphics/pokemon/conkeldurr/back.4bpp.lz
tools/gbagfx/gbagfx graphics/pokemon/conkeldurr/front.4bpp graphics/pokemon/conkeldurr/front.4bpp.lz
tools/gbagfx/gbagfx graphics/pokemon/conkeldurr/normal.gbapal graphics/pokemon/conkeldurr/normal.gbapal.lz
tools/gbagfx/gbagfx graphics/pokemon/conkeldurr/shiny.gbapal graphics/pokemon/conkeldurr/shiny.gbapal.lz
tools/gbagfx/gbagfx graphics/pokemon/copperajah/back.4bpp graphics/pokemon/copperajah/back.4bpp.lz
tools/gbagfx/gbagfx graphics/pokemon/copperajah/front.4bpp graphics/pokemon/copperajah/front.4bpp.lz
tools/gbagfx/gbagfx graphics/pokemon/copperajah/normal.gbapal graphics/pokemon/copperajah/normal.gbapal.lz
tools/gbagfx/gbagfx graphics/pokemon/copperajah/shiny.gbapal graphics/pokemon/copperajah/shiny.gbapal.lz
tools/gbagfx/gbagfx graphics/pokemon/corphish/back.4bpp graphics/pokemon/corphish/back.4bpp.lz
tools/gbagfx/gbagfx graphics/pokemon/corphish/front.4bpp graphics/pokemon/corphish/front.4bpp.lz
tools/gbagfx/gbagfx graphics/pokemon/corphish/normal.gbapal graphics/pokemon/corphish/normal.gbapal.lz
tools/gbagfx/gbagfx graphics/pokemon/corphish/shiny.gbapal graphics/pokemon/corphish/shiny.gbapal.lz
tools/gbagfx/gbagfx graphics/pokemon/corsola/back.4bpp graphics/pokemon/corsola/back.4bpp.lz
tools/gbagfx/gbagfx graphics/pokemon/corsola/front.4bpp graphics/pokemon/corsola/front.4bpp.lz
tools/gbagfx/gbagfx graphics/pokemon/corsola/galarian/back.4bpp graphics/pokemon/corsola/galarian/back.4bpp.lz
tools/gbagfx/gbagfx graphics/pokemon/corsola/galarian/front.4bpp graphics/pokemon/corsola/galarian/front.4bpp.lz
tools/gbagfx/gbagfx graphics/pokemon/corsola/galarian/normal.gbapal graphics/pokemon/corsola/galarian/normal.gbapal.lz
tools/gbagfx/gbagfx graphics/pokemon/corsola/galarian/shiny.gbapal graphics/pokemon/corsola/galarian/shiny.gbapal.lz
tools/gbagfx/gbagfx graphics/pokemon/corsola/normal.gbapal graphics/pokemon/corsola/normal.gbapal.lz
tools/gbagfx/gbagfx graphics/pokemon/corsola/shiny.gbapal graphics/pokemon/corsola/shiny.gbapal.lz
tools/gbagfx/gbagfx graphics/pokemon/corviknight/back.4bpp graphics/pokemon/corviknight/back.4bpp.lz
tools/gbagfx/gbagfx graphics/pokemon/corviknight/front.4bpp graphics/pokemon/corviknight/front.4bpp.lz
tools/gbagfx/gbagfx graphics/pokemon/corviknight/normal.gbapal graphics/pokemon/corviknight/normal.gbapal.lz
tools/gbagfx/gbagfx graphics/pokemon/corviknight/shiny.gbapal graphics/pokemon/corviknight/shiny.gbapal.lz
tools/gbagfx/gbagfx graphics/pokemon/corvisquire/back.4bpp graphics/pokemon/corvisquire/back.4bpp.lz
tools/gbagfx/gbagfx graphics/pokemon/corvisquire/front.4bpp graphics/pokemon/corvisquire/front.4bpp.lz
tools/gbagfx/gbagfx graphics/pokemon/corvisquire/normal.gbapal graphics/pokemon/corvisquire/normal.gbapal.lz
tools/gbagfx/gbagfx graphics/pokemon/corvisquire/shiny.gbapal graphics/pokemon/corvisquire/shiny.gbapal.lz
tools/gbagfx/gbagfx graphics/pokemon/cosmoem/back.4bpp graphics/pokemon/cosmoem/back.4bpp.lz
tools/gbagfx/gbagfx graphics/pokemon/cosmoem/front.4bpp graphics/pokemon/cosmoem/front.4bpp.lz
tools/gbagfx/gbagfx graphics/pokemon/cosmoem/normal.gbapal graphics/pokemon/cosmoem/normal.gbapal.lz
tools/gbagfx/gbagfx graphics/pokemon/cosmoem/shiny.gbapal graphics/pokemon/cosmoem/shiny.gbapal.lz
tools/gbagfx/gbagfx graphics/pokemon/cosmog/back.4bpp graphics/pokemon/cosmog/back.4bpp.lz
tools/gbagfx/gbagfx graphics/pokemon/cosmog/front.4bpp graphics/pokemon/cosmog/front.4bpp.lz
tools/gbagfx/gbagfx graphics/pokemon/cosmog/normal.gbapal graphics/pokemon/cosmog/normal.gbapal.lz
tools/gbagfx/gbagfx graphics/pokemon/cosmog/shiny.gbapal graphics/pokemon/cosmog/shiny.gbapal.lz
tools/gbagfx/gbagfx graphics/pokemon/cottonee/back.4bpp graphics/pokemon/cottonee/back.4bpp.lz
tools/gbagfx/gbagfx graphics/pokemon/cottonee/front.4bpp graphics/pokemon/cottonee/front.4bpp.lz
tools/gbagfx/gbagfx graphics/pokemon/cottonee/normal.gbapal graphics/pokemon/cottonee/normal.gbapal.lz
tools/gbagfx/gbagfx graphics/pokemon/cottonee/shiny.gbapal graphics/pokemon/cottonee/shiny.gbapal.lz
tools/gbagfx/gbagfx graphics/pokemon/crabominable/back.4bpp graphics/pokemon/crabominable/back.4bpp.lz
tools/gbagfx/gbagfx graphics/pokemon/crabominable/front.4bpp graphics/pokemon/crabominable/front.4bpp.lz
tools/gbagfx/gbagfx graphics/pokemon/crabominable/normal.gbapal graphics/pokemon/crabominable/normal.gbapal.lz
tools/gbagfx/gbagfx graphics/pokemon/crabominable/shiny.gbapal graphics/pokemon/crabominable/shiny.gbapal.lz
tools/gbagfx/gbagfx graphics/pokemon/crabrawler/back.4bpp graphics/pokemon/crabrawler/back.4bpp.lz
tools/gbagfx/gbagfx graphics/pokemon/crabrawler/front.4bpp graphics/pokemon/crabrawler/front.4bpp.lz
tools/gbagfx/gbagfx graphics/pokemon/crabrawler/normal.gbapal graphics/pokemon/crabrawler/normal.gbapal.lz
tools/gbagfx/gbagfx graphics/pokemon/crabrawler/shiny.gbapal graphics/pokemon/crabrawler/shiny.gbapal.lz
tools/gbagfx/gbagfx graphics/pokemon/cradily/back.4bpp graphics/pokemon/cradily/back.4bpp.lz
tools/gbagfx/gbagfx graphics/pokemon/cradily/front.4bpp graphics/pokemon/cradily/front.4bpp.lz
tools/gbagfx/gbagfx graphics/pokemon/cradily/normal.gbapal graphics/pokemon/cradily/normal.gbapal.lz
tools/gbagfx/gbagfx graphics/pokemon/cradily/shiny.gbapal graphics/pokemon/cradily/shiny.gbapal.lz
tools/gbagfx/gbagfx graphics/pokemon/cramorant/back.4bpp graphics/pokemon/cramorant/back.4bpp.lz
tools/gbagfx/gbagfx graphics/pokemon/cramorant/front.4bpp graphics/pokemon/cramorant/front.4bpp.lz
tools/gbagfx/gbagfx graphics/pokemon/cramorant/gorging/back.4bpp graphics/pokemon/cramorant/gorging/back.4bpp.lz
tools/gbagfx/gbagfx graphics/pokemon/cramorant/gorging/front.4bpp graphics/pokemon/cramorant/gorging/front.4bpp.lz
tools/gbagfx/gbagfx graphics/pokemon/cramorant/gorging/normal.gbapal graphics/pokemon/cramorant/gorging/normal.gbapal.lz
tools/gbagfx/gbagfx graphics/pokemon/cramorant/gorging/shiny.gbapal graphics/pokemon/cramorant/gorging/shiny.gbapal.lz
tools/gbagfx/gbagfx graphics/pokemon/cramorant/gulping/back.4bpp graphics/pokemon/cramorant/gulping/back.4bpp.lz
tools/gbagfx/gbagfx graphics/pokemon/cramorant/gulping/front.4bpp graphics/pokemon/cramorant/gulping/front.4bpp.lz
tools/gbagfx/gbagfx graphics/pokemon/cramorant/gulping/normal.gbapal graphics/pokemon/cramorant/gulping/normal.gbapal.lz
tools/gbagfx/gbagfx graphics/pokemon/cramorant/gulping/shiny.gbapal graphics/pokemon/cramorant/gulping/shiny.gbapal.lz
tools/gbagfx/gbagfx graphics/pokemon/cramorant/normal.gbapal graphics/pokemon/cramorant/normal.gbapal.lz
tools/gbagfx/gbagfx graphics/pokemon/cramorant/shiny.gbapal graphics/pokemon/cramorant/shiny.gbapal.lz
tools/gbagfx/gbagfx graphics/pokemon/cranidos/back.4bpp graphics/pokemon/cranidos/back.4bpp.lz
tools/gbagfx/gbagfx graphics/pokemon/cranidos/front.4bpp graphics/pokemon/cranidos/front.4bpp.lz
tools/gbagfx/gbagfx graphics/pokemon/cranidos/normal.gbapal graphics/pokemon/cranidos/normal.gbapal.lz
tools/gbagfx/gbagfx graphics/pokemon/cranidos/shiny.gbapal graphics/pokemon/cranidos/shiny.gbapal.lz
tools/gbagfx/gbagfx graphics/pokemon/crawdaunt/back.4bpp graphics/pokemon/crawdaunt/back.4bpp.lz
tools/gbagfx/gbagfx graphics/pokemon/crawdaunt/front.4bpp graphics/pokemon/crawdaunt/front.4bpp.lz
tools/gbagfx/gbagfx graphics/pokemon/crawdaunt/normal.gbapal graphics/pokemon/crawdaunt/normal.gbapal.lz
tools/gbagfx/gbagfx graphics/pokemon/crawdaunt/shiny.gbapal graphics/pokemon/crawdaunt/shiny.gbapal.lz
tools/gbagfx/gbagfx graphics/pokemon/cresselia/back.4bpp graphics/pokemon/cresselia/back.4bpp.lz
tools/gbagfx/gbagfx graphics/pokemon/cresselia/front.4bpp graphics/pokemon/cresselia/front.4bpp.lz
tools/gbagfx/gbagfx graphics/pokemon/cresselia/normal.gbapal graphics/pokemon/cresselia/normal.gbapal.lz
tools/gbagfx/gbagfx graphics/pokemon/cresselia/shiny.gbapal graphics/pokemon/cresselia/shiny.gbapal.lz
tools/gbagfx/gbagfx graphics/pokemon/croagunk/back.4bpp graphics/pokemon/croagunk/back.4bpp.lz
tools/gbagfx/gbagfx graphics/pokemon/croagunk/backf.4bpp graphics/pokemon/croagunk/backf.4bpp.lz
tools/gbagfx/gbagfx graphics/pokemon/croagunk/front.4bpp graphics/pokemon/croagunk/front.4bpp.lz
tools/gbagfx/gbagfx graphics/pokemon/croagunk/frontf.4bpp graphics/pokemon/croagunk/frontf.4bpp.lz
tools/gbagfx/gbagfx graphics/pokemon/croagunk/normal.gbapal graphics/pokemon/croagunk/normal.gbapal.lz
tools/gbagfx/gbagfx graphics/pokemon/croagunk/shiny.gbapal graphics/pokemon/croagunk/shiny.gbapal.lz
tools/gbagfx/gbagfx graphics/pokemon/crobat/back.4bpp graphics/pokemon/crobat/back.4bpp.lz
tools/gbagfx/gbagfx graphics/pokemon/crobat/front.4bpp graphics/pokemon/crobat/front.4bpp.lz
tools/gbagfx/gbagfx graphics/pokemon/crobat/normal.gbapal graphics/pokemon/crobat/normal.gbapal.lz
tools/gbagfx/gbagfx graphics/pokemon/crobat/shiny.gbapal graphics/pokemon/crobat/shiny.gbapal.lz
tools/gbagfx/gbagfx graphics/pokemon/crocalor/back.4bpp graphics/pokemon/crocalor/back.4bpp.lz
tools/gbagfx/gbagfx graphics/pokemon/crocalor/front.4bpp graphics/pokemon/crocalor/front.4bpp.lz
tools/gbagfx/gbagfx graphics/pokemon/crocalor/normal.gbapal graphics/pokemon/crocalor/normal.gbapal.lz
tools/gbagfx/gbagfx graphics/pokemon/crocalor/shiny.gbapal graphics/pokemon/crocalor/shiny.gbapal.lz
tools/gbagfx/gbagfx graphics/pokemon/croconaw/back.4bpp graphics/pokemon/croconaw/back.4bpp.lz
tools/gbagfx/gbagfx graphics/pokemon/croconaw/front.4bpp graphics/pokemon/croconaw/front.4bpp.lz
tools/gbagfx/gbagfx graphics/pokemon/croconaw/normal.gbapal graphics/pokemon/croconaw/normal.gbapal.lz
tools/gbagfx/gbagfx graphics/pokemon/croconaw/shiny.gbapal graphics/pokemon/croconaw/shiny.gbapal.lz
tools/gbagfx/gbagfx graphics/pokemon/crustle/back.4bpp graphics/pokemon/crustle/back.4bpp.lz
tools/gbagfx/gbagfx graphics/pokemon/crustle/front.4bpp graphics/pokemon/crustle/front.4bpp.lz
tools/gbagfx/gbagfx graphics/pokemon/crustle/normal.gbapal graphics/pokemon/crustle/normal.gbapal.lz
tools/gbagfx/gbagfx graphics/pokemon/crustle/shiny.gbapal graphics/pokemon/crustle/shiny.gbapal.lz
tools/gbagfx/gbagfx graphics/pokemon/cryogonal/back.4bpp graphics/pokemon/cryogonal/back.4bpp.lz
tools/gbagfx/gbagfx graphics/pokemon/cryogonal/front.4bpp graphics/pokemon/cryogonal/front.4bpp.lz
tools/gbagfx/gbagfx graphics/pokemon/cryogonal/normal.gbapal graphics/pokemon/cryogonal/normal.gbapal.lz
tools/gbagfx/gbagfx graphics/pokemon/cryogonal/shiny.gbapal graphics/pokemon/cryogonal/shiny.gbapal.lz
tools/gbagfx/gbagfx graphics/pokemon/cubchoo/back.4bpp graphics/pokemon/cubchoo/back.4bpp.lz
tools/gbagfx/gbagfx graphics/pokemon/cubchoo/front.4bpp graphics/pokemon/cubchoo/front.4bpp.lz
tools/gbagfx/gbagfx graphics/pokemon/cubchoo/normal.gbapal graphics/pokemon/cubchoo/normal.gbapal.lz
tools/gbagfx/gbagfx graphics/pokemon/cubchoo/shiny.gbapal graphics/pokemon/cubchoo/shiny.gbapal.lz
tools/gbagfx/gbagfx graphics/pokemon/cubone/back.4bpp graphics/pokemon/cubone/back.4bpp.lz
tools/gbagfx/gbagfx graphics/pokemon/cubone/front.4bpp graphics/pokemon/cubone/front.4bpp.lz
tools/gbagfx/gbagfx graphics/pokemon/cubone/normal.gbapal graphics/pokemon/cubone/normal.gbapal.lz
tools/gbagfx/gbagfx graphics/pokemon/cubone/shiny.gbapal graphics/pokemon/cubone/shiny.gbapal.lz
tools/gbagfx/gbagfx graphics/pokemon/cufant/back.4bpp graphics/pokemon/cufant/back.4bpp.lz
tools/gbagfx/gbagfx graphics/pokemon/cufant/front.4bpp graphics/pokemon/cufant/front.4bpp.lz
tools/gbagfx/gbagfx graphics/pokemon/cufant/normal.gbapal graphics/pokemon/cufant/normal.gbapal.lz
tools/gbagfx/gbagfx graphics/pokemon/cufant/shiny.gbapal graphics/pokemon/cufant/shiny.gbapal.lz
tools/gbagfx/gbagfx graphics/pokemon/cursola/back.4bpp graphics/pokemon/cursola/back.4bpp.lz
tools/gbagfx/gbagfx graphics/pokemon/cursola/front.4bpp graphics/pokemon/cursola/front.4bpp.lz
tools/gbagfx/gbagfx graphics/pokemon/cursola/normal.gbapal graphics/pokemon/cursola/normal.gbapal.lz
tools/gbagfx/gbagfx graphics/pokemon/cursola/shiny.gbapal graphics/pokemon/cursola/shiny.gbapal.lz
tools/gbagfx/gbagfx graphics/pokemon/cutiefly/back.4bpp graphics/pokemon/cutiefly/back.4bpp.lz
tools/gbagfx/gbagfx graphics/pokemon/cutiefly/front.4bpp graphics/pokemon/cutiefly/front.4bpp.lz
tools/gbagfx/gbagfx graphics/pokemon/cutiefly/normal.gbapal graphics/pokemon/cutiefly/normal.gbapal.lz
tools/gbagfx/gbagfx graphics/pokemon/cutiefly/shiny.gbapal graphics/pokemon/cutiefly/shiny.gbapal.lz
tools/gbagfx/gbagfx graphics/pokemon/cyclizar/back.4bpp graphics/pokemon/cyclizar/back.4bpp.lz
tools/gbagfx/gbagfx graphics/pokemon/cyclizar/front.4bpp graphics/pokemon/cyclizar/front.4bpp.lz
tools/gbagfx/gbagfx graphics/pokemon/cyclizar/normal.gbapal graphics/pokemon/cyclizar/normal.gbapal.lz
tools/gbagfx/gbagfx graphics/pokemon/cyclizar/shiny.gbapal graphics/pokemon/cyclizar/shiny.gbapal.lz
tools/gbagfx/gbagfx graphics/pokemon/cyndaquil/back.4bpp graphics/pokemon/cyndaquil/back.4bpp.lz
tools/gbagfx/gbagfx graphics/pokemon/cyndaquil/front.4bpp graphics/pokemon/cyndaquil/front.4bpp.lz
tools/gbagfx/gbagfx graphics/pokemon/cyndaquil/normal.gbapal graphics/pokemon/cyndaquil/normal.gbapal.lz
tools/gbagfx/gbagfx graphics/pokemon/cyndaquil/shiny.gbapal graphics/pokemon/cyndaquil/shiny.gbapal.lz
tools/gbagfx/gbagfx graphics/pokemon/dachsbun/back.4bpp graphics/pokemon/dachsbun/back.4bpp.lz
tools/gbagfx/gbagfx graphics/pokemon/dachsbun/front.4bpp graphics/pokemon/dachsbun/front.4bpp.lz
tools/gbagfx/gbagfx graphics/pokemon/dachsbun/normal.gbapal graphics/pokemon/dachsbun/normal.gbapal.lz
tools/gbagfx/gbagfx graphics/pokemon/dachsbun/shiny.gbapal graphics/pokemon/dachsbun/shiny.gbapal.lz
tools/gbagfx/gbagfx graphics/pokemon/darkrai/back.4bpp graphics/pokemon/darkrai/back.4bpp.lz
tools/gbagfx/gbagfx graphics/pokemon/darkrai/front.4bpp graphics/pokemon/darkrai/front.4bpp.lz
tools/gbagfx/gbagfx graphics/pokemon/darkrai/normal.gbapal graphics/pokemon/darkrai/normal.gbapal.lz
tools/gbagfx/gbagfx graphics/pokemon/darkrai/shiny.gbapal graphics/pokemon/darkrai/shiny.gbapal.lz
tools/gbagfx/gbagfx graphics/pokemon/darmanitan/back.4bpp graphics/pokemon/darmanitan/back.4bpp.lz
tools/gbagfx/gbagfx graphics/pokemon/darmanitan/front.4bpp graphics/pokemon/darmanitan/front.4bpp.lz
tools/gbagfx/gbagfx graphics/pokemon/darmanitan/galarian/back.4bpp graphics/pokemon/darmanitan/galarian/back.4bpp.lz
tools/gbagfx/gbagfx graphics/pokemon/darmanitan/galarian/front.4bpp graphics/pokemon/darmanitan/galarian/front.4bpp.lz
tools/gbagfx/gbagfx graphics/pokemon/darmanitan/galarian/normal.gbapal graphics/pokemon/darmanitan/galarian/normal.gbapal.lz
tools/gbagfx/gbagfx graphics/pokemon/darmanitan/galarian/shiny.gbapal graphics/pokemon/darmanitan/galarian/shiny.gbapal.lz
tools/gbagfx/gbagfx graphics/pokemon/darmanitan/normal.gbapal graphics/pokemon/darmanitan/normal.gbapal.lz
tools/gbagfx/gbagfx graphics/pokemon/darmanitan/shiny.gbapal graphics/pokemon/darmanitan/shiny.gbapal.lz
tools/gbagfx/gbagfx graphics/pokemon/darmanitan/zen_mode/back.4bpp graphics/pokemon/darmanitan/zen_mode/back.4bpp.lz
tools/gbagfx/gbagfx graphics/pokemon/darmanitan/zen_mode/front.4bpp graphics/pokemon/darmanitan/zen_mode/front.4bpp.lz
tools/gbagfx/gbagfx graphics/pokemon/darmanitan/zen_mode/galarian/back.4bpp graphics/pokemon/darmanitan/zen_mode/galarian/back.4bpp.lz
tools/gbagfx/gbagfx graphics/pokemon/darmanitan/zen_mode/galarian/front.4bpp graphics/pokemon/darmanitan/zen_mode/galarian/front.4bpp.lz
tools/gbagfx/gbagfx graphics/pokemon/darmanitan/zen_mode/galarian/normal.gbapal graphics/pokemon/darmanitan/zen_mode/galarian/normal.gbapal.lz
tools/gbagfx/gbagfx graphics/pokemon/darmanitan/zen_mode/galarian/shiny.gbapal graphics/pokemon/darmanitan/zen_mode/galarian/shiny.gbapal.lz
tools/gbagfx/gbagfx graphics/pokemon/darmanitan/zen_mode/normal.gbapal graphics/pokemon/darmanitan/zen_mode/normal.gbapal.lz
tools/gbagfx/gbagfx graphics/pokemon/darmanitan/zen_mode/shiny.gbapal graphics/pokemon/darmanitan/zen_mode/shiny.gbapal.lz
tools/gbagfx/gbagfx graphics/pokemon/dartrix/back.4bpp graphics/pokemon/dartrix/back.4bpp.lz
tools/gbagfx/gbagfx graphics/pokemon/dartrix/front.4bpp graphics/pokemon/dartrix/front.4bpp.lz
tools/gbagfx/gbagfx graphics/pokemon/dartrix/normal.gbapal graphics/pokemon/dartrix/normal.gbapal.lz
tools/gbagfx/gbagfx graphics/pokemon/dartrix/shiny.gbapal graphics/pokemon/dartrix/shiny.gbapal.lz
tools/gbagfx/gbagfx graphics/pokemon/darumaka/back.4bpp graphics/pokemon/darumaka/back.4bpp.lz
tools/gbagfx/gbagfx graphics/pokemon/darumaka/front.4bpp graphics/pokemon/darumaka/front.4bpp.lz
tools/gbagfx/gbagfx graphics/pokemon/darumaka/galarian/back.4bpp graphics/pokemon/darumaka/galarian/back.4bpp.lz
tools/gbagfx/gbagfx graphics/pokemon/darumaka/galarian/front.4bpp graphics/pokemon/darumaka/galarian/front.4bpp.lz
tools/gbagfx/gbagfx graphics/pokemon/darumaka/galarian/normal.gbapal graphics/pokemon/darumaka/galarian/normal.gbapal.lz
tools/gbagfx/gbagfx graphics/pokemon/darumaka/galarian/shiny.gbapal graphics/pokemon/darumaka/galarian/shiny.gbapal.lz
tools/gbagfx/gbagfx graphics/pokemon/darumaka/normal.gbapal graphics/pokemon/darumaka/normal.gbapal.lz
tools/gbagfx/gbagfx graphics/pokemon/darumaka/shiny.gbapal graphics/pokemon/darumaka/shiny.gbapal.lz
tools/gbagfx/gbagfx graphics/pokemon/decidueye/back.4bpp graphics/pokemon/decidueye/back.4bpp.lz
tools/gbagfx/gbagfx graphics/pokemon/decidueye/front.4bpp graphics/pokemon/decidueye/front.4bpp.lz
tools/gbagfx/gbagfx graphics/pokemon/decidueye/hisuian/back.4bpp graphics/pokemon/decidueye/hisuian/back.4bpp.lz
tools/gbagfx/gbagfx graphics/pokemon/decidueye/hisuian/front.4bpp graphics/pokemon/decidueye/hisuian/front.4bpp.lz
tools/gbagfx/gbagfx graphics/pokemon/decidueye/hisuian/normal.gbapal graphics/pokemon/decidueye/hisuian/normal.gbapal.lz
tools/gbagfx/gbagfx graphics/pokemon/decidueye/hisuian/shiny.gbapal graphics/pokemon/decidueye/hisuian/shiny.gbapal.lz
tools/gbagfx/gbagfx graphics/pokemon/decidueye/normal.gbapal graphics/pokemon/decidueye/normal.gbapal.lz
tools/gbagfx/gbagfx graphics/pokemon/decidueye/shiny.gbapal graphics/pokemon/decidueye/shiny.gbapal.lz
tools/gbagfx/gbagfx graphics/pokemon/dedenne/back.4bpp graphics/pokemon/dedenne/back.4bpp.lz
tools/gbagfx/gbagfx graphics/pokemon/dedenne/front.4bpp graphics/pokemon/dedenne/front.4bpp.lz
tools/gbagfx/gbagfx graphics/pokemon/dedenne/normal.gbapal graphics/pokemon/dedenne/normal.gbapal.lz
tools/gbagfx/gbagfx graphics/pokemon/dedenne/shiny.gbapal graphics/pokemon/dedenne/shiny.gbapal.lz
tools/gbagfx/gbagfx graphics/pokemon/deerling/autumn/normal.gbapal graphics/pokemon/deerling/autumn/normal.gbapal.lz
tools/gbagfx/gbagfx graphics/pokemon/deerling/autumn/shiny.gbapal graphics/pokemon/deerling/autumn/shiny.gbapal.lz
tools/gbagfx/gbagfx graphics/pokemon/deerling/back.4bpp graphics/pokemon/deerling/back.4bpp.lz
tools/gbagfx/gbagfx graphics/pokemon/deerling/front.4bpp graphics/pokemon/deerling/front.4bpp.lz
tools/gbagfx/gbagfx graphics/pokemon/deerling/normal.gbapal graphics/pokemon/deerling/normal.gbapal.lz
tools/gbagfx/gbagfx graphics/pokemon/deerling/shiny.gbapal graphics/pokemon/deerling/shiny.gbapal.lz
tools/gbagfx/gbagfx graphics/pokemon/deerling/summer/normal.gbapal graphics/pokemon/deerling/summer/normal.gbapal.lz
tools/gbagfx/gbagfx graphics/pokemon/deerling/summer/shiny.gbapal graphics/pokemon/deerling/summer/shiny.gbapal.lz
tools/gbagfx/gbagfx graphics/pokemon/deerling/winter/normal.gbapal graphics/pokemon/deerling/winter/normal.gbapal.lz
tools/gbagfx/gbagfx graphics/pokemon/deerling/winter/shiny.gbapal graphics/pokemon/deerling/winter/shiny.gbapal.lz
tools/gbagfx/gbagfx graphics/pokemon/deino/back.4bpp graphics/pokemon/deino/back.4bpp.lz
tools/gbagfx/gbagfx graphics/pokemon/deino/front.4bpp graphics/pokemon/deino/front.4bpp.lz
tools/gbagfx/gbagfx graphics/pokemon/deino/normal.gbapal graphics/pokemon/deino/normal.gbapal.lz
tools/gbagfx/gbagfx graphics/pokemon/deino/shiny.gbapal graphics/pokemon/deino/shiny.gbapal.lz
tools/gbagfx/gbagfx graphics/pokemon/delcatty/back.4bpp graphics/pokemon/delcatty/back.4bpp.lz
tools/gbagfx/gbagfx graphics/pokemon/delcatty/front.4bpp graphics/pokemon/delcatty/front.4bpp.lz
tools/gbagfx/gbagfx graphics/pokemon/delcatty/normal.gbapal graphics/pokemon/delcatty/normal.gbapal.lz
tools/gbagfx/gbagfx graphics/pokemon/delcatty/shiny.gbapal graphics/pokemon/delcatty/shiny.gbapal.lz
tools/gbagfx/gbagfx graphics/pokemon/delibird/back.4bpp graphics/pokemon/delibird/back.4bpp.lz
tools/gbagfx/gbagfx graphics/pokemon/delibird/front.4bpp graphics/pokemon/delibird/front.4bpp.lz
tools/gbagfx/gbagfx graphics/pokemon/delibird/normal.gbapal graphics/pokemon/delibird/normal.gbapal.lz
tools/gbagfx/gbagfx graphics/pokemon/delibird/shiny.gbapal graphics/pokemon/delibird/shiny.gbapal.lz
tools/gbagfx/gbagfx graphics/pokemon/delphox/back.4bpp graphics/pokemon/delphox/back.4bpp.lz
tools/gbagfx/gbagfx graphics/pokemon/delphox/front.4bpp graphics/pokemon/delphox/front.4bpp.lz
tools/gbagfx/gbagfx graphics/pokemon/delphox/normal.gbapal graphics/pokemon/delphox/normal.gbapal.lz
tools/gbagfx/gbagfx graphics/pokemon/delphox/shiny.gbapal graphics/pokemon/delphox/shiny.gbapal.lz
tools/gbagfx/gbagfx graphics/pokemon/deoxys/anim_front.4bpp graphics/pokemon/deoxys/anim_front.4bpp.lz
tools/gbagfx/gbagfx graphics/pokemon/deoxys/attack/back.4bpp graphics/pokemon/deoxys/attack/back.4bpp.lz
tools/gbagfx/gbagfx graphics/pokemon/deoxys/attack/front.4bpp graphics/pokemon/deoxys/attack/front.4bpp.lz
tools/gbagfx/gbagfx graphics/pokemon/deoxys/back.4bpp graphics/pokemon/deoxys/back.4bpp.lz
tools/gbagfx/gbagfx graphics/pokemon/deoxys/defense/back.4bpp graphics/pokemon/deoxys/defense/back.4bpp.lz
tools/gbagfx/gbagfx graphics/pokemon/deoxys/defense/front.4bpp graphics/pokemon/deoxys/defense/front.4bpp.lz
tools/gbagfx/gbagfx graphics/pokemon/deoxys/normal.gbapal graphics/pokemon/deoxys/normal.gbapal.lz
tools/gbagfx/gbagfx graphics/pokemon/deoxys/shiny.gbapal graphics/pokemon/deoxys/shiny.gbapal.lz
tools/gbagfx/gbagfx graphics/pokemon/deoxys/speed/back.4bpp graphics/pokemon/deoxys/speed/back.4bpp.lz
tools/gbagfx/gbagfx graphics/pokemon/deoxys/speed/front.4bpp graphics/pokemon/deoxys/speed/front.4bpp.lz
tools/gbagfx/gbagfx graphics/pokemon/dewgong/back.4bpp graphics/pokemon/dewgong/back.4bpp.lz
tools/gbagfx/gbagfx graphics/pokemon/dewgong/front.4bpp graphics/pokemon/dewgong/front.4bpp.lz
tools/gbagfx/gbagfx graphics/pokemon/dewgong/normal.gbapal graphics/pokemon/dewgong/normal.gbapal.lz
tools/gbagfx/gbagfx graphics/pokemon/dewgong/shiny.gbapal graphics/pokemon/dewgong/shiny.gbapal.lz
tools/gbagfx/gbagfx graphics/pokemon/dewott/back.4bpp graphics/pokemon/dewott/back.4bpp.lz
tools/gbagfx/gbagfx graphics/pokemon/dewott/front.4bpp graphics/pokemon/dewott/front.4bpp.lz
tools/gbagfx/gbagfx graphics/pokemon/dewott/normal.gbapal graphics/pokemon/dewott/normal.gbapal.lz
tools/gbagfx/gbagfx graphics/pokemon/dewott/shiny.gbapal graphics/pokemon/dewott/shiny.gbapal.lz
tools/gbagfx/gbagfx graphics/pokemon/dewpider/back.4bpp graphics/pokemon/dewpider/back.4bpp.lz
tools/gbagfx/gbagfx graphics/pokemon/dewpider/front.4bpp graphics/pokemon/dewpider/front.4bpp.lz
tools/gbagfx/gbagfx graphics/pokemon/dewpider/normal.gbapal graphics/pokemon/dewpider/normal.gbapal.lz
tools/gbagfx/gbagfx graphics/pokemon/dewpider/shiny.gbapal graphics/pokemon/dewpider/shiny.gbapal.lz
tools/gbagfx/gbagfx graphics/pokemon/dhelmise/back.4bpp graphics/pokemon/dhelmise/back.4bpp.lz
tools/gbagfx/gbagfx graphics/pokemon/dhelmise/front.4bpp graphics/pokemon/dhelmise/front.4bpp.lz
tools/gbagfx/gbagfx graphics/pokemon/dhelmise/normal.gbapal graphics/pokemon/dhelmise/normal.gbapal.lz
tools/gbagfx/gbagfx graphics/pokemon/dhelmise/shiny.gbapal graphics/pokemon/dhelmise/shiny.gbapal.lz
tools/gbagfx/gbagfx graphics/pokemon/dialga/back.4bpp graphics/pokemon/dialga/back.4bpp.lz
tools/gbagfx/gbagfx graphics/pokemon/dialga/front.4bpp graphics/pokemon/dialga/front.4bpp.lz
tools/gbagfx/gbagfx graphics/pokemon/dialga/normal.gbapal graphics/pokemon/dialga/normal.gbapal.lz
tools/gbagfx/gbagfx graphics/pokemon/dialga/origin/back.4bpp graphics/pokemon/dialga/origin/back.4bpp.lz
tools/gbagfx/gbagfx graphics/pokemon/dialga/origin/front.4bpp graphics/pokemon/dialga/origin/front.4bpp.lz
tools/gbagfx/gbagfx graphics/pokemon/dialga/origin/normal.gbapal graphics/pokemon/dialga/origin/normal.gbapal.lz
tools/gbagfx/gbagfx graphics/pokemon/dialga/origin/shiny.gbapal graphics/pokemon/dialga/origin/shiny.gbapal.lz
tools/gbagfx/gbagfx graphics/pokemon/dialga/shiny.gbapal graphics/pokemon/dialga/shiny.gbapal.lz
tools/gbagfx/gbagfx graphics/pokemon/diancie/back.4bpp graphics/pokemon/diancie/back.4bpp.lz
tools/gbagfx/gbagfx graphics/pokemon/diancie/front.4bpp graphics/pokemon/diancie/front.4bpp.lz
tools/gbagfx/gbagfx graphics/pokemon/diancie/mega/back.4bpp graphics/pokemon/diancie/mega/back.4bpp.lz
tools/gbagfx/gbagfx graphics/pokemon/diancie/mega/front.4bpp graphics/pokemon/diancie/mega/front.4bpp.lz
tools/gbagfx/gbagfx graphics/pokemon/diancie/mega/normal.gbapal graphics/pokemon/diancie/mega/normal.gbapal.lz
tools/gbagfx/gbagfx graphics/pokemon/diancie/mega/shiny.gbapal graphics/pokemon/diancie/mega/shiny.gbapal.lz
tools/gbagfx/gbagfx graphics/pokemon/diancie/normal.gbapal graphics/pokemon/diancie/normal.gbapal.lz
tools/gbagfx/gbagfx graphics/pokemon/diancie/shiny.gbapal graphics/pokemon/diancie/shiny.gbapal.lz
tools/gbagfx/gbagfx graphics/pokemon/diggersby/back.4bpp graphics/pokemon/diggersby/back.4bpp.lz
tools/gbagfx/gbagfx graphics/pokemon/diggersby/front.4bpp graphics/pokemon/diggersby/front.4bpp.lz
tools/gbagfx/gbagfx graphics/pokemon/diggersby/normal.gbapal graphics/pokemon/diggersby/normal.gbapal.lz
tools/gbagfx/gbagfx graphics/pokemon/diggersby/shiny.gbapal graphics/pokemon/diggersby/shiny.gbapal.lz
tools/gbagfx/gbagfx graphics/pokemon/diglett/alolan/back.4bpp graphics/pokemon/diglett/alolan/back.4bpp.lz
tools/gbagfx/gbagfx graphics/pokemon/diglett/alolan/front.4bpp graphics/pokemon/diglett/alolan/front.4bpp.lz
tools/gbagfx/gbagfx graphics/pokemon/diglett/alolan/normal.gbapal graphics/pokemon/diglett/alolan/normal.gbapal.lz
tools/gbagfx/gbagfx graphics/pokemon/diglett/alolan/shiny.gbapal graphics/pokemon/diglett/alolan/shiny.gbapal.lz
tools/gbagfx/gbagfx graphics/pokemon/diglett/back.4bpp graphics/pokemon/diglett/back.4bpp.lz
tools/gbagfx/gbagfx graphics/pokemon/diglett/front.4bpp graphics/pokemon/diglett/front.4bpp.lz
tools/gbagfx/gbagfx graphics/pokemon/diglett/normal.gbapal graphics/pokemon/diglett/normal.gbapal.lz
tools/gbagfx/gbagfx graphics/pokemon/diglett/shiny.gbapal graphics/pokemon/diglett/shiny.gbapal.lz
tools/gbagfx/gbagfx graphics/pokemon/dipplin/back.4bpp graphics/pokemon/dipplin/back.4bpp.lz
tools/gbagfx/gbagfx graphics/pokemon/dipplin/front.4bpp graphics/pokemon/dipplin/front.4bpp.lz
tools/gbagfx/gbagfx graphics/pokemon/dipplin/normal.gbapal graphics/pokemon/dipplin/normal.gbapal.lz
tools/gbagfx/gbagfx graphics/pokemon/dipplin/shiny.gbapal graphics/pokemon/dipplin/shiny.gbapal.lz
tools/gbagfx/gbagfx graphics/pokemon/ditto/back.4bpp graphics/pokemon/ditto/back.4bpp.lz
tools/gbagfx/gbagfx graphics/pokemon/ditto/front.4bpp graphics/pokemon/ditto/front.4bpp.lz
tools/gbagfx/gbagfx graphics/pokemon/ditto/normal.gbapal graphics/pokemon/ditto/normal.gbapal.lz
tools/gbagfx/gbagfx graphics/pokemon/ditto/shiny.gbapal graphics/pokemon/ditto/shiny.gbapal.lz
tools/gbagfx/gbagfx graphics/pokemon/dodrio/back.4bpp graphics/pokemon/dodrio/back.4bpp.lz
tools/gbagfx/gbagfx graphics/pokemon/dodrio/backf.4bpp graphics/pokemon/dodrio/backf.4bpp.lz
tools/gbagfx/gbagfx graphics/pokemon/dodrio/front.4bpp graphics/pokemon/dodrio/front.4bpp.lz
tools/gbagfx/gbagfx graphics/pokemon/dodrio/frontf.4bpp graphics/pokemon/dodrio/frontf.4bpp.lz
tools/gbagfx/gbagfx graphics/pokemon/dodrio/normal.gbapal graphics/pokemon/dodrio/normal.gbapal.lz
tools/gbagfx/gbagfx graphics/pokemon/dodrio/shiny.gbapal graphics/pokemon/dodrio/shiny.gbapal.lz
tools/gbagfx/gbagfx graphics/pokemon/doduo/back.4bpp graphics/pokemon/doduo/back.4bpp.lz
tools/gbagfx/gbagfx graphics/pokemon/doduo/backf.4bpp graphics/pokemon/doduo/backf.4bpp.lz
tools/gbagfx/gbagfx graphics/pokemon/doduo/front.4bpp graphics/pokemon/doduo/front.4bpp.lz
tools/gbagfx/gbagfx graphics/pokemon/doduo/frontf.4bpp graphics/pokemon/doduo/frontf.4bpp.lz
tools/gbagfx/gbagfx graphics/pokemon/doduo/normal.gbapal graphics/pokemon/doduo/normal.gbapal.lz
tools/gbagfx/gbagfx graphics/pokemon/doduo/shiny.gbapal graphics/pokemon/doduo/shiny.gbapal.lz
tools/gbagfx/gbagfx graphics/pokemon/dolliv/back.4bpp graphics/pokemon/dolliv/back.4bpp.lz
tools/gbagfx/gbagfx graphics/pokemon/dolliv/front.4bpp graphics/pokemon/dolliv/front.4bpp.lz
tools/gbagfx/gbagfx graphics/pokemon/dolliv/normal.gbapal graphics/pokemon/dolliv/normal.gbapal.lz
tools/gbagfx/gbagfx graphics/pokemon/dolliv/shiny.gbapal graphics/pokemon/dolliv/shiny.gbapal.lz
tools/gbagfx/gbagfx graphics/pokemon/dondozo/back.4bpp graphics/pokemon/dondozo/back.4bpp.lz
tools/gbagfx/gbagfx graphics/pokemon/dondozo/front.4bpp graphics/pokemon/dondozo/front.4bpp.lz
tools/gbagfx/gbagfx graphics/pokemon/dondozo/normal.gbapal graphics/pokemon/dondozo/normal.gbapal.lz
tools/gbagfx/gbagfx graphics/pokemon/dondozo/shiny.gbapal graphics/pokemon/dondozo/shiny.gbapal.lz
tools/gbagfx/gbagfx graphics/pokemon/donphan/back.4bpp graphics/pokemon/donphan/back.4bpp.lz
tools/gbagfx/gbagfx graphics/pokemon/donphan/backf.4bpp graphics/pokemon/donphan/backf.4bpp.lz
tools/gbagfx/gbagfx graphics/pokemon/donphan/front.4bpp graphics/pokemon/donphan/front.4bpp.lz
tools/gbagfx/gbagfx graphics/pokemon/donphan/frontf.4bpp graphics/pokemon/donphan/frontf.4bpp.lz
tools/gbagfx/gbagfx graphics/pokemon/donphan/normal.gbapal graphics/pokemon/donphan/normal.gbapal.lz
tools/gbagfx/gbagfx graphics/pokemon/donphan/shiny.gbapal graphics/pokemon/donphan/shiny.gbapal.lz
tools/gbagfx/gbagfx graphics/pokemon/dottler/back.4bpp graphics/pokemon/dottler/back.4bpp.lz
tools/gbagfx/gbagfx graphics/pokemon/dottler/front.4bpp graphics/pokemon/dottler/front.4bpp.lz
tools/gbagfx/gbagfx graphics/pokemon/dottler/normal.gbapal graphics/pokemon/dottler/normal.gbapal.lz
tools/gbagfx/gbagfx graphics/pokemon/dottler/shiny.gbapal graphics/pokemon/dottler/shiny.gbapal.lz
tools/gbagfx/gbagfx graphics/pokemon/doublade/back.4bpp graphics/pokemon/doublade/back.4bpp.lz
tools/gbagfx/gbagfx graphics/pokemon/doublade/front.4bpp graphics/pokemon/doublade/front.4bpp.lz
tools/gbagfx/gbagfx graphics/pokemon/doublade/normal.gbapal graphics/pokemon/doublade/normal.gbapal.lz
tools/gbagfx/gbagfx graphics/pokemon/doublade/shiny.gbapal graphics/pokemon/doublade/shiny.gbapal.lz
tools/gbagfx/gbagfx graphics/pokemon/dracovish/back.4bpp graphics/pokemon/dracovish/back.4bpp.lz
tools/gbagfx/gbagfx graphics/pokemon/dracovish/front.4bpp graphics/pokemon/dracovish/front.4bpp.lz
tools/gbagfx/gbagfx graphics/pokemon/dracovish/normal.gbapal graphics/pokemon/dracovish/normal.gbapal.lz
tools/gbagfx/gbagfx graphics/pokemon/dracovish/shiny.gbapal graphics/pokemon/dracovish/shiny.gbapal.lz
tools/gbagfx/gbagfx graphics/pokemon/dracozolt/back.4bpp graphics/pokemon/dracozolt/back.4bpp.lz
tools/gbagfx/gbagfx graphics/pokemon/dracozolt/front.4bpp graphics/pokemon/dracozolt/front.4bpp.lz
tools/gbagfx/gbagfx graphics/pokemon/dracozolt/normal.gbapal graphics/pokemon/dracozolt/normal.gbapal.lz
tools/gbagfx/gbagfx graphics/pokemon/dracozolt/shiny.gbapal graphics/pokemon/dracozolt/shiny.gbapal.lz
tools/gbagfx/gbagfx graphics/pokemon/dragalge/back.4bpp graphics/pokemon/dragalge/back.4bpp.lz
tools/gbagfx/gbagfx graphics/pokemon/dragalge/front.4bpp graphics/pokemon/dragalge/front.4bpp.lz
tools/gbagfx/gbagfx graphics/pokemon/dragalge/normal.gbapal graphics/pokemon/dragalge/normal.gbapal.lz
tools/gbagfx/gbagfx graphics/pokemon/dragalge/shiny.gbapal graphics/pokemon/dragalge/shiny.gbapal.lz
tools/gbagfx/gbagfx graphics/pokemon/dragapult/back.4bpp graphics/pokemon/dragapult/back.4bpp.lz
tools/gbagfx/gbagfx graphics/pokemon/dragapult/front.4bpp graphics/pokemon/dragapult/front.4bpp.lz
tools/gbagfx/gbagfx graphics/pokemon/dragapult/normal.gbapal graphics/pokemon/dragapult/normal.gbapal.lz
tools/gbagfx/gbagfx graphics/pokemon/dragapult/shiny.gbapal graphics/pokemon/dragapult/shiny.gbapal.lz
tools/gbagfx/gbagfx graphics/pokemon/dragonair/back.4bpp graphics/pokemon/dragonair/back.4bpp.lz
tools/gbagfx/gbagfx graphics/pokemon/dragonair/front.4bpp graphics/pokemon/dragonair/front.4bpp.lz
tools/gbagfx/gbagfx graphics/pokemon/dragonair/normal.gbapal graphics/pokemon/dragonair/normal.gbapal.lz
tools/gbagfx/gbagfx graphics/pokemon/dragonair/shiny.gbapal graphics/pokemon/dragonair/shiny.gbapal.lz
tools/gbagfx/gbagfx graphics/pokemon/dragonite/back.4bpp graphics/pokemon/dragonite/back.4bpp.lz
tools/gbagfx/gbagfx graphics/pokemon/dragonite/front.4bpp graphics/pokemon/dragonite/front.4bpp.lz
tools/gbagfx/gbagfx graphics/pokemon/dragonite/normal.gbapal graphics/pokemon/dragonite/normal.gbapal.lz
tools/gbagfx/gbagfx graphics/pokemon/dragonite/shiny.gbapal graphics/pokemon/dragonite/shiny.gbapal.lz
tools/gbagfx/gbagfx graphics/pokemon/drakloak/back.4bpp graphics/pokemon/drakloak/back.4bpp.lz
tools/gbagfx/gbagfx graphics/pokemon/drakloak/front.4bpp graphics/pokemon/drakloak/front.4bpp.lz
tools/gbagfx/gbagfx graphics/pokemon/drakloak/normal.gbapal graphics/pokemon/drakloak/normal.gbapal.lz
tools/gbagfx/gbagfx graphics/pokemon/drakloak/shiny.gbapal graphics/pokemon/drakloak/shiny.gbapal.lz
tools/gbagfx/gbagfx graphics/pokemon/drampa/back.4bpp graphics/pokemon/drampa/back.4bpp.lz
tools/gbagfx/gbagfx graphics/pokemon/drampa/front.4bpp graphics/pokemon/drampa/front.4bpp.lz
tools/gbagfx/gbagfx graphics/pokemon/drampa/normal.gbapal graphics/pokemon/drampa/normal.gbapal.lz
tools/gbagfx/gbagfx graphics/pokemon/drampa/shiny.gbapal graphics/pokemon/drampa/shiny.gbapal.lz
tools/gbagfx/gbagfx graphics/pokemon/drapion/back.4bpp graphics/pokemon/drapion/back.4bpp.lz
tools/gbagfx/gbagfx graphics/pokemon/drapion/front.4bpp graphics/pokemon/drapion/front.4bpp.lz
tools/gbagfx/gbagfx graphics/pokemon/drapion/normal.gbapal graphics/pokemon/drapion/normal.gbapal.lz
tools/gbagfx/gbagfx graphics/pokemon/drapion/shiny.gbapal graphics/pokemon/drapion/shiny.gbapal.lz
tools/gbagfx/gbagfx graphics/pokemon/dratini/back.4bpp graphics/pokemon/dratini/back.4bpp.lz
tools/gbagfx/gbagfx graphics/pokemon/dratini/front.4bpp graphics/pokemon/dratini/front.4bpp.lz
tools/gbagfx/gbagfx graphics/pokemon/dratini/normal.gbapal graphics/pokemon/dratini/normal.gbapal.lz
tools/gbagfx/gbagfx graphics/pokemon/dratini/shiny.gbapal graphics/pokemon/dratini/shiny.gbapal.lz
tools/gbagfx/gbagfx graphics/pokemon/drednaw/back.4bpp graphics/pokemon/drednaw/back.4bpp.lz
tools/gbagfx/gbagfx graphics/pokemon/drednaw/front.4bpp graphics/pokemon/drednaw/front.4bpp.lz
tools/gbagfx/gbagfx graphics/pokemon/drednaw/normal.gbapal graphics/pokemon/drednaw/normal.gbapal.lz
tools/gbagfx/gbagfx graphics/pokemon/drednaw/shiny.gbapal graphics/pokemon/drednaw/shiny.gbapal.lz
tools/gbagfx/gbagfx graphics/pokemon/dreepy/back.4bpp graphics/pokemon/dreepy/back.4bpp.lz
tools/gbagfx/gbagfx graphics/pokemon/dreepy/front.4bpp graphics/pokemon/dreepy/front.4bpp.lz
tools/gbagfx/gbagfx graphics/pokemon/dreepy/normal.gbapal graphics/pokemon/dreepy/normal.gbapal.lz
tools/gbagfx/gbagfx graphics/pokemon/dreepy/shiny.gbapal graphics/pokemon/dreepy/shiny.gbapal.lz
tools/gbagfx/gbagfx graphics/pokemon/drifblim/back.4bpp graphics/pokemon/drifblim/back.4bpp.lz
tools/gbagfx/gbagfx graphics/pokemon/drifblim/front.4bpp graphics/pokemon/drifblim/front.4bpp.lz
tools/gbagfx/gbagfx graphics/pokemon/drifblim/normal.gbapal graphics/pokemon/drifblim/normal.gbapal.lz
tools/gbagfx/gbagfx graphics/pokemon/drifblim/shiny.gbapal graphics/pokemon/drifblim/shiny.gbapal.lz
tools/gbagfx/gbagfx graphics/pokemon/drifloon/back.4bpp graphics/pokemon/drifloon/back.4bpp.lz
tools/gbagfx/gbagfx graphics/pokemon/drifloon/front.4bpp graphics/pokemon/drifloon/front.4bpp.lz
tools/gbagfx/gbagfx graphics/pokemon/drifloon/normal.gbapal graphics/pokemon/drifloon/normal.gbapal.lz
tools/gbagfx/gbagfx graphics/pokemon/drifloon/shiny.gbapal graphics/pokemon/drifloon/shiny.gbapal.lz
tools/gbagfx/gbagfx graphics/pokemon/drilbur/back.4bpp graphics/pokemon/drilbur/back.4bpp.lz
tools/gbagfx/gbagfx graphics/pokemon/drilbur/front.4bpp graphics/pokemon/drilbur/front.4bpp.lz
tools/gbagfx/gbagfx graphics/pokemon/drilbur/normal.gbapal graphics/pokemon/drilbur/normal.gbapal.lz
tools/gbagfx/gbagfx graphics/pokemon/drilbur/shiny.gbapal graphics/pokemon/drilbur/shiny.gbapal.lz
tools/gbagfx/gbagfx graphics/pokemon/drizzile/back.4bpp graphics/pokemon/drizzile/back.4bpp.lz
tools/gbagfx/gbagfx graphics/pokemon/drizzile/front.4bpp graphics/pokemon/drizzile/front.4bpp.lz
tools/gbagfx/gbagfx graphics/pokemon/drizzile/normal.gbapal graphics/pokemon/drizzile/normal.gbapal.lz
tools/gbagfx/gbagfx graphics/pokemon/drizzile/shiny.gbapal graphics/pokemon/drizzile/shiny.gbapal.lz
tools/gbagfx/gbagfx graphics/pokemon/drowzee/back.4bpp graphics/pokemon/drowzee/back.4bpp.lz
tools/gbagfx/gbagfx graphics/pokemon/drowzee/front.4bpp graphics/pokemon/drowzee/front.4bpp.lz
tools/gbagfx/gbagfx graphics/pokemon/drowzee/normal.gbapal graphics/pokemon/drowzee/normal.gbapal.lz
tools/gbagfx/gbagfx graphics/pokemon/drowzee/shiny.gbapal graphics/pokemon/drowzee/shiny.gbapal.lz
tools/gbagfx/gbagfx graphics/pokemon/druddigon/back.4bpp graphics/pokemon/druddigon/back.4bpp.lz
tools/gbagfx/gbagfx graphics/pokemon/druddigon/front.4bpp graphics/pokemon/druddigon/front.4bpp.lz
tools/gbagfx/gbagfx graphics/pokemon/druddigon/normal.gbapal graphics/pokemon/druddigon/normal.gbapal.lz
tools/gbagfx/gbagfx graphics/pokemon/druddigon/shiny.gbapal graphics/pokemon/druddigon/shiny.gbapal.lz
tools/gbagfx/gbagfx graphics/pokemon/dubwool/back.4bpp graphics/pokemon/dubwool/back.4bpp.lz
tools/gbagfx/gbagfx graphics/pokemon/dubwool/front.4bpp graphics/pokemon/dubwool/front.4bpp.lz
tools/gbagfx/gbagfx graphics/pokemon/dubwool/normal.gbapal graphics/pokemon/dubwool/normal.gbapal.lz
tools/gbagfx/gbagfx graphics/pokemon/dubwool/shiny.gbapal graphics/pokemon/dubwool/shiny.gbapal.lz
tools/gbagfx/gbagfx graphics/pokemon/ducklett/back.4bpp graphics/pokemon/ducklett/back.4bpp.lz
tools/gbagfx/gbagfx graphics/pokemon/ducklett/front.4bpp graphics/pokemon/ducklett/front.4bpp.lz
tools/gbagfx/gbagfx graphics/pokemon/ducklett/normal.gbapal graphics/pokemon/ducklett/normal.gbapal.lz
tools/gbagfx/gbagfx graphics/pokemon/ducklett/shiny.gbapal graphics/pokemon/ducklett/shiny.gbapal.lz
tools/gbagfx/gbagfx graphics/pokemon/dudunsparce/back.4bpp graphics/pokemon/dudunsparce/back.4bpp.lz
tools/gbagfx/gbagfx graphics/pokemon/dudunsparce/front.4bpp graphics/pokemon/dudunsparce/front.4bpp.lz
tools/gbagfx/gbagfx graphics/pokemon/dudunsparce/normal.gbapal graphics/pokemon/dudunsparce/normal.gbapal.lz
tools/gbagfx/gbagfx graphics/pokemon/dudunsparce/shiny.gbapal graphics/pokemon/dudunsparce/shiny.gbapal.lz
tools/gbagfx/gbagfx graphics/pokemon/dudunsparce/three_segment/back.4bpp graphics/pokemon/dudunsparce/three_segment/back.4bpp.lz
tools/gbagfx/gbagfx graphics/pokemon/dudunsparce/three_segment/front.4bpp graphics/pokemon/dudunsparce/three_segment/front.4bpp.lz
tools/gbagfx/gbagfx graphics/pokemon/dugtrio/alolan/back.4bpp graphics/pokemon/dugtrio/alolan/back.4bpp.lz
tools/gbagfx/gbagfx graphics/pokemon/dugtrio/alolan/front.4bpp graphics/pokemon/dugtrio/alolan/front.4bpp.lz
tools/gbagfx/gbagfx graphics/pokemon/dugtrio/alolan/normal.gbapal graphics/pokemon/dugtrio/alolan/normal.gbapal.lz
tools/gbagfx/gbagfx graphics/pokemon/dugtrio/alolan/shiny.gbapal graphics/pokemon/dugtrio/alolan/shiny.gbapal.lz
tools/gbagfx/gbagfx graphics/pokemon/dugtrio/back.4bpp graphics/pokemon/dugtrio/back.4bpp.lz
tools/gbagfx/gbagfx graphics/pokemon/dugtrio/front.4bpp graphics/pokemon/dugtrio/front.4bpp.lz
tools/gbagfx/gbagfx graphics/pokemon/dugtrio/normal.gbapal graphics/pokemon/dugtrio/normal.gbapal.lz
tools/gbagfx/gbagfx graphics/pokemon/dugtrio/shiny.gbapal graphics/pokemon/dugtrio/shiny.gbapal.lz
tools/gbagfx/gbagfx graphics/pokemon/dunsparce/back.4bpp graphics/pokemon/dunsparce/back.4bpp.lz
tools/gbagfx/gbagfx graphics/pokemon/dunsparce/front.4bpp graphics/pokemon/dunsparce/front.4bpp.lz
tools/gbagfx/gbagfx graphics/pokemon/dunsparce/normal.gbapal graphics/pokemon/dunsparce/normal.gbapal.lz
tools/gbagfx/gbagfx graphics/pokemon/dunsparce/shiny.gbapal graphics/pokemon/dunsparce/shiny.gbapal.lz
tools/gbagfx/gbagfx graphics/pokemon/duosion/back.4bpp graphics/pokemon/duosion/back.4bpp.lz
tools/gbagfx/gbagfx graphics/pokemon/duosion/front.4bpp graphics/pokemon/duosion/front.4bpp.lz
tools/gbagfx/gbagfx graphics/pokemon/duosion/normal.gbapal graphics/pokemon/duosion/normal.gbapal.lz
tools/gbagfx/gbagfx graphics/pokemon/duosion/shiny.gbapal graphics/pokemon/duosion/shiny.gbapal.lz
tools/gbagfx/gbagfx graphics/pokemon/duraludon/back.4bpp graphics/pokemon/duraludon/back.4bpp.lz
tools/gbagfx/gbagfx graphics/pokemon/duraludon/front.4bpp graphics/pokemon/duraludon/front.4bpp.lz
tools/gbagfx/gbagfx graphics/pokemon/duraludon/normal.gbapal graphics/pokemon/duraludon/normal.gbapal.lz
tools/gbagfx/gbagfx graphics/pokemon/duraludon/shiny.gbapal graphics/pokemon/duraludon/shiny.gbapal.lz
tools/gbagfx/gbagfx graphics/pokemon/durant/back.4bpp graphics/pokemon/durant/back.4bpp.lz
tools/gbagfx/gbagfx graphics/pokemon/durant/front.4bpp graphics/pokemon/durant/front.4bpp.lz
tools/gbagfx/gbagfx graphics/pokemon/durant/normal.gbapal graphics/pokemon/durant/normal.gbapal.lz
tools/gbagfx/gbagfx graphics/pokemon/durant/shiny.gbapal graphics/pokemon/durant/shiny.gbapal.lz
tools/gbagfx/gbagfx graphics/pokemon/dusclops/back.4bpp graphics/pokemon/dusclops/back.4bpp.lz
tools/gbagfx/gbagfx graphics/pokemon/dusclops/front.4bpp graphics/pokemon/dusclops/front.4bpp.lz
tools/gbagfx/gbagfx graphics/pokemon/dusclops/normal.gbapal graphics/pokemon/dusclops/normal.gbapal.lz
tools/gbagfx/gbagfx graphics/pokemon/dusclops/shiny.gbapal graphics/pokemon/dusclops/shiny.gbapal.lz
tools/gbagfx/gbagfx graphics/pokemon/dusknoir/back.4bpp graphics/pokemon/dusknoir/back.4bpp.lz
tools/gbagfx/gbagfx graphics/pokemon/dusknoir/front.4bpp graphics/pokemon/dusknoir/front.4bpp.lz
tools/gbagfx/gbagfx graphics/pokemon/dusknoir/normal.gbapal graphics/pokemon/dusknoir/normal.gbapal.lz
tools/gbagfx/gbagfx graphics/pokemon/dusknoir/shiny.gbapal graphics/pokemon/dusknoir/shiny.gbapal.lz
tools/gbagfx/gbagfx graphics/pokemon/duskull/back.4bpp graphics/pokemon/duskull/back.4bpp.lz
tools/gbagfx/gbagfx graphics/pokemon/duskull/front.4bpp graphics/pokemon/duskull/front.4bpp.lz
tools/gbagfx/gbagfx graphics/pokemon/duskull/normal.gbapal graphics/pokemon/duskull/normal.gbapal.lz
tools/gbagfx/gbagfx graphics/pokemon/duskull/shiny.gbapal graphics/pokemon/duskull/shiny.gbapal.lz
tools/gbagfx/gbagfx graphics/pokemon/dustox/back.4bpp graphics/pokemon/dustox/back.4bpp.lz
tools/gbagfx/gbagfx graphics/pokemon/dustox/backf.4bpp graphics/pokemon/dustox/backf.4bpp.lz
tools/gbagfx/gbagfx graphics/pokemon/dustox/front.4bpp graphics/pokemon/dustox/front.4bpp.lz
tools/gbagfx/gbagfx graphics/pokemon/dustox/frontf.4bpp graphics/pokemon/dustox/frontf.4bpp.lz
tools/gbagfx/gbagfx graphics/pokemon/dustox/normal.gbapal graphics/pokemon/dustox/normal.gbapal.lz
tools/gbagfx/gbagfx graphics/pokemon/dustox/shiny.gbapal graphics/pokemon/dustox/shiny.gbapal.lz
tools/gbagfx/gbagfx graphics/pokemon/dwebble/back.4bpp graphics/pokemon/dwebble/back.4bpp.lz
tools/gbagfx/gbagfx graphics/pokemon/dwebble/front.4bpp graphics/pokemon/dwebble/front.4bpp.lz
tools/gbagfx/gbagfx graphics/pokemon/dwebble/normal.gbapal graphics/pokemon/dwebble/normal.gbapal.lz
tools/gbagfx/gbagfx graphics/pokemon/dwebble/shiny.gbapal graphics/pokemon/dwebble/shiny.gbapal.lz
tools/gbagfx/gbagfx graphics/pokemon/eelektrik/back.4bpp graphics/pokemon/eelektrik/back.4bpp.lz
tools/gbagfx/gbagfx graphics/pokemon/eelektrik/front.4bpp graphics/pokemon/eelektrik/front.4bpp.lz
tools/gbagfx/gbagfx graphics/pokemon/eelektrik/normal.gbapal graphics/pokemon/eelektrik/normal.gbapal.lz
tools/gbagfx/gbagfx graphics/pokemon/eelektrik/shiny.gbapal graphics/pokemon/eelektrik/shiny.gbapal.lz
tools/gbagfx/gbagfx graphics/pokemon/eelektross/back.4bpp graphics/pokemon/eelektross/back.4bpp.lz
tools/gbagfx/gbagfx graphics/pokemon/eelektross/front.4bpp graphics/pokemon/eelektross/front.4bpp.lz
tools/gbagfx/gbagfx graphics/pokemon/eelektross/normal.gbapal graphics/pokemon/eelektross/normal.gbapal.lz
tools/gbagfx/gbagfx graphics/pokemon/eelektross/shiny.gbapal graphics/pokemon/eelektross/shiny.gbapal.lz
tools/gbagfx/gbagfx graphics/pokemon/eevee/back.4bpp graphics/pokemon/eevee/back.4bpp.lz
tools/gbagfx/gbagfx graphics/pokemon/eevee/backf.4bpp graphics/pokemon/eevee/backf.4bpp.lz
tools/gbagfx/gbagfx graphics/pokemon/eevee/front.4bpp graphics/pokemon/eevee/front.4bpp.lz
tools/gbagfx/gbagfx graphics/pokemon/eevee/frontf.4bpp graphics/pokemon/eevee/frontf.4bpp.lz
tools/gbagfx/gbagfx graphics/pokemon/eevee/normal.gbapal graphics/pokemon/eevee/normal.gbapal.lz
tools/gbagfx/gbagfx graphics/pokemon/eevee/partner/back.4bpp graphics/pokemon/eevee/partner/back.4bpp.lz
tools/gbagfx/gbagfx graphics/pokemon/eevee/partner/backf.4bpp graphics/pokemon/eevee/partner/backf.4bpp.lz
tools/gbagfx/gbagfx graphics/pokemon/eevee/partner/front.4bpp graphics/pokemon/eevee/partner/front.4bpp.lz
tools/gbagfx/gbagfx graphics/pokemon/eevee/partner/frontf.4bpp graphics/pokemon/eevee/partner/frontf.4bpp.lz
tools/gbagfx/gbagfx graphics/pokemon/eevee/partner/normal.gbapal graphics/pokemon/eevee/partner/normal.gbapal.lz
tools/gbagfx/gbagfx graphics/pokemon/eevee/partner/shiny.gbapal graphics/pokemon/eevee/partner/shiny.gbapal.lz
tools/gbagfx/gbagfx graphics/pokemon/eevee/shiny.gbapal graphics/pokemon/eevee/shiny.gbapal.lz
tools/gbagfx/gbagfx graphics/pokemon/egg/anim_front.4bpp graphics/pokemon/egg/anim_front.4bpp.lz
tools/gbagfx/gbagfx graphics/pokemon/egg/front.4bpp graphics/pokemon/egg/front.4bpp.lz
tools/gbagfx/gbagfx graphics/pokemon/eiscue/back.4bpp graphics/pokemon/eiscue/back.4bpp.lz
tools/gbagfx/gbagfx graphics/pokemon/eiscue/front.4bpp graphics/pokemon/eiscue/front.4bpp.lz
tools/gbagfx/gbagfx graphics/pokemon/eiscue/noice_face/back.4bpp graphics/pokemon/eiscue/noice_face/back.4bpp.lz
tools/gbagfx/gbagfx graphics/pokemon/eiscue/noice_face/front.4bpp graphics/pokemon/eiscue/noice_face/front.4bpp.lz
tools/gbagfx/gbagfx graphics/pokemon/eiscue/noice_face/normal.gbapal graphics/pokemon/eiscue/noice_face/normal.gbapal.lz
tools/gbagfx/gbagfx graphics/pokemon/eiscue/noice_face/shiny.gbapal graphics/pokemon/eiscue/noice_face/shiny.gbapal.lz
tools/gbagfx/gbagfx graphics/pokemon/eiscue/normal.gbapal graphics/pokemon/eiscue/normal.gbapal.lz
tools/gbagfx/gbagfx graphics/pokemon/eiscue/shiny.gbapal graphics/pokemon/eiscue/shiny.gbapal.lz
tools/gbagfx/gbagfx graphics/pokemon/ekans/back.4bpp graphics/pokemon/ekans/back.4bpp.lz
tools/gbagfx/gbagfx graphics/pokemon/ekans/front.4bpp graphics/pokemon/ekans/front.4bpp.lz
tools/gbagfx/gbagfx graphics/pokemon/ekans/normal.gbapal graphics/pokemon/ekans/normal.gbapal.lz
tools/gbagfx/gbagfx graphics/pokemon/ekans/shiny.gbapal graphics/pokemon/ekans/shiny.gbapal.lz
tools/gbagfx/gbagfx graphics/pokemon/eldegoss/back.4bpp graphics/pokemon/eldegoss/back.4bpp.lz
tools/gbagfx/gbagfx graphics/pokemon/eldegoss/front.4bpp graphics/pokemon/eldegoss/front.4bpp.lz
tools/gbagfx/gbagfx graphics/pokemon/eldegoss/normal.gbapal graphics/pokemon/eldegoss/normal.gbapal.lz
tools/gbagfx/gbagfx graphics/pokemon/eldegoss/shiny.gbapal graphics/pokemon/eldegoss/shiny.gbapal.lz
tools/gbagfx/gbagfx graphics/pokemon/electabuzz/back.4bpp graphics/pokemon/electabuzz/back.4bpp.lz
tools/gbagfx/gbagfx graphics/pokemon/electabuzz/front.4bpp graphics/pokemon/electabuzz/front.4bpp.lz
tools/gbagfx/gbagfx graphics/pokemon/electabuzz/normal.gbapal graphics/pokemon/electabuzz/normal.gbapal.lz
tools/gbagfx/gbagfx graphics/pokemon/electabuzz/shiny.gbapal graphics/pokemon/electabuzz/shiny.gbapal.lz
tools/gbagfx/gbagfx graphics/pokemon/electivire/back.4bpp graphics/pokemon/electivire/back.4bpp.lz
tools/gbagfx/gbagfx graphics/pokemon/electivire/front.4bpp graphics/pokemon/electivire/front.4bpp.lz
tools/gbagfx/gbagfx graphics/pokemon/electivire/normal.gbapal graphics/pokemon/electivire/normal.gbapal.lz
tools/gbagfx/gbagfx graphics/pokemon/electivire/shiny.gbapal graphics/pokemon/electivire/shiny.gbapal.lz
tools/gbagfx/gbagfx graphics/pokemon/electrike/back.4bpp graphics/pokemon/electrike/back.4bpp.lz
tools/gbagfx/gbagfx graphics/pokemon/electrike/front.4bpp graphics/pokemon/electrike/front.4bpp.lz
tools/gbagfx/gbagfx graphics/pokemon/electrike/normal.gbapal graphics/pokemon/electrike/normal.gbapal.lz
tools/gbagfx/gbagfx graphics/pokemon/electrike/shiny.gbapal graphics/pokemon/electrike/shiny.gbapal.lz
tools/gbagfx/gbagfx graphics/pokemon/electrode/back.4bpp graphics/pokemon/electrode/back.4bpp.lz
tools/gbagfx/gbagfx graphics/pokemon/electrode/front.4bpp graphics/pokemon/electrode/front.4bpp.lz
tools/gbagfx/gbagfx graphics/pokemon/electrode/hisuian/back.4bpp graphics/pokemon/electrode/hisuian/back.4bpp.lz
tools/gbagfx/gbagfx graphics/pokemon/electrode/hisuian/front.4bpp graphics/pokemon/electrode/hisuian/front.4bpp.lz
tools/gbagfx/gbagfx graphics/pokemon/electrode/hisuian/normal.gbapal graphics/pokemon/electrode/hisuian/normal.gbapal.lz
tools/gbagfx/gbagfx graphics/pokemon/electrode/hisuian/shiny.gbapal graphics/pokemon/electrode/hisuian/shiny.gbapal.lz
tools/gbagfx/gbagfx graphics/pokemon/electrode/normal.gbapal graphics/pokemon/electrode/normal.gbapal.lz
tools/gbagfx/gbagfx graphics/pokemon/electrode/shiny.gbapal graphics/pokemon/electrode/shiny.gbapal.lz
tools/gbagfx/gbagfx graphics/pokemon/elekid/back.4bpp graphics/pokemon/elekid/back.4bpp.lz
tools/gbagfx/gbagfx graphics/pokemon/elekid/front.4bpp graphics/pokemon/elekid/front.4bpp.lz
tools/gbagfx/gbagfx graphics/pokemon/elekid/normal.gbapal graphics/pokemon/elekid/normal.gbapal.lz
tools/gbagfx/gbagfx graphics/pokemon/elekid/shiny.gbapal graphics/pokemon/elekid/shiny.gbapal.lz
tools/gbagfx/gbagfx graphics/pokemon/elgyem/back.4bpp graphics/pokemon/elgyem/back.4bpp.lz
tools/gbagfx/gbagfx graphics/pokemon/elgyem/front.4bpp graphics/pokemon/elgyem/front.4bpp.lz
tools/gbagfx/gbagfx graphics/pokemon/elgyem/normal.gbapal graphics/pokemon/elgyem/normal.gbapal.lz
tools/gbagfx/gbagfx graphics/pokemon/elgyem/shiny.gbapal graphics/pokemon/elgyem/shiny.gbapal.lz
tools/gbagfx/gbagfx graphics/pokemon/emboar/back.4bpp graphics/pokemon/emboar/back.4bpp.lz
tools/gbagfx/gbagfx graphics/pokemon/emboar/front.4bpp graphics/pokemon/emboar/front.4bpp.lz
tools/gbagfx/gbagfx graphics/pokemon/emboar/normal.gbapal graphics/pokemon/emboar/normal.gbapal.lz
tools/gbagfx/gbagfx graphics/pokemon/emboar/shiny.gbapal graphics/pokemon/emboar/shiny.gbapal.lz
tools/gbagfx/gbagfx graphics/pokemon/emolga/back.4bpp graphics/pokemon/emolga/back.4bpp.lz
tools/gbagfx/gbagfx graphics/pokemon/emolga/front.4bpp graphics/pokemon/emolga/front.4bpp.lz
tools/gbagfx/gbagfx graphics/pokemon/emolga/normal.gbapal graphics/pokemon/emolga/normal.gbapal.lz
tools/gbagfx/gbagfx graphics/pokemon/emolga/shiny.gbapal graphics/pokemon/emolga/shiny.gbapal.lz
tools/gbagfx/gbagfx graphics/pokemon/empoleon/back.4bpp graphics/pokemon/empoleon/back.4bpp.lz
tools/gbagfx/gbagfx graphics/pokemon/empoleon/front.4bpp graphics/pokemon/empoleon/front.4bpp.lz
tools/gbagfx/gbagfx graphics/pokemon/empoleon/normal.gbapal graphics/pokemon/empoleon/normal.gbapal.lz
tools/gbagfx/gbagfx graphics/pokemon/empoleon/shiny.gbapal graphics/pokemon/empoleon/shiny.gbapal.lz
tools/gbagfx/gbagfx graphics/pokemon/enamorus/back.4bpp graphics/pokemon/enamorus/back.4bpp.lz
tools/gbagfx/gbagfx graphics/pokemon/enamorus/front.4bpp graphics/pokemon/enamorus/front.4bpp.lz
tools/gbagfx/gbagfx graphics/pokemon/enamorus/normal.gbapal graphics/pokemon/enamorus/normal.gbapal.lz
tools/gbagfx/gbagfx graphics/pokemon/enamorus/shiny.gbapal graphics/pokemon/enamorus/shiny.gbapal.lz
tools/gbagfx/gbagfx graphics/pokemon/enamorus/therian/back.4bpp graphics/pokemon/enamorus/therian/back.4bpp.lz
tools/gbagfx/gbagfx graphics/pokemon/enamorus/therian/front.4bpp graphics/pokemon/enamorus/therian/front.4bpp.lz
tools/gbagfx/gbagfx graphics/pokemon/enamorus/therian/normal.gbapal graphics/pokemon/enamorus/therian/normal.gbapal.lz
tools/gbagfx/gbagfx graphics/pokemon/enamorus/therian/shiny.gbapal graphics/pokemon/enamorus/therian/shiny.gbapal.lz
tools/gbagfx/gbagfx graphics/pokemon/entei/back.4bpp graphics/pokemon/entei/back.4bpp.lz
tools/gbagfx/gbagfx graphics/pokemon/entei/front.4bpp graphics/pokemon/entei/front.4bpp.lz
tools/gbagfx/gbagfx graphics/pokemon/entei/normal.gbapal graphics/pokemon/entei/normal.gbapal.lz
tools/gbagfx/gbagfx graphics/pokemon/entei/shiny.gbapal graphics/pokemon/entei/shiny.gbapal.lz
tools/gbagfx/gbagfx graphics/pokemon/escavalier/back.4bpp graphics/pokemon/escavalier/back.4bpp.lz
tools/gbagfx/gbagfx graphics/pokemon/escavalier/front.4bpp graphics/pokemon/escavalier/front.4bpp.lz
tools/gbagfx/gbagfx graphics/pokemon/escavalier/normal.gbapal graphics/pokemon/escavalier/normal.gbapal.lz
tools/gbagfx/gbagfx graphics/pokemon/escavalier/shiny.gbapal graphics/pokemon/escavalier/shiny.gbapal.lz
tools/gbagfx/gbagfx graphics/pokemon/espathra/back.4bpp graphics/pokemon/espathra/back.4bpp.lz
tools/gbagfx/gbagfx graphics/pokemon/espathra/front.4bpp graphics/pokemon/espathra/front.4bpp.lz
tools/gbagfx/gbagfx graphics/pokemon/espathra/normal.gbapal graphics/pokemon/espathra/normal.gbapal.lz
tools/gbagfx/gbagfx graphics/pokemon/espathra/shiny.gbapal graphics/pokemon/espathra/shiny.gbapal.lz
tools/gbagfx/gbagfx graphics/pokemon/espeon/back.4bpp graphics/pokemon/espeon/back.4bpp.lz
tools/gbagfx/gbagfx graphics/pokemon/espeon/front.4bpp graphics/pokemon/espeon/front.4bpp.lz
tools/gbagfx/gbagfx graphics/pokemon/espeon/normal.gbapal graphics/pokemon/espeon/normal.gbapal.lz
tools/gbagfx/gbagfx graphics/pokemon/espeon/shiny.gbapal graphics/pokemon/espeon/shiny.gbapal.lz
tools/gbagfx/gbagfx graphics/pokemon/espurr/back.4bpp graphics/pokemon/espurr/back.4bpp.lz
tools/gbagfx/gbagfx graphics/pokemon/espurr/front.4bpp graphics/pokemon/espurr/front.4bpp.lz
tools/gbagfx/gbagfx graphics/pokemon/espurr/normal.gbapal graphics/pokemon/espurr/normal.gbapal.lz
tools/gbagfx/gbagfx graphics/pokemon/espurr/shiny.gbapal graphics/pokemon/espurr/shiny.gbapal.lz
tools/gbagfx/gbagfx graphics/pokemon/eternatus/back.4bpp graphics/pokemon/eternatus/back.4bpp.lz
tools/gbagfx/gbagfx graphics/pokemon/eternatus/eternamax/back.4bpp graphics/pokemon/eternatus/eternamax/back.4bpp.lz
tools/gbagfx/gbagfx graphics/pokemon/eternatus/eternamax/front.4bpp graphics/pokemon/eternatus/eternamax/front.4bpp.lz
tools/gbagfx/gbagfx graphics/pokemon/eternatus/eternamax/normal.gbapal graphics/pokemon/eternatus/eternamax/normal.gbapal.lz
tools/gbagfx/gbagfx graphics/pokemon/eternatus/eternamax/shiny.gbapal graphics/pokemon/eternatus/eternamax/shiny.gbapal.lz
tools/gbagfx/gbagfx graphics/pokemon/eternatus/front.4bpp graphics/pokemon/eternatus/front.4bpp.lz
tools/gbagfx/gbagfx graphics/pokemon/eternatus/normal.gbapal graphics/pokemon/eternatus/normal.gbapal.lz
tools/gbagfx/gbagfx graphics/pokemon/eternatus/shiny.gbapal graphics/pokemon/eternatus/shiny.gbapal.lz
tools/gbagfx/gbagfx graphics/pokemon/excadrill/back.4bpp graphics/pokemon/excadrill/back.4bpp.lz
tools/gbagfx/gbagfx graphics/pokemon/excadrill/front.4bpp graphics/pokemon/excadrill/front.4bpp.lz
tools/gbagfx/gbagfx graphics/pokemon/excadrill/normal.gbapal graphics/pokemon/excadrill/normal.gbapal.lz
tools/gbagfx/gbagfx graphics/pokemon/excadrill/shiny.gbapal graphics/pokemon/excadrill/shiny.gbapal.lz
tools/gbagfx/gbagfx graphics/pokemon/exeggcute/back.4bpp graphics/pokemon/exeggcute/back.4bpp.lz
tools/gbagfx/gbagfx graphics/pokemon/exeggcute/front.4bpp graphics/pokemon/exeggcute/front.4bpp.lz
tools/gbagfx/gbagfx graphics/pokemon/exeggcute/normal.gbapal graphics/pokemon/exeggcute/normal.gbapal.lz
tools/gbagfx/gbagfx graphics/pokemon/exeggcute/shiny.gbapal graphics/pokemon/exeggcute/shiny.gbapal.lz
tools/gbagfx/gbagfx graphics/pokemon/exeggutor/alolan/back.4bpp graphics/pokemon/exeggutor/alolan/back.4bpp.lz
tools/gbagfx/gbagfx graphics/pokemon/exeggutor/alolan/front.4bpp graphics/pokemon/exeggutor/alolan/front.4bpp.lz
tools/gbagfx/gbagfx graphics/pokemon/exeggutor/alolan/normal.gbapal graphics/pokemon/exeggutor/alolan/normal.gbapal.lz
tools/gbagfx/gbagfx graphics/pokemon/exeggutor/alolan/shiny.gbapal graphics/pokemon/exeggutor/alolan/shiny.gbapal.lz
tools/gbagfx/gbagfx graphics/pokemon/exeggutor/back.4bpp graphics/pokemon/exeggutor/back.4bpp.lz
tools/gbagfx/gbagfx graphics/pokemon/exeggutor/front.4bpp graphics/pokemon/exeggutor/front.4bpp.lz
tools/gbagfx/gbagfx graphics/pokemon/exeggutor/normal.gbapal graphics/pokemon/exeggutor/normal.gbapal.lz
tools/gbagfx/gbagfx graphics/pokemon/exeggutor/shiny.gbapal graphics/pokemon/exeggutor/shiny.gbapal.lz
tools/gbagfx/gbagfx graphics/pokemon/exploud/back.4bpp graphics/pokemon/exploud/back.4bpp.lz
tools/gbagfx/gbagfx graphics/pokemon/exploud/front.4bpp graphics/pokemon/exploud/front.4bpp.lz
tools/gbagfx/gbagfx graphics/pokemon/exploud/normal.gbapal graphics/pokemon/exploud/normal.gbapal.lz
tools/gbagfx/gbagfx graphics/pokemon/exploud/shiny.gbapal graphics/pokemon/exploud/shiny.gbapal.lz
tools/gbagfx/gbagfx graphics/pokemon/falinks/back.4bpp graphics/pokemon/falinks/back.4bpp.lz
tools/gbagfx/gbagfx graphics/pokemon/falinks/front.4bpp graphics/pokemon/falinks/front.4bpp.lz
tools/gbagfx/gbagfx graphics/pokemon/falinks/normal.gbapal graphics/pokemon/falinks/normal.gbapal.lz
tools/gbagfx/gbagfx graphics/pokemon/falinks/shiny.gbapal graphics/pokemon/falinks/shiny.gbapal.lz
tools/gbagfx/gbagfx graphics/pokemon/farfetchd/back.4bpp graphics/pokemon/farfetchd/back.4bpp.lz
tools/gbagfx/gbagfx graphics/pokemon/farfetchd/front.4bpp graphics/pokemon/farfetchd/front.4bpp.lz
tools/gbagfx/gbagfx graphics/pokemon/farfetchd/galarian/back.4bpp graphics/pokemon/farfetchd/galarian/back.4bpp.lz
tools/gbagfx/gbagfx graphics/pokemon/farfetchd/galarian/front.4bpp graphics/pokemon/farfetchd/galarian/front.4bpp.lz
tools/gbagfx/gbagfx graphics/pokemon/farfetchd/galarian/normal.gbapal graphics/pokemon/farfetchd/galarian/normal.gbapal.lz
tools/gbagfx/gbagfx graphics/pokemon/farfetchd/galarian/shiny.gbapal graphics/pokemon/farfetchd/galarian/shiny.gbapal.lz
tools/gbagfx/gbagfx graphics/pokemon/farfetchd/normal.gbapal graphics/pokemon/farfetchd/normal.gbapal.lz
tools/gbagfx/gbagfx graphics/pokemon/farfetchd/shiny.gbapal graphics/pokemon/farfetchd/shiny.gbapal.lz
tools/gbagfx/gbagfx graphics/pokemon/farigiraf/back.4bpp graphics/pokemon/farigiraf/back.4bpp.lz
tools/gbagfx/gbagfx graphics/pokemon/farigiraf/front.4bpp graphics/pokemon/farigiraf/front.4bpp.lz
tools/gbagfx/gbagfx graphics/pokemon/farigiraf/normal.gbapal graphics/pokemon/farigiraf/normal.gbapal.lz
tools/gbagfx/gbagfx graphics/pokemon/farigiraf/shiny.gbapal graphics/pokemon/farigiraf/shiny.gbapal.lz
tools/gbagfx/gbagfx graphics/pokemon/fearow/back.4bpp graphics/pokemon/fearow/back.4bpp.lz
tools/gbagfx/gbagfx graphics/pokemon/fearow/front.4bpp graphics/pokemon/fearow/front.4bpp.lz
tools/gbagfx/gbagfx graphics/pokemon/fearow/normal.gbapal graphics/pokemon/fearow/normal.gbapal.lz
tools/gbagfx/gbagfx graphics/pokemon/fearow/shiny.gbapal graphics/pokemon/fearow/shiny.gbapal.lz
tools/gbagfx/gbagfx graphics/pokemon/feebas/back.4bpp graphics/pokemon/feebas/back.4bpp.lz
tools/gbagfx/gbagfx graphics/pokemon/feebas/front.4bpp graphics/pokemon/feebas/front.4bpp.lz
tools/gbagfx/gbagfx graphics/pokemon/feebas/normal.gbapal graphics/pokemon/feebas/normal.gbapal.lz
tools/gbagfx/gbagfx graphics/pokemon/feebas/shiny.gbapal graphics/pokemon/feebas/shiny.gbapal.lz
tools/gbagfx/gbagfx graphics/pokemon/fennekin/back.4bpp graphics/pokemon/fennekin/back.4bpp.lz
tools/gbagfx/gbagfx graphics/pokemon/fennekin/front.4bpp graphics/pokemon/fennekin/front.4bpp.lz
tools/gbagfx/gbagfx graphics/pokemon/fennekin/normal.gbapal graphics/pokemon/fennekin/normal.gbapal.lz
tools/gbagfx/gbagfx graphics/pokemon/fennekin/shiny.gbapal graphics/pokemon/fennekin/shiny.gbapal.lz
tools/gbagfx/gbagfx graphics/pokemon/feraligatr/back.4bpp graphics/pokemon/feraligatr/back.4bpp.lz
tools/gbagfx/gbagfx graphics/pokemon/feraligatr/front.4bpp graphics/pokemon/feraligatr/front.4bpp.lz
tools/gbagfx/gbagfx graphics/pokemon/feraligatr/normal.gbapal graphics/pokemon/feraligatr/normal.gbapal.lz
tools/gbagfx/gbagfx graphics/pokemon/feraligatr/shiny.gbapal graphics/pokemon/feraligatr/shiny.gbapal.lz
tools/gbagfx/gbagfx graphics/pokemon/ferroseed/back.4bpp graphics/pokemon/ferroseed/back.4bpp.lz
tools/gbagfx/gbagfx graphics/pokemon/ferroseed/front.4bpp graphics/pokemon/ferroseed/front.4bpp.lz
tools/gbagfx/gbagfx graphics/pokemon/ferroseed/normal.gbapal graphics/pokemon/ferroseed/normal.gbapal.lz
tools/gbagfx/gbagfx graphics/pokemon/ferroseed/shiny.gbapal graphics/pokemon/ferroseed/shiny.gbapal.lz
tools/gbagfx/gbagfx graphics/pokemon/ferrothorn/back.4bpp graphics/pokemon/ferrothorn/back.4bpp.lz
tools/gbagfx/gbagfx graphics/pokemon/ferrothorn/front.4bpp graphics/pokemon/ferrothorn/front.4bpp.lz
tools/gbagfx/gbagfx graphics/pokemon/ferrothorn/normal.gbapal graphics/pokemon/ferrothorn/normal.gbapal.lz
tools/gbagfx/gbagfx graphics/pokemon/ferrothorn/shiny.gbapal graphics/pokemon/ferrothorn/shiny.gbapal.lz
tools/gbagfx/gbagfx graphics/pokemon/fezandipiti/back.4bpp graphics/pokemon/fezandipiti/back.4bpp.lz
tools/gbagfx/gbagfx graphics/pokemon/fezandipiti/front.4bpp graphics/pokemon/fezandipiti/front.4bpp.lz
tools/gbagfx/gbagfx graphics/pokemon/fezandipiti/normal.gbapal graphics/pokemon/fezandipiti/normal.gbapal.lz
tools/gbagfx/gbagfx graphics/pokemon/fezandipiti/shiny.gbapal graphics/pokemon/fezandipiti/shiny.gbapal.lz
tools/gbagfx/gbagfx graphics/pokemon/fidough/back.4bpp graphics/pokemon/fidough/back.4bpp.lz
tools/gbagfx/gbagfx graphics/pokemon/fidough/front.4bpp graphics/pokemon/fidough/front.4bpp.lz
tools/gbagfx/gbagfx graphics/pokemon/fidough/normal.gbapal graphics/pokemon/fidough/normal.gbapal.lz
tools/gbagfx/gbagfx graphics/pokemon/fidough/shiny.gbapal graphics/pokemon/fidough/shiny.gbapal.lz
tools/gbagfx/gbagfx graphics/pokemon/finizen/back.4bpp graphics/pokemon/finizen/back.4bpp.lz
tools/gbagfx/gbagfx graphics/pokemon/finizen/front.4bpp graphics/pokemon/finizen/front.4bpp.lz
tools/gbagfx/gbagfx graphics/pokemon/finizen/normal.gbapal graphics/pokemon/finizen/normal.gbapal.lz
tools/gbagfx/gbagfx graphics/pokemon/finizen/shiny.gbapal graphics/pokemon/finizen/shiny.gbapal.lz
tools/gbagfx/gbagfx graphics/pokemon/finneon/back.4bpp graphics/pokemon/finneon/back.4bpp.lz
tools/gbagfx/gbagfx graphics/pokemon/finneon/backf.4bpp graphics/pokemon/finneon/backf.4bpp.lz
tools/gbagfx/gbagfx graphics/pokemon/finneon/front.4bpp graphics/pokemon/finneon/front.4bpp.lz
tools/gbagfx/gbagfx graphics/pokemon/finneon/frontf.4bpp graphics/pokemon/finneon/frontf.4bpp.lz
tools/gbagfx/gbagfx graphics/pokemon/finneon/normal.gbapal graphics/pokemon/finneon/normal.gbapal.lz
tools/gbagfx/gbagfx graphics/pokemon/finneon/shiny.gbapal graphics/pokemon/finneon/shiny.gbapal.lz
tools/gbagfx/gbagfx graphics/pokemon/flaaffy/back.4bpp graphics/pokemon/flaaffy/back.4bpp.lz
tools/gbagfx/gbagfx graphics/pokemon/flaaffy/front.4bpp graphics/pokemon/flaaffy/front.4bpp.lz
tools/gbagfx/gbagfx graphics/pokemon/flaaffy/normal.gbapal graphics/pokemon/flaaffy/normal.gbapal.lz
tools/gbagfx/gbagfx graphics/pokemon/flaaffy/shiny.gbapal graphics/pokemon/flaaffy/shiny.gbapal.lz
tools/gbagfx/gbagfx graphics/pokemon/flabebe/back.4bpp graphics/pokemon/flabebe/back.4bpp.lz
tools/gbagfx/gbagfx graphics/pokemon/flabebe/blue_flower/normal.gbapal graphics/pokemon/flabebe/blue_flower/normal.gbapal.lz
tools/gbagfx/gbagfx graphics/pokemon/flabebe/blue_flower/shiny.gbapal graphics/pokemon/flabebe/blue_flower/shiny.gbapal.lz
tools/gbagfx/gbagfx graphics/pokemon/flabebe/front.4bpp graphics/pokemon/flabebe/front.4bpp.lz
tools/gbagfx/gbagfx graphics/pokemon/flabebe/normal.gbapal graphics/pokemon/flabebe/normal.gbapal.lz
tools/gbagfx/gbagfx graphics/pokemon/flabebe/orange_flower/normal.gbapal graphics/pokemon/flabebe/orange_flower/normal.gbapal.lz
tools/gbagfx/gbagfx graphics/pokemon/flabebe/orange_flower/shiny.gbapal graphics/pokemon/flabebe/orange_flower/shiny.gbapal.lz
tools/gbagfx/gbagfx graphics/pokemon/flabebe/shiny.gbapal graphics/pokemon/flabebe/shiny.gbapal.lz
tools/gbagfx/gbagfx graphics/pokemon/flabebe/white_flower/normal.gbapal graphics/pokemon/flabebe/white_flower/normal.gbapal.lz
tools/gbagfx/gbagfx graphics/pokemon/flabebe/white_flower/shiny.gbapal graphics/pokemon/flabebe/white_flower/shiny.gbapal.lz
tools/gbagfx/gbagfx graphics/pokemon/flabebe/yellow_flower/normal.gbapal graphics/pokemon/flabebe/yellow_flower/normal.gbapal.lz
tools/gbagfx/gbagfx graphics/pokemon/flabebe/yellow_flower/shiny.gbapal graphics/pokemon/flabebe/yellow_flower/shiny.gbapal.lz
tools/gbagfx/gbagfx graphics/pokemon/flamigo/back.4bpp graphics/pokemon/flamigo/back.4bpp.lz
tools/gbagfx/gbagfx graphics/pokemon/flamigo/front.4bpp graphics/pokemon/flamigo/front.4bpp.lz
tools/gbagfx/gbagfx graphics/pokemon/flamigo/normal.gbapal graphics/pokemon/flamigo/normal.gbapal.lz
tools/gbagfx/gbagfx graphics/pokemon/flamigo/shiny.gbapal graphics/pokemon/flamigo/shiny.gbapal.lz
tools/gbagfx/gbagfx graphics/pokemon/flapple/back.4bpp graphics/pokemon/flapple/back.4bpp.lz
tools/gbagfx/gbagfx graphics/pokemon/flapple/front.4bpp graphics/pokemon/flapple/front.4bpp.lz
tools/gbagfx/gbagfx graphics/pokemon/flapple/normal.gbapal graphics/pokemon/flapple/normal.gbapal.lz
tools/gbagfx/gbagfx graphics/pokemon/flapple/shiny.gbapal graphics/pokemon/flapple/shiny.gbapal.lz
tools/gbagfx/gbagfx graphics/pokemon/flareon/back.4bpp graphics/pokemon/flareon/back.4bpp.lz
tools/gbagfx/gbagfx graphics/pokemon/flareon/front.4bpp graphics/pokemon/flareon/front.4bpp.lz
tools/gbagfx/gbagfx graphics/pokemon/flareon/normal.gbapal graphics/pokemon/flareon/normal.gbapal.lz
tools/gbagfx/gbagfx graphics/pokemon/flareon/shiny.gbapal graphics/pokemon/flareon/shiny.gbapal.lz
tools/gbagfx/gbagfx graphics/pokemon/fletchinder/back.4bpp graphics/pokemon/fletchinder/back.4bpp.lz
tools/gbagfx/gbagfx graphics/pokemon/fletchinder/front.4bpp graphics/pokemon/fletchinder/front.4bpp.lz
tools/gbagfx/gbagfx graphics/pokemon/fletchinder/normal.gbapal graphics/pokemon/fletchinder/normal.gbapal.lz
tools/gbagfx/gbagfx graphics/pokemon/fletchinder/shiny.gbapal graphics/pokemon/fletchinder/shiny.gbapal.lz
tools/gbagfx/gbagfx graphics/pokemon/fletchling/back.4bpp graphics/pokemon/fletchling/back.4bpp.lz
tools/gbagfx/gbagfx graphics/pokemon/fletchling/front.4bpp graphics/pokemon/fletchling/front.4bpp.lz
tools/gbagfx/gbagfx graphics/pokemon/fletchling/normal.gbapal graphics/pokemon/fletchling/normal.gbapal.lz
tools/gbagfx/gbagfx graphics/pokemon/fletchling/shiny.gbapal graphics/pokemon/fletchling/shiny.gbapal.lz
tools/gbagfx/gbagfx graphics/pokemon/flittle/back.4bpp graphics/pokemon/flittle/back.4bpp.lz
tools/gbagfx/gbagfx graphics/pokemon/flittle/front.4bpp graphics/pokemon/flittle/front.4bpp.lz
tools/gbagfx/gbagfx graphics/pokemon/flittle/normal.gbapal graphics/pokemon/flittle/normal.gbapal.lz
tools/gbagfx/gbagfx graphics/pokemon/flittle/shiny.gbapal graphics/pokemon/flittle/shiny.gbapal.lz
tools/gbagfx/gbagfx graphics/pokemon/floatzel/back.4bpp graphics/pokemon/floatzel/back.4bpp.lz
tools/gbagfx/gbagfx graphics/pokemon/floatzel/backf.4bpp graphics/pokemon/floatzel/backf.4bpp.lz
tools/gbagfx/gbagfx graphics/pokemon/floatzel/front.4bpp graphics/pokemon/floatzel/front.4bpp.lz
tools/gbagfx/gbagfx graphics/pokemon/floatzel/normal.gbapal graphics/pokemon/floatzel/normal.gbapal.lz
tools/gbagfx/gbagfx graphics/pokemon/floatzel/shiny.gbapal graphics/pokemon/floatzel/shiny.gbapal.lz
tools/gbagfx/gbagfx graphics/pokemon/floette/back.4bpp graphics/pokemon/floette/back.4bpp.lz
tools/gbagfx/gbagfx graphics/pokemon/floette/blue_flower/normal.gbapal graphics/pokemon/floette/blue_flower/normal.gbapal.lz
tools/gbagfx/gbagfx graphics/pokemon/floette/blue_flower/shiny.gbapal graphics/pokemon/floette/blue_flower/shiny.gbapal.lz
tools/gbagfx/gbagfx graphics/pokemon/floette/eternal_flower/back.4bpp graphics/pokemon/floette/eternal_flower/back.4bpp.lz
tools/gbagfx/gbagfx graphics/pokemon/floette/eternal_flower/front.4bpp graphics/pokemon/floette/eternal_flower/front.4bpp.lz
tools/gbagfx/gbagfx graphics/pokemon/floette/eternal_flower/normal.gbapal graphics/pokemon/floette/eternal_flower/normal.gbapal.lz
tools/gbagfx/gbagfx graphics/pokemon/floette/eternal_flower/shiny.gbapal graphics/pokemon/floette/eternal_flower/shiny.gbapal.lz
tools/gbagfx/gbagfx graphics/pokemon/floette/front.4bpp graphics/pokemon/floette/front.4bpp.lz
tools/gbagfx/gbagfx graphics/pokemon/floette/normal.gbapal graphics/pokemon/floette/normal.gbapal.lz
tools/gbagfx/gbagfx graphics/pokemon/floette/orange_flower/normal.gbapal graphics/pokemon/floette/orange_flower/normal.gbapal.lz
tools/gbagfx/gbagfx graphics/pokemon/floette/orange_flower/shiny.gbapal graphics/pokemon/floette/orange_flower/shiny.gbapal.lz
tools/gbagfx/gbagfx graphics/pokemon/floette/shiny.gbapal graphics/pokemon/floette/shiny.gbapal.lz
tools/gbagfx/gbagfx graphics/pokemon/floette/white_flower/normal.gbapal graphics/pokemon/floette/white_flower/normal.gbapal.lz
tools/gbagfx/gbagfx graphics/pokemon/floette/white_flower/shiny.gbapal graphics/pokemon/floette/white_flower/shiny.gbapal.lz
tools/gbagfx/gbagfx graphics/pokemon/floette/yellow_flower/normal.gbapal graphics/pokemon/floette/yellow_flower/normal.gbapal.lz
tools/gbagfx/gbagfx graphics/pokemon/floette/yellow_flower/shiny.gbapal graphics/pokemon/floette/yellow_flower/shiny.gbapal.lz
tools/gbagfx/gbagfx graphics/pokemon/floragato/back.4bpp graphics/pokemon/floragato/back.4bpp.lz
tools/gbagfx/gbagfx graphics/pokemon/floragato/front.4bpp graphics/pokemon/floragato/front.4bpp.lz
tools/gbagfx/gbagfx graphics/pokemon/floragato/normal.gbapal graphics/pokemon/floragato/normal.gbapal.lz
tools/gbagfx/gbagfx graphics/pokemon/floragato/shiny.gbapal graphics/pokemon/floragato/shiny.gbapal.lz
tools/gbagfx/gbagfx graphics/pokemon/florges/back.4bpp graphics/pokemon/florges/back.4bpp.lz
tools/gbagfx/gbagfx graphics/pokemon/florges/blue_flower/normal.gbapal graphics/pokemon/florges/blue_flower/normal.gbapal.lz
tools/gbagfx/gbagfx graphics/pokemon/florges/blue_flower/shiny.gbapal graphics/pokemon/florges/blue_flower/shiny.gbapal.lz
tools/gbagfx/gbagfx graphics/pokemon/florges/front.4bpp graphics/pokemon/florges/front.4bpp.lz
tools/gbagfx/gbagfx graphics/pokemon/florges/normal.gbapal graphics/pokemon/florges/normal.gbapal.lz
tools/gbagfx/gbagfx graphics/pokemon/florges/orange_flower/normal.gbapal graphics/pokemon/florges/orange_flower/normal.gbapal.lz
tools/gbagfx/gbagfx graphics/pokemon/florges/orange_flower/shiny.gbapal graphics/pokemon/florges/orange_flower/shiny.gbapal.lz
tools/gbagfx/gbagfx graphics/pokemon/florges/shiny.gbapal graphics/pokemon/florges/shiny.gbapal.lz
tools/gbagfx/gbagfx graphics/pokemon/florges/white_flower/normal.gbapal graphics/pokemon/florges/white_flower/normal.gbapal.lz
tools/gbagfx/gbagfx graphics/pokemon/florges/white_flower/shiny.gbapal graphics/pokemon/florges/white_flower/shiny.gbapal.lz
tools/gbagfx/gbagfx graphics/pokemon/florges/yellow_flower/normal.gbapal graphics/pokemon/florges/yellow_flower/normal.gbapal.lz
tools/gbagfx/gbagfx graphics/pokemon/florges/yellow_flower/shiny.gbapal graphics/pokemon/florges/yellow_flower/shiny.gbapal.lz
tools/gbagfx/gbagfx graphics/pokemon/flutter_mane/back.4bpp graphics/pokemon/flutter_mane/back.4bpp.lz
tools/gbagfx/gbagfx graphics/pokemon/flutter_mane/front.4bpp graphics/pokemon/flutter_mane/front.4bpp.lz
tools/gbagfx/gbagfx graphics/pokemon/flutter_mane/normal.gbapal graphics/pokemon/flutter_mane/normal.gbapal.lz
tools/gbagfx/gbagfx graphics/pokemon/flutter_mane/shiny.gbapal graphics/pokemon/flutter_mane/shiny.gbapal.lz
tools/gbagfx/gbagfx graphics/pokemon/flygon/back.4bpp graphics/pokemon/flygon/back.4bpp.lz
tools/gbagfx/gbagfx graphics/pokemon/flygon/front.4bpp graphics/pokemon/flygon/front.4bpp.lz
tools/gbagfx/gbagfx graphics/pokemon/flygon/normal.gbapal graphics/pokemon/flygon/normal.gbapal.lz
tools/gbagfx/gbagfx graphics/pokemon/flygon/shiny.gbapal graphics/pokemon/flygon/shiny.gbapal.lz
tools/gbagfx/gbagfx graphics/pokemon/fomantis/back.4bpp graphics/pokemon/fomantis/back.4bpp.lz
tools/gbagfx/gbagfx graphics/pokemon/fomantis/front.4bpp graphics/pokemon/fomantis/front.4bpp.lz
tools/gbagfx/gbagfx graphics/pokemon/fomantis/normal.gbapal graphics/pokemon/fomantis/normal.gbapal.lz
tools/gbagfx/gbagfx graphics/pokemon/fomantis/shiny.gbapal graphics/pokemon/fomantis/shiny.gbapal.lz
tools/gbagfx/gbagfx graphics/pokemon/foongus/back.4bpp graphics/pokemon/foongus/back.4bpp.lz
tools/gbagfx/gbagfx graphics/pokemon/foongus/front.4bpp graphics/pokemon/foongus/front.4bpp.lz
tools/gbagfx/gbagfx graphics/pokemon/foongus/normal.gbapal graphics/pokemon/foongus/normal.gbapal.lz
tools/gbagfx/gbagfx graphics/pokemon/foongus/shiny.gbapal graphics/pokemon/foongus/shiny.gbapal.lz
tools/gbagfx/gbagfx graphics/pokemon/forretress/back.4bpp graphics/pokemon/forretress/back.4bpp.lz
tools/gbagfx/gbagfx graphics/pokemon/forretress/front.4bpp graphics/pokemon/forretress/front.4bpp.lz
tools/gbagfx/gbagfx graphics/pokemon/forretress/normal.gbapal graphics/pokemon/forretress/normal.gbapal.lz
tools/gbagfx/gbagfx graphics/pokemon/forretress/shiny.gbapal graphics/pokemon/forretress/shiny.gbapal.lz
tools/gbagfx/gbagfx graphics/pokemon/fraxure/back.4bpp graphics/pokemon/fraxure/back.4bpp.lz
tools/gbagfx/gbagfx graphics/pokemon/fraxure/front.4bpp graphics/pokemon/fraxure/front.4bpp.lz
tools/gbagfx/gbagfx graphics/pokemon/fraxure/normal.gbapal graphics/pokemon/fraxure/normal.gbapal.lz
tools/gbagfx/gbagfx graphics/pokemon/fraxure/shiny.gbapal graphics/pokemon/fraxure/shiny.gbapal.lz
tools/gbagfx/gbagfx graphics/pokemon/frigibax/back.4bpp graphics/pokemon/frigibax/back.4bpp.lz
tools/gbagfx/gbagfx graphics/pokemon/frigibax/front.4bpp graphics/pokemon/frigibax/front.4bpp.lz
tools/gbagfx/gbagfx graphics/pokemon/frigibax/normal.gbapal graphics/pokemon/frigibax/normal.gbapal.lz
tools/gbagfx/gbagfx graphics/pokemon/frigibax/shiny.gbapal graphics/pokemon/frigibax/shiny.gbapal.lz
tools/gbagfx/gbagfx graphics/pokemon/frillish/back.4bpp graphics/pokemon/frillish/back.4bpp.lz
tools/gbagfx/gbagfx graphics/pokemon/frillish/backf.4bpp graphics/pokemon/frillish/backf.4bpp.lz
tools/gbagfx/gbagfx graphics/pokemon/frillish/front.4bpp graphics/pokemon/frillish/front.4bpp.lz
tools/gbagfx/gbagfx graphics/pokemon/frillish/frontf.4bpp graphics/pokemon/frillish/frontf.4bpp.lz
tools/gbagfx/gbagfx graphics/pokemon/frillish/normal.gbapal graphics/pokemon/frillish/normal.gbapal.lz
tools/gbagfx/gbagfx graphics/pokemon/frillish/normalf.gbapal graphics/pokemon/frillish/normalf.gbapal.lz
tools/gbagfx/gbagfx graphics/pokemon/frillish/shiny.gbapal graphics/pokemon/frillish/shiny.gbapal.lz
tools/gbagfx/gbagfx graphics/pokemon/frillish/shinyf.gbapal graphics/pokemon/frillish/shinyf.gbapal.lz
tools/gbagfx/gbagfx graphics/pokemon/froakie/back.4bpp graphics/pokemon/froakie/back.4bpp.lz
tools/gbagfx/gbagfx graphics/pokemon/froakie/front.4bpp graphics/pokemon/froakie/front.4bpp.lz
tools/gbagfx/gbagfx graphics/pokemon/froakie/normal.gbapal graphics/pokemon/froakie/normal.gbapal.lz
tools/gbagfx/gbagfx graphics/pokemon/froakie/shiny.gbapal graphics/pokemon/froakie/shiny.gbapal.lz
tools/gbagfx/gbagfx graphics/pokemon/frogadier/back.4bpp graphics/pokemon/frogadier/back.4bpp.lz
tools/gbagfx/gbagfx graphics/pokemon/frogadier/front.4bpp graphics/pokemon/frogadier/front.4bpp.lz
tools/gbagfx/gbagfx graphics/pokemon/frogadier/normal.gbapal graphics/pokemon/frogadier/normal.gbapal.lz
tools/gbagfx/gbagfx graphics/pokemon/frogadier/shiny.gbapal graphics/pokemon/frogadier/shiny.gbapal.lz
tools/gbagfx/gbagfx graphics/pokemon/froslass/back.4bpp graphics/pokemon/froslass/back.4bpp.lz
tools/gbagfx/gbagfx graphics/pokemon/froslass/front.4bpp graphics/pokemon/froslass/front.4bpp.lz
tools/gbagfx/gbagfx graphics/pokemon/froslass/normal.gbapal graphics/pokemon/froslass/normal.gbapal.lz
tools/gbagfx/gbagfx graphics/pokemon/froslass/shiny.gbapal graphics/pokemon/froslass/shiny.gbapal.lz
tools/gbagfx/gbagfx graphics/pokemon/frosmoth/back.4bpp graphics/pokemon/frosmoth/back.4bpp.lz
tools/gbagfx/gbagfx graphics/pokemon/frosmoth/front.4bpp graphics/pokemon/frosmoth/front.4bpp.lz
tools/gbagfx/gbagfx graphics/pokemon/frosmoth/normal.gbapal graphics/pokemon/frosmoth/normal.gbapal.lz
tools/gbagfx/gbagfx graphics/pokemon/frosmoth/shiny.gbapal graphics/pokemon/frosmoth/shiny.gbapal.lz
tools/gbagfx/gbagfx graphics/pokemon/fuecoco/back.4bpp graphics/pokemon/fuecoco/back.4bpp.lz
tools/gbagfx/gbagfx graphics/pokemon/fuecoco/front.4bpp graphics/pokemon/fuecoco/front.4bpp.lz
tools/gbagfx/gbagfx graphics/pokemon/fuecoco/normal.gbapal graphics/pokemon/fuecoco/normal.gbapal.lz
tools/gbagfx/gbagfx graphics/pokemon/fuecoco/shiny.gbapal graphics/pokemon/fuecoco/shiny.gbapal.lz
tools/gbagfx/gbagfx graphics/pokemon/furfrou/back.4bpp graphics/pokemon/furfrou/back.4bpp.lz
tools/gbagfx/gbagfx graphics/pokemon/furfrou/dandy_trim/back.4bpp graphics/pokemon/furfrou/dandy_trim/back.4bpp.lz
tools/gbagfx/gbagfx graphics/pokemon/furfrou/dandy_trim/front.4bpp graphics/pokemon/furfrou/dandy_trim/front.4bpp.lz
tools/gbagfx/gbagfx graphics/pokemon/furfrou/dandy_trim/normal.gbapal graphics/pokemon/furfrou/dandy_trim/normal.gbapal.lz
tools/gbagfx/gbagfx graphics/pokemon/furfrou/dandy_trim/shiny.gbapal graphics/pokemon/furfrou/dandy_trim/shiny.gbapal.lz
tools/gbagfx/gbagfx graphics/pokemon/furfrou/debutante_trim/back.4bpp graphics/pokemon/furfrou/debutante_trim/back.4bpp.lz
tools/gbagfx/gbagfx graphics/pokemon/furfrou/debutante_trim/front.4bpp graphics/pokemon/furfrou/debutante_trim/front.4bpp.lz
tools/gbagfx/gbagfx graphics/pokemon/furfrou/debutante_trim/normal.gbapal graphics/pokemon/furfrou/debutante_trim/normal.gbapal.lz
tools/gbagfx/gbagfx graphics/pokemon/furfrou/debutante_trim/shiny.gbapal graphics/pokemon/furfrou/debutante_trim/shiny.gbapal.lz
tools/gbagfx/gbagfx graphics/pokemon/furfrou/diamond_trim/back.4bpp graphics/pokemon/furfrou/diamond_trim/back.4bpp.lz
tools/gbagfx/gbagfx graphics/pokemon/furfrou/diamond_trim/front.4bpp graphics/pokemon/furfrou/diamond_trim/front.4bpp.lz
tools/gbagfx/gbagfx graphics/pokemon/furfrou/diamond_trim/normal.gbapal graphics/pokemon/furfrou/diamond_trim/normal.gbapal.lz
tools/gbagfx/gbagfx graphics/pokemon/furfrou/diamond_trim/shiny.gbapal graphics/pokemon/furfrou/diamond_trim/shiny.gbapal.lz
tools/gbagfx/gbagfx graphics/pokemon/furfrou/front.4bpp graphics/pokemon/furfrou/front.4bpp.lz
tools/gbagfx/gbagfx graphics/pokemon/furfrou/heart_trim/back.4bpp graphics/pokemon/furfrou/heart_trim/back.4bpp.lz
tools/gbagfx/gbagfx graphics/pokemon/furfrou/heart_trim/front.4bpp graphics/pokemon/furfrou/heart_trim/front.4bpp.lz
tools/gbagfx/gbagfx graphics/pokemon/furfrou/heart_trim/normal.gbapal graphics/pokemon/furfrou/heart_trim/normal.gbapal.lz
tools/gbagfx/gbagfx graphics/pokemon/furfrou/heart_trim/shiny.gbapal graphics/pokemon/furfrou/heart_trim/shiny.gbapal.lz
tools/gbagfx/gbagfx graphics/pokemon/furfrou/kabuki_trim/back.4bpp graphics/pokemon/furfrou/kabuki_trim/back.4bpp.lz
tools/gbagfx/gbagfx graphics/pokemon/furfrou/kabuki_trim/front.4bpp graphics/pokemon/furfrou/kabuki_trim/front.4bpp.lz
tools/gbagfx/gbagfx graphics/pokemon/furfrou/kabuki_trim/normal.gbapal graphics/pokemon/furfrou/kabuki_trim/normal.gbapal.lz
tools/gbagfx/gbagfx graphics/pokemon/furfrou/kabuki_trim/shiny.gbapal graphics/pokemon/furfrou/kabuki_trim/shiny.gbapal.lz
tools/gbagfx/gbagfx graphics/pokemon/furfrou/la_reine_trim/back.4bpp graphics/pokemon/furfrou/la_reine_trim/back.4bpp.lz
tools/gbagfx/gbagfx graphics/pokemon/furfrou/la_reine_trim/front.4bpp graphics/pokemon/furfrou/la_reine_trim/front.4bpp.lz
tools/gbagfx/gbagfx graphics/pokemon/furfrou/la_reine_trim/normal.gbapal graphics/pokemon/furfrou/la_reine_trim/normal.gbapal.lz
tools/gbagfx/gbagfx graphics/pokemon/furfrou/la_reine_trim/shiny.gbapal graphics/pokemon/furfrou/la_reine_trim/shiny.gbapal.lz
tools/gbagfx/gbagfx graphics/pokemon/furfrou/matron_trim/back.4bpp graphics/pokemon/furfrou/matron_trim/back.4bpp.lz
tools/gbagfx/gbagfx graphics/pokemon/furfrou/matron_trim/front.4bpp graphics/pokemon/furfrou/matron_trim/front.4bpp.lz
tools/gbagfx/gbagfx graphics/pokemon/furfrou/matron_trim/normal.gbapal graphics/pokemon/furfrou/matron_trim/normal.gbapal.lz
tools/gbagfx/gbagfx graphics/pokemon/furfrou/matron_trim/shiny.gbapal graphics/pokemon/furfrou/matron_trim/shiny.gbapal.lz
tools/gbagfx/gbagfx graphics/pokemon/furfrou/normal.gbapal graphics/pokemon/furfrou/normal.gbapal.lz
tools/gbagfx/gbagfx graphics/pokemon/furfrou/pharaoh_trim/back.4bpp graphics/pokemon/furfrou/pharaoh_trim/back.4bpp.lz
tools/gbagfx/gbagfx graphics/pokemon/furfrou/pharaoh_trim/front.4bpp graphics/pokemon/furfrou/pharaoh_trim/front.4bpp.lz
tools/gbagfx/gbagfx graphics/pokemon/furfrou/pharaoh_trim/normal.gbapal graphics/pokemon/furfrou/pharaoh_trim/normal.gbapal.lz
tools/gbagfx/gbagfx graphics/pokemon/furfrou/pharaoh_trim/shiny.gbapal graphics/pokemon/furfrou/pharaoh_trim/shiny.gbapal.lz
tools/gbagfx/gbagfx graphics/pokemon/furfrou/shiny.gbapal graphics/pokemon/furfrou/shiny.gbapal.lz
tools/gbagfx/gbagfx graphics/pokemon/furfrou/star_trim/back.4bpp graphics/pokemon/furfrou/star_trim/back.4bpp.lz
tools/gbagfx/gbagfx graphics/pokemon/furfrou/star_trim/front.4bpp graphics/pokemon/furfrou/star_trim/front.4bpp.lz
tools/gbagfx/gbagfx graphics/pokemon/furfrou/star_trim/normal.gbapal graphics/pokemon/furfrou/star_trim/normal.gbapal.lz
tools/gbagfx/gbagfx graphics/pokemon/furfrou/star_trim/shiny.gbapal graphics/pokemon/furfrou/star_trim/shiny.gbapal.lz
tools/gbagfx/gbagfx graphics/pokemon/furret/back.4bpp graphics/pokemon/furret/back.4bpp.lz
tools/gbagfx/gbagfx graphics/pokemon/furret/front.4bpp graphics/pokemon/furret/front.4bpp.lz
tools/gbagfx/gbagfx graphics/pokemon/furret/normal.gbapal graphics/pokemon/furret/normal.gbapal.lz
tools/gbagfx/gbagfx graphics/pokemon/furret/shiny.gbapal graphics/pokemon/furret/shiny.gbapal.lz
tools/gbagfx/gbagfx graphics/pokemon/gabite/back.4bpp graphics/pokemon/gabite/back.4bpp.lz
tools/gbagfx/gbagfx graphics/pokemon/gabite/backf.4bpp graphics/pokemon/gabite/backf.4bpp.lz
tools/gbagfx/gbagfx graphics/pokemon/gabite/front.4bpp graphics/pokemon/gabite/front.4bpp.lz
tools/gbagfx/gbagfx graphics/pokemon/gabite/frontf.4bpp graphics/pokemon/gabite/frontf.4bpp.lz
tools/gbagfx/gbagfx graphics/pokemon/gabite/normal.gbapal graphics/pokemon/gabite/normal.gbapal.lz
tools/gbagfx/gbagfx graphics/pokemon/gabite/shiny.gbapal graphics/pokemon/gabite/shiny.gbapal.lz
tools/gbagfx/gbagfx graphics/pokemon/gallade/back.4bpp graphics/pokemon/gallade/back.4bpp.lz
tools/gbagfx/gbagfx graphics/pokemon/gallade/front.4bpp graphics/pokemon/gallade/front.4bpp.lz
tools/gbagfx/gbagfx graphics/pokemon/gallade/mega/back.4bpp graphics/pokemon/gallade/mega/back.4bpp.lz
tools/gbagfx/gbagfx graphics/pokemon/gallade/mega/front.4bpp graphics/pokemon/gallade/mega/front.4bpp.lz
tools/gbagfx/gbagfx graphics/pokemon/gallade/mega/normal.gbapal graphics/pokemon/gallade/mega/normal.gbapal.lz
tools/gbagfx/gbagfx graphics/pokemon/gallade/mega/shiny.gbapal graphics/pokemon/gallade/mega/shiny.gbapal.lz
tools/gbagfx/gbagfx graphics/pokemon/gallade/normal.gbapal graphics/pokemon/gallade/normal.gbapal.lz
tools/gbagfx/gbagfx graphics/pokemon/gallade/shiny.gbapal graphics/pokemon/gallade/shiny.gbapal.lz
tools/gbagfx/gbagfx graphics/pokemon/galvantula/back.4bpp graphics/pokemon/galvantula/back.4bpp.lz
tools/gbagfx/gbagfx graphics/pokemon/galvantula/front.4bpp graphics/pokemon/galvantula/front.4bpp.lz
tools/gbagfx/gbagfx graphics/pokemon/galvantula/normal.gbapal graphics/pokemon/galvantula/normal.gbapal.lz
tools/gbagfx/gbagfx graphics/pokemon/galvantula/shiny.gbapal graphics/pokemon/galvantula/shiny.gbapal.lz
tools/gbagfx/gbagfx graphics/pokemon/garbodor/back.4bpp graphics/pokemon/garbodor/back.4bpp.lz
tools/gbagfx/gbagfx graphics/pokemon/garbodor/front.4bpp graphics/pokemon/garbodor/front.4bpp.lz
tools/gbagfx/gbagfx graphics/pokemon/garbodor/normal.gbapal graphics/pokemon/garbodor/normal.gbapal.lz
tools/gbagfx/gbagfx graphics/pokemon/garbodor/shiny.gbapal graphics/pokemon/garbodor/shiny.gbapal.lz
tools/gbagfx/gbagfx graphics/pokemon/garchomp/back.4bpp graphics/pokemon/garchomp/back.4bpp.lz
tools/gbagfx/gbagfx graphics/pokemon/garchomp/front.4bpp graphics/pokemon/garchomp/front.4bpp.lz
tools/gbagfx/gbagfx graphics/pokemon/garchomp/frontf.4bpp graphics/pokemon/garchomp/frontf.4bpp.lz
tools/gbagfx/gbagfx graphics/pokemon/garchomp/mega/back.4bpp graphics/pokemon/garchomp/mega/back.4bpp.lz
tools/gbagfx/gbagfx graphics/pokemon/garchomp/mega/front.4bpp graphics/pokemon/garchomp/mega/front.4bpp.lz
tools/gbagfx/gbagfx graphics/pokemon/garchomp/mega/normal.gbapal graphics/pokemon/garchomp/mega/normal.gbapal.lz
tools/gbagfx/gbagfx graphics/pokemon/garchomp/mega/shiny.gbapal graphics/pokemon/garchomp/mega/shiny.gbapal.lz
tools/gbagfx/gbagfx graphics/pokemon/garchomp/normal.gbapal graphics/pokemon/garchomp/normal.gbapal.lz
tools/gbagfx/gbagfx graphics/pokemon/garchomp/shiny.gbapal graphics/pokemon/garchomp/shiny.gbapal.lz
tools/gbagfx/gbagfx graphics/pokemon/gardevoir/back.4bpp graphics/pokemon/gardevoir/back.4bpp.lz
tools/gbagfx/gbagfx graphics/pokemon/gardevoir/front.4bpp graphics/pokemon/gardevoir/front.4bpp.lz
tools/gbagfx/gbagfx graphics/pokemon/gardevoir/mega/back.4bpp graphics/pokemon/gardevoir/mega/back.4bpp.lz
tools/gbagfx/gbagfx graphics/pokemon/gardevoir/mega/front.4bpp graphics/pokemon/gardevoir/mega/front.4bpp.lz
tools/gbagfx/gbagfx graphics/pokemon/gardevoir/mega/normal.gbapal graphics/pokemon/gardevoir/mega/normal.gbapal.lz
tools/gbagfx/gbagfx graphics/pokemon/gardevoir/mega/shiny.gbapal graphics/pokemon/gardevoir/mega/shiny.gbapal.lz
tools/gbagfx/gbagfx graphics/pokemon/gardevoir/normal.gbapal graphics/pokemon/gardevoir/normal.gbapal.lz
tools/gbagfx/gbagfx graphics/pokemon/gardevoir/shiny.gbapal graphics/pokemon/gardevoir/shiny.gbapal.lz
tools/gbagfx/gbagfx graphics/pokemon/garganacl/back.4bpp graphics/pokemon/garganacl/back.4bpp.lz
tools/gbagfx/gbagfx graphics/pokemon/garganacl/front.4bpp graphics/pokemon/garganacl/front.4bpp.lz
tools/gbagfx/gbagfx graphics/pokemon/garganacl/normal.gbapal graphics/pokemon/garganacl/normal.gbapal.lz
tools/gbagfx/gbagfx graphics/pokemon/garganacl/shiny.gbapal graphics/pokemon/garganacl/shiny.gbapal.lz
tools/gbagfx/gbagfx graphics/pokemon/gastly/back.4bpp graphics/pokemon/gastly/back.4bpp.lz
tools/gbagfx/gbagfx graphics/pokemon/gastly/front.4bpp graphics/pokemon/gastly/front.4bpp.lz
tools/gbagfx/gbagfx graphics/pokemon/gastly/normal.gbapal graphics/pokemon/gastly/normal.gbapal.lz
tools/gbagfx/gbagfx graphics/pokemon/gastly/shiny.gbapal graphics/pokemon/gastly/shiny.gbapal.lz
tools/gbagfx/gbagfx graphics/pokemon/gastrodon/back.4bpp graphics/pokemon/gastrodon/back.4bpp.lz
tools/gbagfx/gbagfx graphics/pokemon/gastrodon/east_sea/back.4bpp graphics/pokemon/gastrodon/east_sea/back.4bpp.lz
tools/gbagfx/gbagfx graphics/pokemon/gastrodon/east_sea/front.4bpp graphics/pokemon/gastrodon/east_sea/front.4bpp.lz
tools/gbagfx/gbagfx graphics/pokemon/gastrodon/east_sea/normal.gbapal graphics/pokemon/gastrodon/east_sea/normal.gbapal.lz
tools/gbagfx/gbagfx graphics/pokemon/gastrodon/east_sea/shiny.gbapal graphics/pokemon/gastrodon/east_sea/shiny.gbapal.lz
tools/gbagfx/gbagfx graphics/pokemon/gastrodon/front.4bpp graphics/pokemon/gastrodon/front.4bpp.lz
tools/gbagfx/gbagfx graphics/pokemon/gastrodon/normal.gbapal graphics/pokemon/gastrodon/normal.gbapal.lz
tools/gbagfx/gbagfx graphics/pokemon/gastrodon/shiny.gbapal graphics/pokemon/gastrodon/shiny.gbapal.lz
tools/gbagfx/gbagfx graphics/pokemon/genesect/back.4bpp graphics/pokemon/genesect/back.4bpp.lz
tools/gbagfx/gbagfx graphics/pokemon/genesect/front.4bpp graphics/pokemon/genesect/front.4bpp.lz
tools/gbagfx/gbagfx graphics/pokemon/genesect/normal.gbapal graphics/pokemon/genesect/normal.gbapal.lz
tools/gbagfx/gbagfx graphics/pokemon/genesect/shiny.gbapal graphics/pokemon/genesect/shiny.gbapal.lz
tools/gbagfx/gbagfx graphics/pokemon/gengar/back.4bpp graphics/pokemon/gengar/back.4bpp.lz
tools/gbagfx/gbagfx graphics/pokemon/gengar/front.4bpp graphics/pokemon/gengar/front.4bpp.lz
tools/gbagfx/gbagfx graphics/pokemon/gengar/mega/back.4bpp graphics/pokemon/gengar/mega/back.4bpp.lz
tools/gbagfx/gbagfx graphics/pokemon/gengar/mega/front.4bpp graphics/pokemon/gengar/mega/front.4bpp.lz
tools/gbagfx/gbagfx graphics/pokemon/gengar/mega/normal.gbapal graphics/pokemon/gengar/mega/normal.gbapal.lz
tools/gbagfx/gbagfx graphics/pokemon/gengar/mega/shiny.gbapal graphics/pokemon/gengar/mega/shiny.gbapal.lz
tools/gbagfx/gbagfx graphics/pokemon/gengar/normal.gbapal graphics/pokemon/gengar/normal.gbapal.lz
tools/gbagfx/gbagfx graphics/pokemon/gengar/shiny.gbapal graphics/pokemon/gengar/shiny.gbapal.lz
tools/gbagfx/gbagfx graphics/pokemon/geodude/alolan/back.4bpp graphics/pokemon/geodude/alolan/back.4bpp.lz
tools/gbagfx/gbagfx graphics/pokemon/geodude/alolan/front.4bpp graphics/pokemon/geodude/alolan/front.4bpp.lz
tools/gbagfx/gbagfx graphics/pokemon/geodude/alolan/normal.gbapal graphics/pokemon/geodude/alolan/normal.gbapal.lz
tools/gbagfx/gbagfx graphics/pokemon/geodude/alolan/shiny.gbapal graphics/pokemon/geodude/alolan/shiny.gbapal.lz
tools/gbagfx/gbagfx graphics/pokemon/geodude/back.4bpp graphics/pokemon/geodude/back.4bpp.lz
tools/gbagfx/gbagfx graphics/pokemon/geodude/front.4bpp graphics/pokemon/geodude/front.4bpp.lz
tools/gbagfx/gbagfx graphics/pokemon/geodude/normal.gbapal graphics/pokemon/geodude/normal.gbapal.lz
tools/gbagfx/gbagfx graphics/pokemon/geodude/shiny.gbapal graphics/pokemon/geodude/shiny.gbapal.lz
tools/gbagfx/gbagfx graphics/pokemon/gholdengo/back.4bpp graphics/pokemon/gholdengo/back.4bpp.lz
tools/gbagfx/gbagfx graphics/pokemon/gholdengo/front.4bpp graphics/pokemon/gholdengo/front.4bpp.lz
tools/gbagfx/gbagfx graphics/pokemon/gholdengo/normal.gbapal graphics/pokemon/gholdengo/normal.gbapal.lz
tools/gbagfx/gbagfx graphics/pokemon/gholdengo/shiny.gbapal graphics/pokemon/gholdengo/shiny.gbapal.lz
tools/gbagfx/gbagfx graphics/pokemon/ghost/front.4bpp graphics/pokemon/ghost/front.4bpp.lz
tools/gbagfx/gbagfx graphics/pokemon/ghost/front.gbapal graphics/pokemon/ghost/front.gbapal.lz
tools/gbagfx/gbagfx graphics/pokemon/gible/back.4bpp graphics/pokemon/gible/back.4bpp.lz
tools/gbagfx/gbagfx graphics/pokemon/gible/backf.4bpp graphics/pokemon/gible/backf.4bpp.lz
tools/gbagfx/gbagfx graphics/pokemon/gible/front.4bpp graphics/pokemon/gible/front.4bpp.lz
tools/gbagfx/gbagfx graphics/pokemon/gible/frontf.4bpp graphics/pokemon/gible/frontf.4bpp.lz
tools/gbagfx/gbagfx graphics/pokemon/gible/normal.gbapal graphics/pokemon/gible/normal.gbapal.lz
tools/gbagfx/gbagfx graphics/pokemon/gible/shiny.gbapal graphics/pokemon/gible/shiny.gbapal.lz
tools/gbagfx/gbagfx graphics/pokemon/gigalith/back.4bpp graphics/pokemon/gigalith/back.4bpp.lz
tools/gbagfx/gbagfx graphics/pokemon/gigalith/front.4bpp graphics/pokemon/gigalith/front.4bpp.lz
tools/gbagfx/gbagfx graphics/pokemon/gigalith/normal.gbapal graphics/pokemon/gigalith/normal.gbapal.lz
tools/gbagfx/gbagfx graphics/pokemon/gigalith/shiny.gbapal graphics/pokemon/gigalith/shiny.gbapal.lz
tools/gbagfx/gbagfx graphics/pokemon/gimmighoul/back.4bpp graphics/pokemon/gimmighoul/back.4bpp.lz
tools/gbagfx/gbagfx graphics/pokemon/gimmighoul/front.4bpp graphics/pokemon/gimmighoul/front.4bpp.lz
tools/gbagfx/gbagfx graphics/pokemon/gimmighoul/normal.gbapal graphics/pokemon/gimmighoul/normal.gbapal.lz
tools/gbagfx/gbagfx graphics/pokemon/gimmighoul/roaming/back.4bpp graphics/pokemon/gimmighoul/roaming/back.4bpp.lz
tools/gbagfx/gbagfx graphics/pokemon/gimmighoul/roaming/front.4bpp graphics/pokemon/gimmighoul/roaming/front.4bpp.lz
tools/gbagfx/gbagfx graphics/pokemon/gimmighoul/roaming/normal.gbapal graphics/pokemon/gimmighoul/roaming/normal.gbapal.lz
tools/gbagfx/gbagfx graphics/pokemon/gimmighoul/roaming/shiny.gbapal graphics/pokemon/gimmighoul/roaming/shiny.gbapal.lz
tools/gbagfx/gbagfx graphics/pokemon/gimmighoul/shiny.gbapal graphics/pokemon/gimmighoul/shiny.gbapal.lz
tools/gbagfx/gbagfx graphics/pokemon/girafarig/back.4bpp graphics/pokemon/girafarig/back.4bpp.lz
tools/gbagfx/gbagfx graphics/pokemon/girafarig/backf.4bpp graphics/pokemon/girafarig/backf.4bpp.lz
tools/gbagfx/gbagfx graphics/pokemon/girafarig/front.4bpp graphics/pokemon/girafarig/front.4bpp.lz
tools/gbagfx/gbagfx graphics/pokemon/girafarig/frontf.4bpp graphics/pokemon/girafarig/frontf.4bpp.lz
tools/gbagfx/gbagfx graphics/pokemon/girafarig/normal.gbapal graphics/pokemon/girafarig/normal.gbapal.lz
tools/gbagfx/gbagfx graphics/pokemon/girafarig/shiny.gbapal graphics/pokemon/girafarig/shiny.gbapal.lz
tools/gbagfx/gbagfx graphics/pokemon/giratina/back.4bpp graphics/pokemon/giratina/back.4bpp.lz
tools/gbagfx/gbagfx graphics/pokemon/giratina/front.4bpp graphics/pokemon/giratina/front.4bpp.lz
tools/gbagfx/gbagfx graphics/pokemon/giratina/normal.gbapal graphics/pokemon/giratina/normal.gbapal.lz
tools/gbagfx/gbagfx graphics/pokemon/giratina/origin/back.4bpp graphics/pokemon/giratina/origin/back.4bpp.lz
tools/gbagfx/gbagfx graphics/pokemon/giratina/origin/front.4bpp graphics/pokemon/giratina/origin/front.4bpp.lz
tools/gbagfx/gbagfx graphics/pokemon/giratina/origin/normal.gbapal graphics/pokemon/giratina/origin/normal.gbapal.lz
tools/gbagfx/gbagfx graphics/pokemon/giratina/origin/shiny.gbapal graphics/pokemon/giratina/origin/shiny.gbapal.lz
tools/gbagfx/gbagfx graphics/pokemon/giratina/shiny.gbapal graphics/pokemon/giratina/shiny.gbapal.lz
tools/gbagfx/gbagfx graphics/pokemon/glaceon/back.4bpp graphics/pokemon/glaceon/back.4bpp.lz
tools/gbagfx/gbagfx graphics/pokemon/glaceon/front.4bpp graphics/pokemon/glaceon/front.4bpp.lz
tools/gbagfx/gbagfx graphics/pokemon/glaceon/normal.gbapal graphics/pokemon/glaceon/normal.gbapal.lz
tools/gbagfx/gbagfx graphics/pokemon/glaceon/shiny.gbapal graphics/pokemon/glaceon/shiny.gbapal.lz
tools/gbagfx/gbagfx graphics/pokemon/glalie/back.4bpp graphics/pokemon/glalie/back.4bpp.lz
tools/gbagfx/gbagfx graphics/pokemon/glalie/front.4bpp graphics/pokemon/glalie/front.4bpp.lz
tools/gbagfx/gbagfx graphics/pokemon/glalie/mega/back.4bpp graphics/pokemon/glalie/mega/back.4bpp.lz
tools/gbagfx/gbagfx graphics/pokemon/glalie/mega/front.4bpp graphics/pokemon/glalie/mega/front.4bpp.lz
tools/gbagfx/gbagfx graphics/pokemon/glalie/mega/normal.gbapal graphics/pokemon/glalie/mega/normal.gbapal.lz
tools/gbagfx/gbagfx graphics/pokemon/glalie/mega/shiny.gbapal graphics/pokemon/glalie/mega/shiny.gbapal.lz
tools/gbagfx/gbagfx graphics/pokemon/glalie/normal.gbapal graphics/pokemon/glalie/normal.gbapal.lz
tools/gbagfx/gbagfx graphics/pokemon/glalie/shiny.gbapal graphics/pokemon/glalie/shiny.gbapal.lz
tools/gbagfx/gbagfx graphics/pokemon/glameow/back.4bpp graphics/pokemon/glameow/back.4bpp.lz
tools/gbagfx/gbagfx graphics/pokemon/glameow/front.4bpp graphics/pokemon/glameow/front.4bpp.lz
tools/gbagfx/gbagfx graphics/pokemon/glameow/normal.gbapal graphics/pokemon/glameow/normal.gbapal.lz
tools/gbagfx/gbagfx graphics/pokemon/glameow/shiny.gbapal graphics/pokemon/glameow/shiny.gbapal.lz
tools/gbagfx/gbagfx graphics/pokemon/glastrier/back.4bpp graphics/pokemon/glastrier/back.4bpp.lz
tools/gbagfx/gbagfx graphics/pokemon/glastrier/front.4bpp graphics/pokemon/glastrier/front.4bpp.lz
tools/gbagfx/gbagfx graphics/pokemon/glastrier/normal.gbapal graphics/pokemon/glastrier/normal.gbapal.lz
tools/gbagfx/gbagfx graphics/pokemon/glastrier/shiny.gbapal graphics/pokemon/glastrier/shiny.gbapal.lz
tools/gbagfx/gbagfx graphics/pokemon/gligar/back.4bpp graphics/pokemon/gligar/back.4bpp.lz
tools/gbagfx/gbagfx graphics/pokemon/gligar/backf.4bpp graphics/pokemon/gligar/backf.4bpp.lz
tools/gbagfx/gbagfx graphics/pokemon/gligar/front.4bpp graphics/pokemon/gligar/front.4bpp.lz
tools/gbagfx/gbagfx graphics/pokemon/gligar/frontf.4bpp graphics/pokemon/gligar/frontf.4bpp.lz
tools/gbagfx/gbagfx graphics/pokemon/gligar/normal.gbapal graphics/pokemon/gligar/normal.gbapal.lz
tools/gbagfx/gbagfx graphics/pokemon/gligar/shiny.gbapal graphics/pokemon/gligar/shiny.gbapal.lz
tools/gbagfx/gbagfx graphics/pokemon/glimmet/back.4bpp graphics/pokemon/glimmet/back.4bpp.lz
tools/gbagfx/gbagfx graphics/pokemon/glimmet/front.4bpp graphics/pokemon/glimmet/front.4bpp.lz
tools/gbagfx/gbagfx graphics/pokemon/glimmet/normal.gbapal graphics/pokemon/glimmet/normal.gbapal.lz
tools/gbagfx/gbagfx graphics/pokemon/glimmet/shiny.gbapal graphics/pokemon/glimmet/shiny.gbapal.lz
tools/gbagfx/gbagfx graphics/pokemon/glimmora/back.4bpp graphics/pokemon/glimmora/back.4bpp.lz
tools/gbagfx/gbagfx graphics/pokemon/glimmora/front.4bpp graphics/pokemon/glimmora/front.4bpp.lz
tools/gbagfx/gbagfx graphics/pokemon/glimmora/normal.gbapal graphics/pokemon/glimmora/normal.gbapal.lz
tools/gbagfx/gbagfx graphics/pokemon/glimmora/shiny.gbapal graphics/pokemon/glimmora/shiny.gbapal.lz
tools/gbagfx/gbagfx graphics/pokemon/gliscor/back.4bpp graphics/pokemon/gliscor/back.4bpp.lz
tools/gbagfx/gbagfx graphics/pokemon/gliscor/front.4bpp graphics/pokemon/gliscor/front.4bpp.lz
tools/gbagfx/gbagfx graphics/pokemon/gliscor/normal.gbapal graphics/pokemon/gliscor/normal.gbapal.lz
tools/gbagfx/gbagfx graphics/pokemon/gliscor/shiny.gbapal graphics/pokemon/gliscor/shiny.gbapal.lz
tools/gbagfx/gbagfx graphics/pokemon/gloom/back.4bpp graphics/pokemon/gloom/back.4bpp.lz
tools/gbagfx/gbagfx graphics/pokemon/gloom/backf.4bpp graphics/pokemon/gloom/backf.4bpp.lz
tools/gbagfx/gbagfx graphics/pokemon/gloom/front.4bpp graphics/pokemon/gloom/front.4bpp.lz
tools/gbagfx/gbagfx graphics/pokemon/gloom/frontf.4bpp graphics/pokemon/gloom/frontf.4bpp.lz
tools/gbagfx/gbagfx graphics/pokemon/gloom/normal.gbapal graphics/pokemon/gloom/normal.gbapal.lz
tools/gbagfx/gbagfx graphics/pokemon/gloom/shiny.gbapal graphics/pokemon/gloom/shiny.gbapal.lz
tools/gbagfx/gbagfx graphics/pokemon/gogoat/back.4bpp graphics/pokemon/gogoat/back.4bpp.lz
tools/gbagfx/gbagfx graphics/pokemon/gogoat/front.4bpp graphics/pokemon/gogoat/front.4bpp.lz
tools/gbagfx/gbagfx graphics/pokemon/gogoat/normal.gbapal graphics/pokemon/gogoat/normal.gbapal.lz
tools/gbagfx/gbagfx graphics/pokemon/gogoat/shiny.gbapal graphics/pokemon/gogoat/shiny.gbapal.lz
tools/gbagfx/gbagfx graphics/pokemon/golbat/back.4bpp graphics/pokemon/golbat/back.4bpp.lz
tools/gbagfx/gbagfx graphics/pokemon/golbat/backf.4bpp graphics/pokemon/golbat/backf.4bpp.lz
tools/gbagfx/gbagfx graphics/pokemon/golbat/front.4bpp graphics/pokemon/golbat/front.4bpp.lz
tools/gbagfx/gbagfx graphics/pokemon/golbat/frontf.4bpp graphics/pokemon/golbat/frontf.4bpp.lz
tools/gbagfx/gbagfx graphics/pokemon/golbat/normal.gbapal graphics/pokemon/golbat/normal.gbapal.lz
tools/gbagfx/gbagfx graphics/pokemon/golbat/shiny.gbapal graphics/pokemon/golbat/shiny.gbapal.lz
tools/gbagfx/gbagfx graphics/pokemon/goldeen/back.4bpp graphics/pokemon/goldeen/back.4bpp.lz
tools/gbagfx/gbagfx graphics/pokemon/goldeen/backf.4bpp graphics/pokemon/goldeen/backf.4bpp.lz
tools/gbagfx/gbagfx graphics/pokemon/goldeen/front.4bpp graphics/pokemon/goldeen/front.4bpp.lz
tools/gbagfx/gbagfx graphics/pokemon/goldeen/frontf.4bpp graphics/pokemon/goldeen/frontf.4bpp.lz
tools/gbagfx/gbagfx graphics/pokemon/goldeen/normal.gbapal graphics/pokemon/goldeen/normal.gbapal.lz
tools/gbagfx/gbagfx graphics/pokemon/goldeen/shiny.gbapal graphics/pokemon/goldeen/shiny.gbapal.lz
tools/gbagfx/gbagfx graphics/pokemon/golduck/back.4bpp graphics/pokemon/golduck/back.4bpp.lz
tools/gbagfx/gbagfx graphics/pokemon/golduck/front.4bpp graphics/pokemon/golduck/front.4bpp.lz
tools/gbagfx/gbagfx graphics/pokemon/golduck/normal.gbapal graphics/pokemon/golduck/normal.gbapal.lz
tools/gbagfx/gbagfx graphics/pokemon/golduck/shiny.gbapal graphics/pokemon/golduck/shiny.gbapal.lz
tools/gbagfx/gbagfx graphics/pokemon/golem/alolan/back.4bpp graphics/pokemon/golem/alolan/back.4bpp.lz
tools/gbagfx/gbagfx graphics/pokemon/golem/alolan/front.4bpp graphics/pokemon/golem/alolan/front.4bpp.lz
tools/gbagfx/gbagfx graphics/pokemon/golem/alolan/normal.gbapal graphics/pokemon/golem/alolan/normal.gbapal.lz
tools/gbagfx/gbagfx graphics/pokemon/golem/alolan/shiny.gbapal graphics/pokemon/golem/alolan/shiny.gbapal.lz
tools/gbagfx/gbagfx graphics/pokemon/golem/back.4bpp graphics/pokemon/golem/back.4bpp.lz
tools/gbagfx/gbagfx graphics/pokemon/golem/front.4bpp graphics/pokemon/golem/front.4bpp.lz
tools/gbagfx/gbagfx graphics/pokemon/golem/normal.gbapal graphics/pokemon/golem/normal.gbapal.lz
tools/gbagfx/gbagfx graphics/pokemon/golem/shiny.gbapal graphics/pokemon/golem/shiny.gbapal.lz
tools/gbagfx/gbagfx graphics/pokemon/golett/back.4bpp graphics/pokemon/golett/back.4bpp.lz
tools/gbagfx/gbagfx graphics/pokemon/golett/front.4bpp graphics/pokemon/golett/front.4bpp.lz
tools/gbagfx/gbagfx graphics/pokemon/golett/normal.gbapal graphics/pokemon/golett/normal.gbapal.lz
tools/gbagfx/gbagfx graphics/pokemon/golett/shiny.gbapal graphics/pokemon/golett/shiny.gbapal.lz
tools/gbagfx/gbagfx graphics/pokemon/golisopod/back.4bpp graphics/pokemon/golisopod/back.4bpp.lz
tools/gbagfx/gbagfx graphics/pokemon/golisopod/front.4bpp graphics/pokemon/golisopod/front.4bpp.lz
tools/gbagfx/gbagfx graphics/pokemon/golisopod/normal.gbapal graphics/pokemon/golisopod/normal.gbapal.lz
tools/gbagfx/gbagfx graphics/pokemon/golisopod/shiny.gbapal graphics/pokemon/golisopod/shiny.gbapal.lz
tools/gbagfx/gbagfx graphics/pokemon/golurk/back.4bpp graphics/pokemon/golurk/back.4bpp.lz
tools/gbagfx/gbagfx graphics/pokemon/golurk/front.4bpp graphics/pokemon/golurk/front.4bpp.lz
tools/gbagfx/gbagfx graphics/pokemon/golurk/normal.gbapal graphics/pokemon/golurk/normal.gbapal.lz
tools/gbagfx/gbagfx graphics/pokemon/golurk/shiny.gbapal graphics/pokemon/golurk/shiny.gbapal.lz
tools/gbagfx/gbagfx graphics/pokemon/goodra/back.4bpp graphics/pokemon/goodra/back.4bpp.lz
tools/gbagfx/gbagfx graphics/pokemon/goodra/front.4bpp graphics/pokemon/goodra/front.4bpp.lz
tools/gbagfx/gbagfx graphics/pokemon/goodra/hisuian/back.4bpp graphics/pokemon/goodra/hisuian/back.4bpp.lz
tools/gbagfx/gbagfx graphics/pokemon/goodra/hisuian/front.4bpp graphics/pokemon/goodra/hisuian/front.4bpp.lz
tools/gbagfx/gbagfx graphics/pokemon/goodra/hisuian/normal.gbapal graphics/pokemon/goodra/hisuian/normal.gbapal.lz
tools/gbagfx/gbagfx graphics/pokemon/goodra/hisuian/shiny.gbapal graphics/pokemon/goodra/hisuian/shiny.gbapal.lz
tools/gbagfx/gbagfx graphics/pokemon/goodra/normal.gbapal graphics/pokemon/goodra/normal.gbapal.lz
tools/gbagfx/gbagfx graphics/pokemon/goodra/shiny.gbapal graphics/pokemon/goodra/shiny.gbapal.lz
tools/gbagfx/gbagfx graphics/pokemon/goomy/back.4bpp graphics/pokemon/goomy/back.4bpp.lz
tools/gbagfx/gbagfx graphics/pokemon/goomy/front.4bpp graphics/pokemon/goomy/front.4bpp.lz
tools/gbagfx/gbagfx graphics/pokemon/goomy/normal.gbapal graphics/pokemon/goomy/normal.gbapal.lz
tools/gbagfx/gbagfx graphics/pokemon/goomy/shiny.gbapal graphics/pokemon/goomy/shiny.gbapal.lz
tools/gbagfx/gbagfx graphics/pokemon/gorebyss/back.4bpp graphics/pokemon/gorebyss/back.4bpp.lz
tools/gbagfx/gbagfx graphics/pokemon/gorebyss/front.4bpp graphics/pokemon/gorebyss/front.4bpp.lz
tools/gbagfx/gbagfx graphics/pokemon/gorebyss/normal.gbapal graphics/pokemon/gorebyss/normal.gbapal.lz
tools/gbagfx/gbagfx graphics/pokemon/gorebyss/shiny.gbapal graphics/pokemon/gorebyss/shiny.gbapal.lz
tools/gbagfx/gbagfx graphics/pokemon/gossifleur/back.4bpp graphics/pokemon/gossifleur/back.4bpp.lz
tools/gbagfx/gbagfx graphics/pokemon/gossifleur/front.4bpp graphics/pokemon/gossifleur/front.4bpp.lz
tools/gbagfx/gbagfx graphics/pokemon/gossifleur/normal.gbapal graphics/pokemon/gossifleur/normal.gbapal.lz
tools/gbagfx/gbagfx graphics/pokemon/gossifleur/shiny.gbapal graphics/pokemon/gossifleur/shiny.gbapal.lz
tools/gbagfx/gbagfx graphics/pokemon/gothita/back.4bpp graphics/pokemon/gothita/back.4bpp.lz
tools/gbagfx/gbagfx graphics/pokemon/gothita/front.4bpp graphics/pokemon/gothita/front.4bpp.lz
tools/gbagfx/gbagfx graphics/pokemon/gothita/normal.gbapal graphics/pokemon/gothita/normal.gbapal.lz
tools/gbagfx/gbagfx graphics/pokemon/gothita/shiny.gbapal graphics/pokemon/gothita/shiny.gbapal.lz
tools/gbagfx/gbagfx graphics/pokemon/gothitelle/back.4bpp graphics/pokemon/gothitelle/back.4bpp.lz
tools/gbagfx/gbagfx graphics/pokemon/gothitelle/front.4bpp graphics/pokemon/gothitelle/front.4bpp.lz
tools/gbagfx/gbagfx graphics/pokemon/gothitelle/normal.gbapal graphics/pokemon/gothitelle/normal.gbapal.lz
tools/gbagfx/gbagfx graphics/pokemon/gothitelle/shiny.gbapal graphics/pokemon/gothitelle/shiny.gbapal.lz
tools/gbagfx/gbagfx graphics/pokemon/gothorita/back.4bpp graphics/pokemon/gothorita/back.4bpp.lz
tools/gbagfx/gbagfx graphics/pokemon/gothorita/front.4bpp graphics/pokemon/gothorita/front.4bpp.lz
tools/gbagfx/gbagfx graphics/pokemon/gothorita/normal.gbapal graphics/pokemon/gothorita/normal.gbapal.lz
tools/gbagfx/gbagfx graphics/pokemon/gothorita/shiny.gbapal graphics/pokemon/gothorita/shiny.gbapal.lz
tools/gbagfx/gbagfx graphics/pokemon/gouging_fire/back.4bpp graphics/pokemon/gouging_fire/back.4bpp.lz
tools/gbagfx/gbagfx graphics/pokemon/gouging_fire/front.4bpp graphics/pokemon/gouging_fire/front.4bpp.lz
tools/gbagfx/gbagfx graphics/pokemon/gouging_fire/normal.gbapal graphics/pokemon/gouging_fire/normal.gbapal.lz
tools/gbagfx/gbagfx graphics/pokemon/gouging_fire/shiny.gbapal graphics/pokemon/gouging_fire/shiny.gbapal.lz
tools/gbagfx/gbagfx graphics/pokemon/gourgeist/back.4bpp graphics/pokemon/gourgeist/back.4bpp.lz
tools/gbagfx/gbagfx graphics/pokemon/gourgeist/front.4bpp graphics/pokemon/gourgeist/front.4bpp.lz
tools/gbagfx/gbagfx graphics/pokemon/gourgeist/large/back.4bpp graphics/pokemon/gourgeist/large/back.4bpp.lz
tools/gbagfx/gbagfx graphics/pokemon/gourgeist/large/front.4bpp graphics/pokemon/gourgeist/large/front.4bpp.lz
tools/gbagfx/gbagfx graphics/pokemon/gourgeist/normal.gbapal graphics/pokemon/gourgeist/normal.gbapal.lz
tools/gbagfx/gbagfx graphics/pokemon/gourgeist/shiny.gbapal graphics/pokemon/gourgeist/shiny.gbapal.lz
tools/gbagfx/gbagfx graphics/pokemon/gourgeist/small/back.4bpp graphics/pokemon/gourgeist/small/back.4bpp.lz
tools/gbagfx/gbagfx graphics/pokemon/gourgeist/small/front.4bpp graphics/pokemon/gourgeist/small/front.4bpp.lz
tools/gbagfx/gbagfx graphics/pokemon/gourgeist/super/back.4bpp graphics/pokemon/gourgeist/super/back.4bpp.lz
tools/gbagfx/gbagfx graphics/pokemon/gourgeist/super/front.4bpp graphics/pokemon/gourgeist/super/front.4bpp.lz
tools/gbagfx/gbagfx graphics/pokemon/grafaiai/back.4bpp graphics/pokemon/grafaiai/back.4bpp.lz
tools/gbagfx/gbagfx graphics/pokemon/grafaiai/front.4bpp graphics/pokemon/grafaiai/front.4bpp.lz
tools/gbagfx/gbagfx graphics/pokemon/grafaiai/normal.gbapal graphics/pokemon/grafaiai/normal.gbapal.lz
tools/gbagfx/gbagfx graphics/pokemon/grafaiai/shiny.gbapal graphics/pokemon/grafaiai/shiny.gbapal.lz
tools/gbagfx/gbagfx graphics/pokemon/granbull/back.4bpp graphics/pokemon/granbull/back.4bpp.lz
tools/gbagfx/gbagfx graphics/pokemon/granbull/front.4bpp graphics/pokemon/granbull/front.4bpp.lz
tools/gbagfx/gbagfx graphics/pokemon/granbull/normal.gbapal graphics/pokemon/granbull/normal.gbapal.lz
tools/gbagfx/gbagfx graphics/pokemon/granbull/shiny.gbapal graphics/pokemon/granbull/shiny.gbapal.lz
tools/gbagfx/gbagfx graphics/pokemon/grapploct/back.4bpp graphics/pokemon/grapploct/back.4bpp.lz
tools/gbagfx/gbagfx graphics/pokemon/grapploct/front.4bpp graphics/pokemon/grapploct/front.4bpp.lz
tools/gbagfx/gbagfx graphics/pokemon/grapploct/normal.gbapal graphics/pokemon/grapploct/normal.gbapal.lz
tools/gbagfx/gbagfx graphics/pokemon/grapploct/shiny.gbapal graphics/pokemon/grapploct/shiny.gbapal.lz
tools/gbagfx/gbagfx graphics/pokemon/graveler/alolan/back.4bpp graphics/pokemon/graveler/alolan/back.4bpp.lz
tools/gbagfx/gbagfx graphics/pokemon/graveler/alolan/front.4bpp graphics/pokemon/graveler/alolan/front.4bpp.lz
tools/gbagfx/gbagfx graphics/pokemon/graveler/alolan/normal.gbapal graphics/pokemon/graveler/alolan/normal.gbapal.lz
tools/gbagfx/gbagfx graphics/pokemon/graveler/alolan/shiny.gbapal graphics/pokemon/graveler/alolan/shiny.gbapal.lz
tools/gbagfx/gbagfx graphics/pokemon/graveler/back.4bpp graphics/pokemon/graveler/back.4bpp.lz
tools/gbagfx/gbagfx graphics/pokemon/graveler/front.4bpp graphics/pokemon/graveler/front.4bpp.lz
tools/gbagfx/gbagfx graphics/pokemon/graveler/normal.gbapal graphics/pokemon/graveler/normal.gbapal.lz
tools/gbagfx/gbagfx graphics/pokemon/graveler/shiny.gbapal graphics/pokemon/graveler/shiny.gbapal.lz
tools/gbagfx/gbagfx graphics/pokemon/great_tusk/back.4bpp graphics/pokemon/great_tusk/back.4bpp.lz
tools/gbagfx/gbagfx graphics/pokemon/great_tusk/front.4bpp graphics/pokemon/great_tusk/front.4bpp.lz
tools/gbagfx/gbagfx graphics/pokemon/great_tusk/normal.gbapal graphics/pokemon/great_tusk/normal.gbapal.lz
tools/gbagfx/gbagfx graphics/pokemon/great_tusk/shiny.gbapal graphics/pokemon/great_tusk/shiny.gbapal.lz
tools/gbagfx/gbagfx graphics/pokemon/greavard/back.4bpp graphics/pokemon/greavard/back.4bpp.lz
tools/gbagfx/gbagfx graphics/pokemon/greavard/front.4bpp graphics/pokemon/greavard/front.4bpp.lz
tools/gbagfx/gbagfx graphics/pokemon/greavard/normal.gbapal graphics/pokemon/greavard/normal.gbapal.lz
tools/gbagfx/gbagfx graphics/pokemon/greavard/shiny.gbapal graphics/pokemon/greavard/shiny.gbapal.lz
tools/gbagfx/gbagfx graphics/pokemon/greedent/back.4bpp graphics/pokemon/greedent/back.4bpp.lz
tools/gbagfx/gbagfx graphics/pokemon/greedent/front.4bpp graphics/pokemon/greedent/front.4bpp.lz
tools/gbagfx/gbagfx graphics/pokemon/greedent/normal.gbapal graphics/pokemon/greedent/normal.gbapal.lz
tools/gbagfx/gbagfx graphics/pokemon/greedent/shiny.gbapal graphics/pokemon/greedent/shiny.gbapal.lz
tools/gbagfx/gbagfx graphics/pokemon/greninja/ash/back.4bpp graphics/pokemon/greninja/ash/back.4bpp.lz
tools/gbagfx/gbagfx graphics/pokemon/greninja/ash/front.4bpp graphics/pokemon/greninja/ash/front.4bpp.lz
tools/gbagfx/gbagfx graphics/pokemon/greninja/ash/normal.gbapal graphics/pokemon/greninja/ash/normal.gbapal.lz
tools/gbagfx/gbagfx graphics/pokemon/greninja/ash/shiny.gbapal graphics/pokemon/greninja/ash/shiny.gbapal.lz
tools/gbagfx/gbagfx graphics/pokemon/greninja/back.4bpp graphics/pokemon/greninja/back.4bpp.lz
tools/gbagfx/gbagfx graphics/pokemon/greninja/front.4bpp graphics/pokemon/greninja/front.4bpp.lz
tools/gbagfx/gbagfx graphics/pokemon/greninja/normal.gbapal graphics/pokemon/greninja/normal.gbapal.lz
tools/gbagfx/gbagfx graphics/pokemon/greninja/shiny.gbapal graphics/pokemon/greninja/shiny.gbapal.lz
tools/gbagfx/gbagfx graphics/pokemon/grimer/alolan/back.4bpp graphics/pokemon/grimer/alolan/back.4bpp.lz
tools/gbagfx/gbagfx graphics/pokemon/grimer/alolan/front.4bpp graphics/pokemon/grimer/alolan/front.4bpp.lz
tools/gbagfx/gbagfx graphics/pokemon/grimer/alolan/normal.gbapal graphics/pokemon/grimer/alolan/normal.gbapal.lz
tools/gbagfx/gbagfx graphics/pokemon/grimer/alolan/shiny.gbapal graphics/pokemon/grimer/alolan/shiny.gbapal.lz
tools/gbagfx/gbagfx graphics/pokemon/grimer/back.4bpp graphics/pokemon/grimer/back.4bpp.lz
tools/gbagfx/gbagfx graphics/pokemon/grimer/front.4bpp graphics/pokemon/grimer/front.4bpp.lz
tools/gbagfx/gbagfx graphics/pokemon/grimer/normal.gbapal graphics/pokemon/grimer/normal.gbapal.lz
tools/gbagfx/gbagfx graphics/pokemon/grimer/shiny.gbapal graphics/pokemon/grimer/shiny.gbapal.lz
tools/gbagfx/gbagfx graphics/pokemon/grimmsnarl/back.4bpp graphics/pokemon/grimmsnarl/back.4bpp.lz
tools/gbagfx/gbagfx graphics/pokemon/grimmsnarl/front.4bpp graphics/pokemon/grimmsnarl/front.4bpp.lz
tools/gbagfx/gbagfx graphics/pokemon/grimmsnarl/normal.gbapal graphics/pokemon/grimmsnarl/normal.gbapal.lz
tools/gbagfx/gbagfx graphics/pokemon/grimmsnarl/shiny.gbapal graphics/pokemon/grimmsnarl/shiny.gbapal.lz
tools/gbagfx/gbagfx graphics/pokemon/grookey/back.4bpp graphics/pokemon/grookey/back.4bpp.lz
tools/gbagfx/gbagfx graphics/pokemon/grookey/front.4bpp graphics/pokemon/grookey/front.4bpp.lz
tools/gbagfx/gbagfx graphics/pokemon/grookey/normal.gbapal graphics/pokemon/grookey/normal.gbapal.lz
tools/gbagfx/gbagfx graphics/pokemon/grookey/shiny.gbapal graphics/pokemon/grookey/shiny.gbapal.lz
tools/gbagfx/gbagfx graphics/pokemon/grotle/back.4bpp graphics/pokemon/grotle/back.4bpp.lz
tools/gbagfx/gbagfx graphics/pokemon/grotle/front.4bpp graphics/pokemon/grotle/front.4bpp.lz
tools/gbagfx/gbagfx graphics/pokemon/grotle/normal.gbapal graphics/pokemon/grotle/normal.gbapal.lz
tools/gbagfx/gbagfx graphics/pokemon/grotle/shiny.gbapal graphics/pokemon/grotle/shiny.gbapal.lz
tools/gbagfx/gbagfx graphics/pokemon/groudon/back.4bpp graphics/pokemon/groudon/back.4bpp.lz
tools/gbagfx/gbagfx graphics/pokemon/groudon/front.4bpp graphics/pokemon/groudon/front.4bpp.lz
tools/gbagfx/gbagfx graphics/pokemon/groudon/normal.gbapal graphics/pokemon/groudon/normal.gbapal.lz
tools/gbagfx/gbagfx graphics/pokemon/groudon/primal/back.4bpp graphics/pokemon/groudon/primal/back.4bpp.lz
tools/gbagfx/gbagfx graphics/pokemon/groudon/primal/front.4bpp graphics/pokemon/groudon/primal/front.4bpp.lz
tools/gbagfx/gbagfx graphics/pokemon/groudon/primal/normal.gbapal graphics/pokemon/groudon/primal/normal.gbapal.lz
tools/gbagfx/gbagfx graphics/pokemon/groudon/primal/shiny.gbapal graphics/pokemon/groudon/primal/shiny.gbapal.lz
tools/gbagfx/gbagfx graphics/pokemon/groudon/shiny.gbapal graphics/pokemon/groudon/shiny.gbapal.lz
tools/gbagfx/gbagfx graphics/pokemon/grovyle/back.4bpp graphics/pokemon/grovyle/back.4bpp.lz
tools/gbagfx/gbagfx graphics/pokemon/grovyle/front.4bpp graphics/pokemon/grovyle/front.4bpp.lz
tools/gbagfx/gbagfx graphics/pokemon/grovyle/normal.gbapal graphics/pokemon/grovyle/normal.gbapal.lz
tools/gbagfx/gbagfx graphics/pokemon/grovyle/shiny.gbapal graphics/pokemon/grovyle/shiny.gbapal.lz
tools/gbagfx/gbagfx graphics/pokemon/growlithe/back.4bpp graphics/pokemon/growlithe/back.4bpp.lz
tools/gbagfx/gbagfx graphics/pokemon/growlithe/front.4bpp graphics/pokemon/growlithe/front.4bpp.lz
tools/gbagfx/gbagfx graphics/pokemon/growlithe/hisuian/back.4bpp graphics/pokemon/growlithe/hisuian/back.4bpp.lz
tools/gbagfx/gbagfx graphics/pokemon/growlithe/hisuian/front.4bpp graphics/pokemon/growlithe/hisuian/front.4bpp.lz
tools/gbagfx/gbagfx graphics/pokemon/growlithe/hisuian/normal.gbapal graphics/pokemon/growlithe/hisuian/normal.gbapal.lz
tools/gbagfx/gbagfx graphics/pokemon/growlithe/hisuian/shiny.gbapal graphics/pokemon/growlithe/hisuian/shiny.gbapal.lz
tools/gbagfx/gbagfx graphics/pokemon/growlithe/normal.gbapal graphics/pokemon/growlithe/normal.gbapal.lz
tools/gbagfx/gbagfx graphics/pokemon/growlithe/shiny.gbapal graphics/pokemon/growlithe/shiny.gbapal.lz
tools/gbagfx/gbagfx graphics/pokemon/grubbin/back.4bpp graphics/pokemon/grubbin/back.4bpp.lz
tools/gbagfx/gbagfx graphics/pokemon/grubbin/front.4bpp graphics/pokemon/grubbin/front.4bpp.lz
tools/gbagfx/gbagfx graphics/pokemon/grubbin/normal.gbapal graphics/pokemon/grubbin/normal.gbapal.lz
tools/gbagfx/gbagfx graphics/pokemon/grubbin/shiny.gbapal graphics/pokemon/grubbin/shiny.gbapal.lz
tools/gbagfx/gbagfx graphics/pokemon/grumpig/back.4bpp graphics/pokemon/grumpig/back.4bpp.lz
tools/gbagfx/gbagfx graphics/pokemon/grumpig/front.4bpp graphics/pokemon/grumpig/front.4bpp.lz
tools/gbagfx/gbagfx graphics/pokemon/grumpig/normal.gbapal graphics/pokemon/grumpig/normal.gbapal.lz
tools/gbagfx/gbagfx graphics/pokemon/grumpig/shiny.gbapal graphics/pokemon/grumpig/shiny.gbapal.lz
tools/gbagfx/gbagfx graphics/pokemon/gulpin/back.4bpp graphics/pokemon/gulpin/back.4bpp.lz
tools/gbagfx/gbagfx graphics/pokemon/gulpin/backf.4bpp graphics/pokemon/gulpin/backf.4bpp.lz
tools/gbagfx/gbagfx graphics/pokemon/gulpin/front.4bpp graphics/pokemon/gulpin/front.4bpp.lz
tools/gbagfx/gbagfx graphics/pokemon/gulpin/frontf.4bpp graphics/pokemon/gulpin/frontf.4bpp.lz
tools/gbagfx/gbagfx graphics/pokemon/gulpin/normal.gbapal graphics/pokemon/gulpin/normal.gbapal.lz
tools/gbagfx/gbagfx graphics/pokemon/gulpin/shiny.gbapal graphics/pokemon/gulpin/shiny.gbapal.lz
tools/gbagfx/gbagfx graphics/pokemon/gumshoos/back.4bpp graphics/pokemon/gumshoos/back.4bpp.lz
tools/gbagfx/gbagfx graphics/pokemon/gumshoos/front.4bpp graphics/pokemon/gumshoos/front.4bpp.lz
tools/gbagfx/gbagfx graphics/pokemon/gumshoos/normal.gbapal graphics/pokemon/gumshoos/normal.gbapal.lz
tools/gbagfx/gbagfx graphics/pokemon/gumshoos/shiny.gbapal graphics/pokemon/gumshoos/shiny.gbapal.lz
tools/gbagfx/gbagfx graphics/pokemon/gurdurr/back.4bpp graphics/pokemon/gurdurr/back.4bpp.lz
tools/gbagfx/gbagfx graphics/pokemon/gurdurr/front.4bpp graphics/pokemon/gurdurr/front.4bpp.lz
tools/gbagfx/gbagfx graphics/pokemon/gurdurr/normal.gbapal graphics/pokemon/gurdurr/normal.gbapal.lz
tools/gbagfx/gbagfx graphics/pokemon/gurdurr/shiny.gbapal graphics/pokemon/gurdurr/shiny.gbapal.lz
tools/gbagfx/gbagfx graphics/pokemon/guzzlord/back.4bpp graphics/pokemon/guzzlord/back.4bpp.lz
tools/gbagfx/gbagfx graphics/pokemon/guzzlord/front.4bpp graphics/pokemon/guzzlord/front.4bpp.lz
tools/gbagfx/gbagfx graphics/pokemon/guzzlord/normal.gbapal graphics/pokemon/guzzlord/normal.gbapal.lz
tools/gbagfx/gbagfx graphics/pokemon/guzzlord/shiny.gbapal graphics/pokemon/guzzlord/shiny.gbapal.lz
tools/gbagfx/gbagfx graphics/pokemon/gyarados/back.4bpp graphics/pokemon/gyarados/back.4bpp.lz
tools/gbagfx/gbagfx graphics/pokemon/gyarados/backf.4bpp graphics/pokemon/gyarados/backf.4bpp.lz
tools/gbagfx/gbagfx graphics/pokemon/gyarados/front.4bpp graphics/pokemon/gyarados/front.4bpp.lz
tools/gbagfx/gbagfx graphics/pokemon/gyarados/frontf.4bpp graphics/pokemon/gyarados/frontf.4bpp.lz
tools/gbagfx/gbagfx graphics/pokemon/gyarados/mega/back.4bpp graphics/pokemon/gyarados/mega/back.4bpp.lz
tools/gbagfx/gbagfx graphics/pokemon/gyarados/mega/front.4bpp graphics/pokemon/gyarados/mega/front.4bpp.lz
tools/gbagfx/gbagfx graphics/pokemon/gyarados/mega/normal.gbapal graphics/pokemon/gyarados/mega/normal.gbapal.lz
tools/gbagfx/gbagfx graphics/pokemon/gyarados/mega/shiny.gbapal graphics/pokemon/gyarados/mega/shiny.gbapal.lz
tools/gbagfx/gbagfx graphics/pokemon/gyarados/normal.gbapal graphics/pokemon/gyarados/normal.gbapal.lz
tools/gbagfx/gbagfx graphics/pokemon/gyarados/shiny.gbapal graphics/pokemon/gyarados/shiny.gbapal.lz
tools/gbagfx/gbagfx graphics/pokemon/hakamo_o/back.4bpp graphics/pokemon/hakamo_o/back.4bpp.lz
tools/gbagfx/gbagfx graphics/pokemon/hakamo_o/front.4bpp graphics/pokemon/hakamo_o/front.4bpp.lz
tools/gbagfx/gbagfx graphics/pokemon/hakamo_o/normal.gbapal graphics/pokemon/hakamo_o/normal.gbapal.lz
tools/gbagfx/gbagfx graphics/pokemon/hakamo_o/shiny.gbapal graphics/pokemon/hakamo_o/shiny.gbapal.lz
tools/gbagfx/gbagfx graphics/pokemon/happiny/back.4bpp graphics/pokemon/happiny/back.4bpp.lz
tools/gbagfx/gbagfx graphics/pokemon/happiny/front.4bpp graphics/pokemon/happiny/front.4bpp.lz
tools/gbagfx/gbagfx graphics/pokemon/happiny/normal.gbapal graphics/pokemon/happiny/normal.gbapal.lz
tools/gbagfx/gbagfx graphics/pokemon/happiny/shiny.gbapal graphics/pokemon/happiny/shiny.gbapal.lz
tools/gbagfx/gbagfx graphics/pokemon/hariyama/back.4bpp graphics/pokemon/hariyama/back.4bpp.lz
tools/gbagfx/gbagfx graphics/pokemon/hariyama/front.4bpp graphics/pokemon/hariyama/front.4bpp.lz
tools/gbagfx/gbagfx graphics/pokemon/hariyama/normal.gbapal graphics/pokemon/hariyama/normal.gbapal.lz
tools/gbagfx/gbagfx graphics/pokemon/hariyama/shiny.gbapal graphics/pokemon/hariyama/shiny.gbapal.lz
tools/gbagfx/gbagfx graphics/pokemon/hatenna/back.4bpp graphics/pokemon/hatenna/back.4bpp.lz
tools/gbagfx/gbagfx graphics/pokemon/hatenna/front.4bpp graphics/pokemon/hatenna/front.4bpp.lz
tools/gbagfx/gbagfx graphics/pokemon/hatenna/normal.gbapal graphics/pokemon/hatenna/normal.gbapal.lz
tools/gbagfx/gbagfx graphics/pokemon/hatenna/shiny.gbapal graphics/pokemon/hatenna/shiny.gbapal.lz
tools/gbagfx/gbagfx graphics/pokemon/hatterene/back.4bpp graphics/pokemon/hatterene/back.4bpp.lz
tools/gbagfx/gbagfx graphics/pokemon/hatterene/front.4bpp graphics/pokemon/hatterene/front.4bpp.lz
tools/gbagfx/gbagfx graphics/pokemon/hatterene/normal.gbapal graphics/pokemon/hatterene/normal.gbapal.lz
tools/gbagfx/gbagfx graphics/pokemon/hatterene/shiny.gbapal graphics/pokemon/hatterene/shiny.gbapal.lz
tools/gbagfx/gbagfx graphics/pokemon/hattrem/back.4bpp graphics/pokemon/hattrem/back.4bpp.lz
tools/gbagfx/gbagfx graphics/pokemon/hattrem/front.4bpp graphics/pokemon/hattrem/front.4bpp.lz
tools/gbagfx/gbagfx graphics/pokemon/hattrem/normal.gbapal graphics/pokemon/hattrem/normal.gbapal.lz
tools/gbagfx/gbagfx graphics/pokemon/hattrem/shiny.gbapal graphics/pokemon/hattrem/shiny.gbapal.lz
tools/gbagfx/gbagfx graphics/pokemon/haunter/back.4bpp graphics/pokemon/haunter/back.4bpp.lz
tools/gbagfx/gbagfx graphics/pokemon/haunter/front.4bpp graphics/pokemon/haunter/front.4bpp.lz
tools/gbagfx/gbagfx graphics/pokemon/haunter/normal.gbapal graphics/pokemon/haunter/normal.gbapal.lz
tools/gbagfx/gbagfx graphics/pokemon/haunter/shiny.gbapal graphics/pokemon/haunter/shiny.gbapal.lz
tools/gbagfx/gbagfx graphics/pokemon/hawlucha/back.4bpp graphics/pokemon/hawlucha/back.4bpp.lz
tools/gbagfx/gbagfx graphics/pokemon/hawlucha/front.4bpp graphics/pokemon/hawlucha/front.4bpp.lz
tools/gbagfx/gbagfx graphics/pokemon/hawlucha/normal.gbapal graphics/pokemon/hawlucha/normal.gbapal.lz
tools/gbagfx/gbagfx graphics/pokemon/hawlucha/shiny.gbapal graphics/pokemon/hawlucha/shiny.gbapal.lz
tools/gbagfx/gbagfx graphics/pokemon/haxorus/back.4bpp graphics/pokemon/haxorus/back.4bpp.lz
tools/gbagfx/gbagfx graphics/pokemon/haxorus/front.4bpp graphics/pokemon/haxorus/front.4bpp.lz
tools/gbagfx/gbagfx graphics/pokemon/haxorus/normal.gbapal graphics/pokemon/haxorus/normal.gbapal.lz
tools/gbagfx/gbagfx graphics/pokemon/haxorus/shiny.gbapal graphics/pokemon/haxorus/shiny.gbapal.lz
tools/gbagfx/gbagfx graphics/pokemon/heatmor/back.4bpp graphics/pokemon/heatmor/back.4bpp.lz
tools/gbagfx/gbagfx graphics/pokemon/heatmor/front.4bpp graphics/pokemon/heatmor/front.4bpp.lz
tools/gbagfx/gbagfx graphics/pokemon/heatmor/normal.gbapal graphics/pokemon/heatmor/normal.gbapal.lz
tools/gbagfx/gbagfx graphics/pokemon/heatmor/shiny.gbapal graphics/pokemon/heatmor/shiny.gbapal.lz
tools/gbagfx/gbagfx graphics/pokemon/heatran/back.4bpp graphics/pokemon/heatran/back.4bpp.lz
tools/gbagfx/gbagfx graphics/pokemon/heatran/front.4bpp graphics/pokemon/heatran/front.4bpp.lz
tools/gbagfx/gbagfx graphics/pokemon/heatran/normal.gbapal graphics/pokemon/heatran/normal.gbapal.lz
tools/gbagfx/gbagfx graphics/pokemon/heatran/shiny.gbapal graphics/pokemon/heatran/shiny.gbapal.lz
tools/gbagfx/gbagfx graphics/pokemon/heliolisk/back.4bpp graphics/pokemon/heliolisk/back.4bpp.lz
tools/gbagfx/gbagfx graphics/pokemon/heliolisk/front.4bpp graphics/pokemon/heliolisk/front.4bpp.lz
tools/gbagfx/gbagfx graphics/pokemon/heliolisk/normal.gbapal graphics/pokemon/heliolisk/normal.gbapal.lz
tools/gbagfx/gbagfx graphics/pokemon/heliolisk/shiny.gbapal graphics/pokemon/heliolisk/shiny.gbapal.lz
tools/gbagfx/gbagfx graphics/pokemon/helioptile/back.4bpp graphics/pokemon/helioptile/back.4bpp.lz
tools/gbagfx/gbagfx graphics/pokemon/helioptile/front.4bpp graphics/pokemon/helioptile/front.4bpp.lz
tools/gbagfx/gbagfx graphics/pokemon/helioptile/normal.gbapal graphics/pokemon/helioptile/normal.gbapal.lz
tools/gbagfx/gbagfx graphics/pokemon/helioptile/shiny.gbapal graphics/pokemon/helioptile/shiny.gbapal.lz
tools/gbagfx/gbagfx graphics/pokemon/heracross/back.4bpp graphics/pokemon/heracross/back.4bpp.lz
tools/gbagfx/gbagfx graphics/pokemon/heracross/backf.4bpp graphics/pokemon/heracross/backf.4bpp.lz
tools/gbagfx/gbagfx graphics/pokemon/heracross/front.4bpp graphics/pokemon/heracross/front.4bpp.lz
tools/gbagfx/gbagfx graphics/pokemon/heracross/frontf.4bpp graphics/pokemon/heracross/frontf.4bpp.lz
tools/gbagfx/gbagfx graphics/pokemon/heracross/mega/back.4bpp graphics/pokemon/heracross/mega/back.4bpp.lz
tools/gbagfx/gbagfx graphics/pokemon/heracross/mega/front.4bpp graphics/pokemon/heracross/mega/front.4bpp.lz
tools/gbagfx/gbagfx graphics/pokemon/heracross/mega/normal.gbapal graphics/pokemon/heracross/mega/normal.gbapal.lz
tools/gbagfx/gbagfx graphics/pokemon/heracross/mega/shiny.gbapal graphics/pokemon/heracross/mega/shiny.gbapal.lz
tools/gbagfx/gbagfx graphics/pokemon/heracross/normal.gbapal graphics/pokemon/heracross/normal.gbapal.lz
tools/gbagfx/gbagfx graphics/pokemon/heracross/shiny.gbapal graphics/pokemon/heracross/shiny.gbapal.lz
tools/gbagfx/gbagfx graphics/pokemon/herdier/back.4bpp graphics/pokemon/herdier/back.4bpp.lz
tools/gbagfx/gbagfx graphics/pokemon/herdier/front.4bpp graphics/pokemon/herdier/front.4bpp.lz
tools/gbagfx/gbagfx graphics/pokemon/herdier/normal.gbapal graphics/pokemon/herdier/normal.gbapal.lz
tools/gbagfx/gbagfx graphics/pokemon/herdier/shiny.gbapal graphics/pokemon/herdier/shiny.gbapal.lz
tools/gbagfx/gbagfx graphics/pokemon/hippopotas/back.4bpp graphics/pokemon/hippopotas/back.4bpp.lz
tools/gbagfx/gbagfx graphics/pokemon/hippopotas/backf.4bpp graphics/pokemon/hippopotas/backf.4bpp.lz
tools/gbagfx/gbagfx graphics/pokemon/hippopotas/front.4bpp graphics/pokemon/hippopotas/front.4bpp.lz
tools/gbagfx/gbagfx graphics/pokemon/hippopotas/frontf.4bpp graphics/pokemon/hippopotas/frontf.4bpp.lz
tools/gbagfx/gbagfx graphics/pokemon/hippopotas/normal.gbapal graphics/pokemon/hippopotas/normal.gbapal.lz
tools/gbagfx/gbagfx graphics/pokemon/hippopotas/shiny.gbapal graphics/pokemon/hippopotas/shiny.gbapal.lz
tools/gbagfx/gbagfx graphics/pokemon/hippowdon/back.4bpp graphics/pokemon/hippowdon/back.4bpp.lz
tools/gbagfx/gbagfx graphics/pokemon/hippowdon/backf.4bpp graphics/pokemon/hippowdon/backf.4bpp.lz
tools/gbagfx/gbagfx graphics/pokemon/hippowdon/front.4bpp graphics/pokemon/hippowdon/front.4bpp.lz
tools/gbagfx/gbagfx graphics/pokemon/hippowdon/frontf.4bpp graphics/pokemon/hippowdon/frontf.4bpp.lz
tools/gbagfx/gbagfx graphics/pokemon/hippowdon/normal.gbapal graphics/pokemon/hippowdon/normal.gbapal.lz
tools/gbagfx/gbagfx graphics/pokemon/hippowdon/shiny.gbapal graphics/pokemon/hippowdon/shiny.gbapal.lz
tools/gbagfx/gbagfx graphics/pokemon/hitmonchan/back.4bpp graphics/pokemon/hitmonchan/back.4bpp.lz
tools/gbagfx/gbagfx graphics/pokemon/hitmonchan/front.4bpp graphics/pokemon/hitmonchan/front.4bpp.lz
tools/gbagfx/gbagfx graphics/pokemon/hitmonchan/normal.gbapal graphics/pokemon/hitmonchan/normal.gbapal.lz
tools/gbagfx/gbagfx graphics/pokemon/hitmonchan/shiny.gbapal graphics/pokemon/hitmonchan/shiny.gbapal.lz
tools/gbagfx/gbagfx graphics/pokemon/hitmonlee/back.4bpp graphics/pokemon/hitmonlee/back.4bpp.lz
tools/gbagfx/gbagfx graphics/pokemon/hitmonlee/front.4bpp graphics/pokemon/hitmonlee/front.4bpp.lz
tools/gbagfx/gbagfx graphics/pokemon/hitmonlee/normal.gbapal graphics/pokemon/hitmonlee/normal.gbapal.lz
tools/gbagfx/gbagfx graphics/pokemon/hitmonlee/shiny.gbapal graphics/pokemon/hitmonlee/shiny.gbapal.lz
tools/gbagfx/gbagfx graphics/pokemon/hitmontop/back.4bpp graphics/pokemon/hitmontop/back.4bpp.lz
tools/gbagfx/gbagfx graphics/pokemon/hitmontop/front.4bpp graphics/pokemon/hitmontop/front.4bpp.lz
tools/gbagfx/gbagfx graphics/pokemon/hitmontop/normal.gbapal graphics/pokemon/hitmontop/normal.gbapal.lz
tools/gbagfx/gbagfx graphics/pokemon/hitmontop/shiny.gbapal graphics/pokemon/hitmontop/shiny.gbapal.lz
tools/gbagfx/gbagfx graphics/pokemon/ho_oh/back.4bpp graphics/pokemon/ho_oh/back.4bpp.lz
tools/gbagfx/gbagfx graphics/pokemon/ho_oh/front.4bpp graphics/pokemon/ho_oh/front.4bpp.lz
tools/gbagfx/gbagfx graphics/pokemon/ho_oh/normal.gbapal graphics/pokemon/ho_oh/normal.gbapal.lz
tools/gbagfx/gbagfx graphics/pokemon/ho_oh/shiny.gbapal graphics/pokemon/ho_oh/shiny.gbapal.lz
tools/gbagfx/gbagfx graphics/pokemon/honchkrow/back.4bpp graphics/pokemon/honchkrow/back.4bpp.lz
tools/gbagfx/gbagfx graphics/pokemon/honchkrow/front.4bpp graphics/pokemon/honchkrow/front.4bpp.lz
tools/gbagfx/gbagfx graphics/pokemon/honchkrow/normal.gbapal graphics/pokemon/honchkrow/normal.gbapal.lz
tools/gbagfx/gbagfx graphics/pokemon/honchkrow/shiny.gbapal graphics/pokemon/honchkrow/shiny.gbapal.lz
tools/gbagfx/gbagfx graphics/pokemon/honedge/back.4bpp graphics/pokemon/honedge/back.4bpp.lz
tools/gbagfx/gbagfx graphics/pokemon/honedge/front.4bpp graphics/pokemon/honedge/front.4bpp.lz
tools/gbagfx/gbagfx graphics/pokemon/honedge/normal.gbapal graphics/pokemon/honedge/normal.gbapal.lz
tools/gbagfx/gbagfx graphics/pokemon/honedge/shiny.gbapal graphics/pokemon/honedge/shiny.gbapal.lz
tools/gbagfx/gbagfx graphics/pokemon/hoopa/back.4bpp graphics/pokemon/hoopa/back.4bpp.lz
tools/gbagfx/gbagfx graphics/pokemon/hoopa/front.4bpp graphics/pokemon/hoopa/front.4bpp.lz
tools/gbagfx/gbagfx graphics/pokemon/hoopa/normal.gbapal graphics/pokemon/hoopa/normal.gbapal.lz
tools/gbagfx/gbagfx graphics/pokemon/hoopa/shiny.gbapal graphics/pokemon/hoopa/shiny.gbapal.lz
tools/gbagfx/gbagfx graphics/pokemon/hoopa/unbound/back.4bpp graphics/pokemon/hoopa/unbound/back.4bpp.lz
tools/gbagfx/gbagfx graphics/pokemon/hoopa/unbound/front.4bpp graphics/pokemon/hoopa/unbound/front.4bpp.lz
tools/gbagfx/gbagfx graphics/pokemon/hoopa/unbound/normal.gbapal graphics/pokemon/hoopa/unbound/normal.gbapal.lz
tools/gbagfx/gbagfx graphics/pokemon/hoopa/unbound/shiny.gbapal graphics/pokemon/hoopa/unbound/shiny.gbapal.lz
tools/gbagfx/gbagfx graphics/pokemon/hoothoot/back.4bpp graphics/pokemon/hoothoot/back.4bpp.lz
tools/gbagfx/gbagfx graphics/pokemon/hoothoot/front.4bpp graphics/pokemon/hoothoot/front.4bpp.lz
tools/gbagfx/gbagfx graphics/pokemon/hoothoot/normal.gbapal graphics/pokemon/hoothoot/normal.gbapal.lz
tools/gbagfx/gbagfx graphics/pokemon/hoothoot/shiny.gbapal graphics/pokemon/hoothoot/shiny.gbapal.lz
tools/gbagfx/gbagfx graphics/pokemon/hoppip/back.4bpp graphics/pokemon/hoppip/back.4bpp.lz
tools/gbagfx/gbagfx graphics/pokemon/hoppip/front.4bpp graphics/pokemon/hoppip/front.4bpp.lz
tools/gbagfx/gbagfx graphics/pokemon/hoppip/normal.gbapal graphics/pokemon/hoppip/normal.gbapal.lz
tools/gbagfx/gbagfx graphics/pokemon/hoppip/shiny.gbapal graphics/pokemon/hoppip/shiny.gbapal.lz
tools/gbagfx/gbagfx graphics/pokemon/horsea/back.4bpp graphics/pokemon/horsea/back.4bpp.lz
tools/gbagfx/gbagfx graphics/pokemon/horsea/front.4bpp graphics/pokemon/horsea/front.4bpp.lz
tools/gbagfx/gbagfx graphics/pokemon/horsea/normal.gbapal graphics/pokemon/horsea/normal.gbapal.lz
tools/gbagfx/gbagfx graphics/pokemon/horsea/shiny.gbapal graphics/pokemon/horsea/shiny.gbapal.lz
tools/gbagfx/gbagfx graphics/pokemon/houndoom/back.4bpp graphics/pokemon/houndoom/back.4bpp.lz
tools/gbagfx/gbagfx graphics/pokemon/houndoom/backf.4bpp graphics/pokemon/houndoom/backf.4bpp.lz
tools/gbagfx/gbagfx graphics/pokemon/houndoom/front.4bpp graphics/pokemon/houndoom/front.4bpp.lz
tools/gbagfx/gbagfx graphics/pokemon/houndoom/frontf.4bpp graphics/pokemon/houndoom/frontf.4bpp.lz
tools/gbagfx/gbagfx graphics/pokemon/houndoom/mega/back.4bpp graphics/pokemon/houndoom/mega/back.4bpp.lz
tools/gbagfx/gbagfx graphics/pokemon/houndoom/mega/front.4bpp graphics/pokemon/houndoom/mega/front.4bpp.lz
tools/gbagfx/gbagfx graphics/pokemon/houndoom/mega/normal.gbapal graphics/pokemon/houndoom/mega/normal.gbapal.lz
tools/gbagfx/gbagfx graphics/pokemon/houndoom/mega/shiny.gbapal graphics/pokemon/houndoom/mega/shiny.gbapal.lz
tools/gbagfx/gbagfx graphics/pokemon/houndoom/normal.gbapal graphics/pokemon/houndoom/normal.gbapal.lz
tools/gbagfx/gbagfx graphics/pokemon/houndoom/shiny.gbapal graphics/pokemon/houndoom/shiny.gbapal.lz
tools/gbagfx/gbagfx graphics/pokemon/houndour/back.4bpp graphics/pokemon/houndour/back.4bpp.lz
tools/gbagfx/gbagfx graphics/pokemon/houndour/front.4bpp graphics/pokemon/houndour/front.4bpp.lz
tools/gbagfx/gbagfx graphics/pokemon/houndour/normal.gbapal graphics/pokemon/houndour/normal.gbapal.lz
tools/gbagfx/gbagfx graphics/pokemon/houndour/shiny.gbapal graphics/pokemon/houndour/shiny.gbapal.lz
tools/gbagfx/gbagfx graphics/pokemon/houndstone/back.4bpp graphics/pokemon/houndstone/back.4bpp.lz
tools/gbagfx/gbagfx graphics/pokemon/houndstone/front.4bpp graphics/pokemon/houndstone/front.4bpp.lz
tools/gbagfx/gbagfx graphics/pokemon/houndstone/normal.gbapal graphics/pokemon/houndstone/normal.gbapal.lz
tools/gbagfx/gbagfx graphics/pokemon/houndstone/shiny.gbapal graphics/pokemon/houndstone/shiny.gbapal.lz
tools/gbagfx/gbagfx graphics/pokemon/huntail/back.4bpp graphics/pokemon/huntail/back.4bpp.lz
tools/gbagfx/gbagfx graphics/pokemon/huntail/front.4bpp graphics/pokemon/huntail/front.4bpp.lz
tools/gbagfx/gbagfx graphics/pokemon/huntail/normal.gbapal graphics/pokemon/huntail/normal.gbapal.lz
tools/gbagfx/gbagfx graphics/pokemon/huntail/shiny.gbapal graphics/pokemon/huntail/shiny.gbapal.lz
tools/gbagfx/gbagfx graphics/pokemon/hydrapple/back.4bpp graphics/pokemon/hydrapple/back.4bpp.lz
tools/gbagfx/gbagfx graphics/pokemon/hydrapple/front.4bpp graphics/pokemon/hydrapple/front.4bpp.lz
tools/gbagfx/gbagfx graphics/pokemon/hydrapple/normal.gbapal graphics/pokemon/hydrapple/normal.gbapal.lz
tools/gbagfx/gbagfx graphics/pokemon/hydrapple/shiny.gbapal graphics/pokemon/hydrapple/shiny.gbapal.lz
tools/gbagfx/gbagfx graphics/pokemon/hydreigon/back.4bpp graphics/pokemon/hydreigon/back.4bpp.lz
tools/gbagfx/gbagfx graphics/pokemon/hydreigon/front.4bpp graphics/pokemon/hydreigon/front.4bpp.lz
tools/gbagfx/gbagfx graphics/pokemon/hydreigon/normal.gbapal graphics/pokemon/hydreigon/normal.gbapal.lz
tools/gbagfx/gbagfx graphics/pokemon/hydreigon/shiny.gbapal graphics/pokemon/hydreigon/shiny.gbapal.lz
tools/gbagfx/gbagfx graphics/pokemon/hypno/back.4bpp graphics/pokemon/hypno/back.4bpp.lz
tools/gbagfx/gbagfx graphics/pokemon/hypno/backf.4bpp graphics/pokemon/hypno/backf.4bpp.lz
tools/gbagfx/gbagfx graphics/pokemon/hypno/front.4bpp graphics/pokemon/hypno/front.4bpp.lz
tools/gbagfx/gbagfx graphics/pokemon/hypno/frontf.4bpp graphics/pokemon/hypno/frontf.4bpp.lz
tools/gbagfx/gbagfx graphics/pokemon/hypno/normal.gbapal graphics/pokemon/hypno/normal.gbapal.lz
tools/gbagfx/gbagfx graphics/pokemon/hypno/shiny.gbapal graphics/pokemon/hypno/shiny.gbapal.lz
tools/gbagfx/gbagfx graphics/pokemon/igglybuff/back.4bpp graphics/pokemon/igglybuff/back.4bpp.lz
tools/gbagfx/gbagfx graphics/pokemon/igglybuff/front.4bpp graphics/pokemon/igglybuff/front.4bpp.lz
tools/gbagfx/gbagfx graphics/pokemon/igglybuff/normal.gbapal graphics/pokemon/igglybuff/normal.gbapal.lz
tools/gbagfx/gbagfx graphics/pokemon/igglybuff/shiny.gbapal graphics/pokemon/igglybuff/shiny.gbapal.lz
tools/gbagfx/gbagfx graphics/pokemon/illumise/back.4bpp graphics/pokemon/illumise/back.4bpp.lz
tools/gbagfx/gbagfx graphics/pokemon/illumise/front.4bpp graphics/pokemon/illumise/front.4bpp.lz
tools/gbagfx/gbagfx graphics/pokemon/illumise/normal.gbapal graphics/pokemon/illumise/normal.gbapal.lz
tools/gbagfx/gbagfx graphics/pokemon/illumise/shiny.gbapal graphics/pokemon/illumise/shiny.gbapal.lz
tools/gbagfx/gbagfx graphics/pokemon/impidimp/back.4bpp graphics/pokemon/impidimp/back.4bpp.lz
tools/gbagfx/gbagfx graphics/pokemon/impidimp/front.4bpp graphics/pokemon/impidimp/front.4bpp.lz
tools/gbagfx/gbagfx graphics/pokemon/impidimp/normal.gbapal graphics/pokemon/impidimp/normal.gbapal.lz
tools/gbagfx/gbagfx graphics/pokemon/impidimp/shiny.gbapal graphics/pokemon/impidimp/shiny.gbapal.lz
tools/gbagfx/gbagfx graphics/pokemon/incineroar/back.4bpp graphics/pokemon/incineroar/back.4bpp.lz
tools/gbagfx/gbagfx graphics/pokemon/incineroar/front.4bpp graphics/pokemon/incineroar/front.4bpp.lz
tools/gbagfx/gbagfx graphics/pokemon/incineroar/normal.gbapal graphics/pokemon/incineroar/normal.gbapal.lz
tools/gbagfx/gbagfx graphics/pokemon/incineroar/shiny.gbapal graphics/pokemon/incineroar/shiny.gbapal.lz
tools/gbagfx/gbagfx graphics/pokemon/indeedee/back.4bpp graphics/pokemon/indeedee/back.4bpp.lz
tools/gbagfx/gbagfx graphics/pokemon/indeedee/female/back.4bpp graphics/pokemon/indeedee/female/back.4bpp.lz
tools/gbagfx/gbagfx graphics/pokemon/indeedee/female/front.4bpp graphics/pokemon/indeedee/female/front.4bpp.lz
tools/gbagfx/gbagfx graphics/pokemon/indeedee/female/normal.gbapal graphics/pokemon/indeedee/female/normal.gbapal.lz
tools/gbagfx/gbagfx graphics/pokemon/indeedee/female/shiny.gbapal graphics/pokemon/indeedee/female/shiny.gbapal.lz
tools/gbagfx/gbagfx graphics/pokemon/indeedee/front.4bpp graphics/pokemon/indeedee/front.4bpp.lz
tools/gbagfx/gbagfx graphics/pokemon/indeedee/normal.gbapal graphics/pokemon/indeedee/normal.gbapal.lz
tools/gbagfx/gbagfx graphics/pokemon/indeedee/shiny.gbapal graphics/pokemon/indeedee/shiny.gbapal.lz
tools/gbagfx/gbagfx graphics/pokemon/infernape/back.4bpp graphics/pokemon/infernape/back.4bpp.lz
tools/gbagfx/gbagfx graphics/pokemon/infernape/front.4bpp graphics/pokemon/infernape/front.4bpp.lz
tools/gbagfx/gbagfx graphics/pokemon/infernape/normal.gbapal graphics/pokemon/infernape/normal.gbapal.lz
tools/gbagfx/gbagfx graphics/pokemon/infernape/shiny.gbapal graphics/pokemon/infernape/shiny.gbapal.lz
tools/gbagfx/gbagfx graphics/pokemon/inkay/back.4bpp graphics/pokemon/inkay/back.4bpp.lz
tools/gbagfx/gbagfx graphics/pokemon/inkay/front.4bpp graphics/pokemon/inkay/front.4bpp.lz
tools/gbagfx/gbagfx graphics/pokemon/inkay/normal.gbapal graphics/pokemon/inkay/normal.gbapal.lz
tools/gbagfx/gbagfx graphics/pokemon/inkay/shiny.gbapal graphics/pokemon/inkay/shiny.gbapal.lz
tools/gbagfx/gbagfx graphics/pokemon/inteleon/back.4bpp graphics/pokemon/inteleon/back.4bpp.lz
tools/gbagfx/gbagfx graphics/pokemon/inteleon/front.4bpp graphics/pokemon/inteleon/front.4bpp.lz
tools/gbagfx/gbagfx graphics/pokemon/inteleon/normal.gbapal graphics/pokemon/inteleon/normal.gbapal.lz
tools/gbagfx/gbagfx graphics/pokemon/inteleon/shiny.gbapal graphics/pokemon/inteleon/shiny.gbapal.lz
tools/gbagfx/gbagfx graphics/pokemon/iron_boulder/back.4bpp graphics/pokemon/iron_boulder/back.4bpp.lz
tools/gbagfx/gbagfx graphics/pokemon/iron_boulder/front.4bpp graphics/pokemon/iron_boulder/front.4bpp.lz
tools/gbagfx/gbagfx graphics/pokemon/iron_boulder/normal.gbapal graphics/pokemon/iron_boulder/normal.gbapal.lz
tools/gbagfx/gbagfx graphics/pokemon/iron_boulder/shiny.gbapal graphics/pokemon/iron_boulder/shiny.gbapal.lz
tools/gbagfx/gbagfx graphics/pokemon/iron_bundle/back.4bpp graphics/pokemon/iron_bundle/back.4bpp.lz
tools/gbagfx/gbagfx graphics/pokemon/iron_bundle/front.4bpp graphics/pokemon/iron_bundle/front.4bpp.lz
tools/gbagfx/gbagfx graphics/pokemon/iron_bundle/normal.gbapal graphics/pokemon/iron_bundle/normal.gbapal.lz
tools/gbagfx/gbagfx graphics/pokemon/iron_bundle/shiny.gbapal graphics/pokemon/iron_bundle/shiny.gbapal.lz
tools/gbagfx/gbagfx graphics/pokemon/iron_crown/back.4bpp graphics/pokemon/iron_crown/back.4bpp.lz
tools/gbagfx/gbagfx graphics/pokemon/iron_crown/front.4bpp graphics/pokemon/iron_crown/front.4bpp.lz
tools/gbagfx/gbagfx graphics/pokemon/iron_crown/normal.gbapal graphics/pokemon/iron_crown/normal.gbapal.lz
tools/gbagfx/gbagfx graphics/pokemon/iron_crown/shiny.gbapal graphics/pokemon/iron_crown/shiny.gbapal.lz
tools/gbagfx/gbagfx graphics/pokemon/iron_hands/back.4bpp graphics/pokemon/iron_hands/back.4bpp.lz
tools/gbagfx/gbagfx graphics/pokemon/iron_hands/front.4bpp graphics/pokemon/iron_hands/front.4bpp.lz
tools/gbagfx/gbagfx graphics/pokemon/iron_hands/normal.gbapal graphics/pokemon/iron_hands/normal.gbapal.lz
tools/gbagfx/gbagfx graphics/pokemon/iron_hands/shiny.gbapal graphics/pokemon/iron_hands/shiny.gbapal.lz
tools/gbagfx/gbagfx graphics/pokemon/iron_jugulis/back.4bpp graphics/pokemon/iron_jugulis/back.4bpp.lz
tools/gbagfx/gbagfx graphics/pokemon/iron_jugulis/front.4bpp graphics/pokemon/iron_jugulis/front.4bpp.lz
tools/gbagfx/gbagfx graphics/pokemon/iron_jugulis/normal.gbapal graphics/pokemon/iron_jugulis/normal.gbapal.lz
tools/gbagfx/gbagfx graphics/pokemon/iron_jugulis/shiny.gbapal graphics/pokemon/iron_jugulis/shiny.gbapal.lz
tools/gbagfx/gbagfx graphics/pokemon/iron_leaves/back.4bpp graphics/pokemon/iron_leaves/back.4bpp.lz
tools/gbagfx/gbagfx graphics/pokemon/iron_leaves/front.4bpp graphics/pokemon/iron_leaves/front.4bpp.lz
tools/gbagfx/gbagfx graphics/pokemon/iron_leaves/normal.gbapal graphics/pokemon/iron_leaves/normal.gbapal.lz
tools/gbagfx/gbagfx graphics/pokemon/iron_leaves/shiny.gbapal graphics/pokemon/iron_leaves/shiny.gbapal.lz
tools/gbagfx/gbagfx graphics/pokemon/iron_moth/back.4bpp graphics/pokemon/iron_moth/back.4bpp.lz
tools/gbagfx/gbagfx graphics/pokemon/iron_moth/front.4bpp graphics/pokemon/iron_moth/front.4bpp.lz
tools/gbagfx/gbagfx graphics/pokemon/iron_moth/normal.gbapal graphics/pokemon/iron_moth/normal.gbapal.lz
tools/gbagfx/gbagfx graphics/pokemon/iron_moth/shiny.gbapal graphics/pokemon/iron_moth/shiny.gbapal.lz
tools/gbagfx/gbagfx graphics/pokemon/iron_thorns/back.4bpp graphics/pokemon/iron_thorns/back.4bpp.lz
tools/gbagfx/gbagfx graphics/pokemon/iron_thorns/front.4bpp graphics/pokemon/iron_thorns/front.4bpp.lz
tools/gbagfx/gbagfx graphics/pokemon/iron_thorns/normal.gbapal graphics/pokemon/iron_thorns/normal.gbapal.lz
tools/gbagfx/gbagfx graphics/pokemon/iron_thorns/shiny.gbapal graphics/pokemon/iron_thorns/shiny.gbapal.lz
tools/gbagfx/gbagfx graphics/pokemon/iron_treads/back.4bpp graphics/pokemon/iron_treads/back.4bpp.lz
tools/gbagfx/gbagfx graphics/pokemon/iron_treads/front.4bpp graphics/pokemon/iron_treads/front.4bpp.lz
tools/gbagfx/gbagfx graphics/pokemon/iron_treads/normal.gbapal graphics/pokemon/iron_treads/normal.gbapal.lz
tools/gbagfx/gbagfx graphics/pokemon/iron_treads/shiny.gbapal graphics/pokemon/iron_treads/shiny.gbapal.lz
tools/gbagfx/gbagfx graphics/pokemon/iron_valiant/back.4bpp graphics/pokemon/iron_valiant/back.4bpp.lz
tools/gbagfx/gbagfx graphics/pokemon/iron_valiant/front.4bpp graphics/pokemon/iron_valiant/front.4bpp.lz
tools/gbagfx/gbagfx graphics/pokemon/iron_valiant/normal.gbapal graphics/pokemon/iron_valiant/normal.gbapal.lz
tools/gbagfx/gbagfx graphics/pokemon/iron_valiant/shiny.gbapal graphics/pokemon/iron_valiant/shiny.gbapal.lz
tools/gbagfx/gbagfx graphics/pokemon/ivysaur/back.4bpp graphics/pokemon/ivysaur/back.4bpp.lz
tools/gbagfx/gbagfx graphics/pokemon/ivysaur/front.4bpp graphics/pokemon/ivysaur/front.4bpp.lz
tools/gbagfx/gbagfx graphics/pokemon/ivysaur/normal.gbapal graphics/pokemon/ivysaur/normal.gbapal.lz
tools/gbagfx/gbagfx graphics/pokemon/ivysaur/shiny.gbapal graphics/pokemon/ivysaur/shiny.gbapal.lz
tools/gbagfx/gbagfx graphics/pokemon/jangmo_o/back.4bpp graphics/pokemon/jangmo_o/back.4bpp.lz
tools/gbagfx/gbagfx graphics/pokemon/jangmo_o/front.4bpp graphics/pokemon/jangmo_o/front.4bpp.lz
tools/gbagfx/gbagfx graphics/pokemon/jangmo_o/normal.gbapal graphics/pokemon/jangmo_o/normal.gbapal.lz
tools/gbagfx/gbagfx graphics/pokemon/jangmo_o/shiny.gbapal graphics/pokemon/jangmo_o/shiny.gbapal.lz
tools/gbagfx/gbagfx graphics/pokemon/jellicent/back.4bpp graphics/pokemon/jellicent/back.4bpp.lz
tools/gbagfx/gbagfx graphics/pokemon/jellicent/backf.4bpp graphics/pokemon/jellicent/backf.4bpp.lz
tools/gbagfx/gbagfx graphics/pokemon/jellicent/front.4bpp graphics/pokemon/jellicent/front.4bpp.lz
tools/gbagfx/gbagfx graphics/pokemon/jellicent/frontf.4bpp graphics/pokemon/jellicent/frontf.4bpp.lz
tools/gbagfx/gbagfx graphics/pokemon/jellicent/normal.gbapal graphics/pokemon/jellicent/normal.gbapal.lz
tools/gbagfx/gbagfx graphics/pokemon/jellicent/normalf.gbapal graphics/pokemon/jellicent/normalf.gbapal.lz
tools/gbagfx/gbagfx graphics/pokemon/jellicent/shiny.gbapal graphics/pokemon/jellicent/shiny.gbapal.lz
tools/gbagfx/gbagfx graphics/pokemon/jellicent/shinyf.gbapal graphics/pokemon/jellicent/shinyf.gbapal.lz
tools/gbagfx/gbagfx graphics/pokemon/jigglypuff/back.4bpp graphics/pokemon/jigglypuff/back.4bpp.lz
tools/gbagfx/gbagfx graphics/pokemon/jigglypuff/front.4bpp graphics/pokemon/jigglypuff/front.4bpp.lz
tools/gbagfx/gbagfx graphics/pokemon/jigglypuff/normal.gbapal graphics/pokemon/jigglypuff/normal.gbapal.lz
tools/gbagfx/gbagfx graphics/pokemon/jigglypuff/shiny.gbapal graphics/pokemon/jigglypuff/shiny.gbapal.lz
tools/gbagfx/gbagfx graphics/pokemon/jirachi/back.4bpp graphics/pokemon/jirachi/back.4bpp.lz
tools/gbagfx/gbagfx graphics/pokemon/jirachi/front.4bpp graphics/pokemon/jirachi/front.4bpp.lz
tools/gbagfx/gbagfx graphics/pokemon/jirachi/normal.gbapal graphics/pokemon/jirachi/normal.gbapal.lz
tools/gbagfx/gbagfx graphics/pokemon/jirachi/shiny.gbapal graphics/pokemon/jirachi/shiny.gbapal.lz
tools/gbagfx/gbagfx graphics/pokemon/jolteon/back.4bpp graphics/pokemon/jolteon/back.4bpp.lz
tools/gbagfx/gbagfx graphics/pokemon/jolteon/front.4bpp graphics/pokemon/jolteon/front.4bpp.lz
tools/gbagfx/gbagfx graphics/pokemon/jolteon/normal.gbapal graphics/pokemon/jolteon/normal.gbapal.lz
tools/gbagfx/gbagfx graphics/pokemon/jolteon/shiny.gbapal graphics/pokemon/jolteon/shiny.gbapal.lz
tools/gbagfx/gbagfx graphics/pokemon/joltik/back.4bpp graphics/pokemon/joltik/back.4bpp.lz
tools/gbagfx/gbagfx graphics/pokemon/joltik/front.4bpp graphics/pokemon/joltik/front.4bpp.lz
tools/gbagfx/gbagfx graphics/pokemon/joltik/normal.gbapal graphics/pokemon/joltik/normal.gbapal.lz
tools/gbagfx/gbagfx graphics/pokemon/joltik/shiny.gbapal graphics/pokemon/joltik/shiny.gbapal.lz
tools/gbagfx/gbagfx graphics/pokemon/jumpluff/back.4bpp graphics/pokemon/jumpluff/back.4bpp.lz
tools/gbagfx/gbagfx graphics/pokemon/jumpluff/front.4bpp graphics/pokemon/jumpluff/front.4bpp.lz
tools/gbagfx/gbagfx graphics/pokemon/jumpluff/normal.gbapal graphics/pokemon/jumpluff/normal.gbapal.lz
tools/gbagfx/gbagfx graphics/pokemon/jumpluff/shiny.gbapal graphics/pokemon/jumpluff/shiny.gbapal.lz
tools/gbagfx/gbagfx graphics/pokemon/jynx/back.4bpp graphics/pokemon/jynx/back.4bpp.lz
tools/gbagfx/gbagfx graphics/pokemon/jynx/front.4bpp graphics/pokemon/jynx/front.4bpp.lz
tools/gbagfx/gbagfx graphics/pokemon/jynx/normal.gbapal graphics/pokemon/jynx/normal.gbapal.lz
tools/gbagfx/gbagfx graphics/pokemon/jynx/shiny.gbapal graphics/pokemon/jynx/shiny.gbapal.lz
tools/gbagfx/gbagfx graphics/pokemon/kabuto/back.4bpp graphics/pokemon/kabuto/back.4bpp.lz
tools/gbagfx/gbagfx graphics/pokemon/kabuto/front.4bpp graphics/pokemon/kabuto/front.4bpp.lz
tools/gbagfx/gbagfx graphics/pokemon/kabuto/normal.gbapal graphics/pokemon/kabuto/normal.gbapal.lz
tools/gbagfx/gbagfx graphics/pokemon/kabuto/shiny.gbapal graphics/pokemon/kabuto/shiny.gbapal.lz
tools/gbagfx/gbagfx graphics/pokemon/kabutops/back.4bpp graphics/pokemon/kabutops/back.4bpp.lz
tools/gbagfx/gbagfx graphics/pokemon/kabutops/front.4bpp graphics/pokemon/kabutops/front.4bpp.lz
tools/gbagfx/gbagfx graphics/pokemon/kabutops/normal.gbapal graphics/pokemon/kabutops/normal.gbapal.lz
tools/gbagfx/gbagfx graphics/pokemon/kabutops/shiny.gbapal graphics/pokemon/kabutops/shiny.gbapal.lz
tools/gbagfx/gbagfx graphics/pokemon/kadabra/back.4bpp graphics/pokemon/kadabra/back.4bpp.lz
tools/gbagfx/gbagfx graphics/pokemon/kadabra/backf.4bpp graphics/pokemon/kadabra/backf.4bpp.lz
tools/gbagfx/gbagfx graphics/pokemon/kadabra/front.4bpp graphics/pokemon/kadabra/front.4bpp.lz
tools/gbagfx/gbagfx graphics/pokemon/kadabra/frontf.4bpp graphics/pokemon/kadabra/frontf.4bpp.lz
tools/gbagfx/gbagfx graphics/pokemon/kadabra/normal.gbapal graphics/pokemon/kadabra/normal.gbapal.lz
tools/gbagfx/gbagfx graphics/pokemon/kadabra/shiny.gbapal graphics/pokemon/kadabra/shiny.gbapal.lz
tools/gbagfx/gbagfx graphics/pokemon/kakuna/back.4bpp graphics/pokemon/kakuna/back.4bpp.lz
tools/gbagfx/gbagfx graphics/pokemon/kakuna/front.4bpp graphics/pokemon/kakuna/front.4bpp.lz
tools/gbagfx/gbagfx graphics/pokemon/kakuna/normal.gbapal graphics/pokemon/kakuna/normal.gbapal.lz
tools/gbagfx/gbagfx graphics/pokemon/kakuna/shiny.gbapal graphics/pokemon/kakuna/shiny.gbapal.lz
tools/gbagfx/gbagfx graphics/pokemon/kangaskhan/back.4bpp graphics/pokemon/kangaskhan/back.4bpp.lz
tools/gbagfx/gbagfx graphics/pokemon/kangaskhan/front.4bpp graphics/pokemon/kangaskhan/front.4bpp.lz
tools/gbagfx/gbagfx graphics/pokemon/kangaskhan/mega/back.4bpp graphics/pokemon/kangaskhan/mega/back.4bpp.lz
tools/gbagfx/gbagfx graphics/pokemon/kangaskhan/mega/front.4bpp graphics/pokemon/kangaskhan/mega/front.4bpp.lz
tools/gbagfx/gbagfx graphics/pokemon/kangaskhan/mega/normal.gbapal graphics/pokemon/kangaskhan/mega/normal.gbapal.lz
tools/gbagfx/gbagfx graphics/pokemon/kangaskhan/mega/shiny.gbapal graphics/pokemon/kangaskhan/mega/shiny.gbapal.lz
tools/gbagfx/gbagfx graphics/pokemon/kangaskhan/normal.gbapal graphics/pokemon/kangaskhan/normal.gbapal.lz
tools/gbagfx/gbagfx graphics/pokemon/kangaskhan/shiny.gbapal graphics/pokemon/kangaskhan/shiny.gbapal.lz
tools/gbagfx/gbagfx graphics/pokemon/karrablast/back.4bpp graphics/pokemon/karrablast/back.4bpp.lz
tools/gbagfx/gbagfx graphics/pokemon/karrablast/front.4bpp graphics/pokemon/karrablast/front.4bpp.lz
tools/gbagfx/gbagfx graphics/pokemon/karrablast/normal.gbapal graphics/pokemon/karrablast/normal.gbapal.lz
tools/gbagfx/gbagfx graphics/pokemon/karrablast/shiny.gbapal graphics/pokemon/karrablast/shiny.gbapal.lz
tools/gbagfx/gbagfx graphics/pokemon/kartana/back.4bpp graphics/pokemon/kartana/back.4bpp.lz
tools/gbagfx/gbagfx graphics/pokemon/kartana/front.4bpp graphics/pokemon/kartana/front.4bpp.lz
tools/gbagfx/gbagfx graphics/pokemon/kartana/normal.gbapal graphics/pokemon/kartana/normal.gbapal.lz
tools/gbagfx/gbagfx graphics/pokemon/kartana/shiny.gbapal graphics/pokemon/kartana/shiny.gbapal.lz
tools/gbagfx/gbagfx graphics/pokemon/kecleon/back.4bpp graphics/pokemon/kecleon/back.4bpp.lz
tools/gbagfx/gbagfx graphics/pokemon/kecleon/front.4bpp graphics/pokemon/kecleon/front.4bpp.lz
tools/gbagfx/gbagfx graphics/pokemon/kecleon/normal.gbapal graphics/pokemon/kecleon/normal.gbapal.lz
tools/gbagfx/gbagfx graphics/pokemon/kecleon/shiny.gbapal graphics/pokemon/kecleon/shiny.gbapal.lz
tools/gbagfx/gbagfx graphics/pokemon/keldeo/back.4bpp graphics/pokemon/keldeo/back.4bpp.lz
tools/gbagfx/gbagfx graphics/pokemon/keldeo/front.4bpp graphics/pokemon/keldeo/front.4bpp.lz
tools/gbagfx/gbagfx graphics/pokemon/keldeo/normal.gbapal graphics/pokemon/keldeo/normal.gbapal.lz
tools/gbagfx/gbagfx graphics/pokemon/keldeo/resolute/back.4bpp graphics/pokemon/keldeo/resolute/back.4bpp.lz
tools/gbagfx/gbagfx graphics/pokemon/keldeo/resolute/front.4bpp graphics/pokemon/keldeo/resolute/front.4bpp.lz
tools/gbagfx/gbagfx graphics/pokemon/keldeo/resolute/normal.gbapal graphics/pokemon/keldeo/resolute/normal.gbapal.lz
tools/gbagfx/gbagfx graphics/pokemon/keldeo/resolute/shiny.gbapal graphics/pokemon/keldeo/resolute/shiny.gbapal.lz
tools/gbagfx/gbagfx graphics/pokemon/keldeo/shiny.gbapal graphics/pokemon/keldeo/shiny.gbapal.lz
tools/gbagfx/gbagfx graphics/pokemon/kilowattrel/back.4bpp graphics/pokemon/kilowattrel/back.4bpp.lz
tools/gbagfx/gbagfx graphics/pokemon/kilowattrel/front.4bpp graphics/pokemon/kilowattrel/front.4bpp.lz
tools/gbagfx/gbagfx graphics/pokemon/kilowattrel/normal.gbapal graphics/pokemon/kilowattrel/normal.gbapal.lz
tools/gbagfx/gbagfx graphics/pokemon/kilowattrel/shiny.gbapal graphics/pokemon/kilowattrel/shiny.gbapal.lz
tools/gbagfx/gbagfx graphics/pokemon/kingambit/back.4bpp graphics/pokemon/kingambit/back.4bpp.lz
tools/gbagfx/gbagfx graphics/pokemon/kingambit/front.4bpp graphics/pokemon/kingambit/front.4bpp.lz
tools/gbagfx/gbagfx graphics/pokemon/kingambit/normal.gbapal graphics/pokemon/kingambit/normal.gbapal.lz
tools/gbagfx/gbagfx graphics/pokemon/kingambit/shiny.gbapal graphics/pokemon/kingambit/shiny.gbapal.lz
tools/gbagfx/gbagfx graphics/pokemon/kingdra/back.4bpp graphics/pokemon/kingdra/back.4bpp.lz
tools/gbagfx/gbagfx graphics/pokemon/kingdra/front.4bpp graphics/pokemon/kingdra/front.4bpp.lz
tools/gbagfx/gbagfx graphics/pokemon/kingdra/normal.gbapal graphics/pokemon/kingdra/normal.gbapal.lz
tools/gbagfx/gbagfx graphics/pokemon/kingdra/shiny.gbapal graphics/pokemon/kingdra/shiny.gbapal.lz
tools/gbagfx/gbagfx graphics/pokemon/kingler/back.4bpp graphics/pokemon/kingler/back.4bpp.lz
tools/gbagfx/gbagfx graphics/pokemon/kingler/front.4bpp graphics/pokemon/kingler/front.4bpp.lz
tools/gbagfx/gbagfx graphics/pokemon/kingler/normal.gbapal graphics/pokemon/kingler/normal.gbapal.lz
tools/gbagfx/gbagfx graphics/pokemon/kingler/shiny.gbapal graphics/pokemon/kingler/shiny.gbapal.lz
tools/gbagfx/gbagfx graphics/pokemon/kirlia/back.4bpp graphics/pokemon/kirlia/back.4bpp.lz
tools/gbagfx/gbagfx graphics/pokemon/kirlia/front.4bpp graphics/pokemon/kirlia/front.4bpp.lz
tools/gbagfx/gbagfx graphics/pokemon/kirlia/normal.gbapal graphics/pokemon/kirlia/normal.gbapal.lz
tools/gbagfx/gbagfx graphics/pokemon/kirlia/shiny.gbapal graphics/pokemon/kirlia/shiny.gbapal.lz
tools/gbagfx/gbagfx graphics/pokemon/klang/back.4bpp graphics/pokemon/klang/back.4bpp.lz
tools/gbagfx/gbagfx graphics/pokemon/klang/front.4bpp graphics/pokemon/klang/front.4bpp.lz
tools/gbagfx/gbagfx graphics/pokemon/klang/normal.gbapal graphics/pokemon/klang/normal.gbapal.lz
tools/gbagfx/gbagfx graphics/pokemon/klang/shiny.gbapal graphics/pokemon/klang/shiny.gbapal.lz
tools/gbagfx/gbagfx graphics/pokemon/klawf/back.4bpp graphics/pokemon/klawf/back.4bpp.lz
tools/gbagfx/gbagfx graphics/pokemon/klawf/front.4bpp graphics/pokemon/klawf/front.4bpp.lz
tools/gbagfx/gbagfx graphics/pokemon/klawf/normal.gbapal graphics/pokemon/klawf/normal.gbapal.lz
tools/gbagfx/gbagfx graphics/pokemon/klawf/shiny.gbapal graphics/pokemon/klawf/shiny.gbapal.lz
tools/gbagfx/gbagfx graphics/pokemon/kleavor/back.4bpp graphics/pokemon/kleavor/back.4bpp.lz
tools/gbagfx/gbagfx graphics/pokemon/kleavor/front.4bpp graphics/pokemon/kleavor/front.4bpp.lz
tools/gbagfx/gbagfx graphics/pokemon/kleavor/normal.gbapal graphics/pokemon/kleavor/normal.gbapal.lz
tools/gbagfx/gbagfx graphics/pokemon/kleavor/shiny.gbapal graphics/pokemon/kleavor/shiny.gbapal.lz
tools/gbagfx/gbagfx graphics/pokemon/klefki/back.4bpp graphics/pokemon/klefki/back.4bpp.lz
tools/gbagfx/gbagfx graphics/pokemon/klefki/front.4bpp graphics/pokemon/klefki/front.4bpp.lz
tools/gbagfx/gbagfx graphics/pokemon/klefki/normal.gbapal graphics/pokemon/klefki/normal.gbapal.lz
tools/gbagfx/gbagfx graphics/pokemon/klefki/shiny.gbapal graphics/pokemon/klefki/shiny.gbapal.lz
tools/gbagfx/gbagfx graphics/pokemon/klink/back.4bpp graphics/pokemon/klink/back.4bpp.lz
tools/gbagfx/gbagfx graphics/pokemon/klink/front.4bpp graphics/pokemon/klink/front.4bpp.lz
tools/gbagfx/gbagfx graphics/pokemon/klink/normal.gbapal graphics/pokemon/klink/normal.gbapal.lz
tools/gbagfx/gbagfx graphics/pokemon/klink/shiny.gbapal graphics/pokemon/klink/shiny.gbapal.lz
tools/gbagfx/gbagfx graphics/pokemon/klinklang/back.4bpp graphics/pokemon/klinklang/back.4bpp.lz
tools/gbagfx/gbagfx graphics/pokemon/klinklang/front.4bpp graphics/pokemon/klinklang/front.4bpp.lz
tools/gbagfx/gbagfx graphics/pokemon/klinklang/normal.gbapal graphics/pokemon/klinklang/normal.gbapal.lz
tools/gbagfx/gbagfx graphics/pokemon/klinklang/shiny.gbapal graphics/pokemon/klinklang/shiny.gbapal.lz
tools/gbagfx/gbagfx graphics/pokemon/koffing/back.4bpp graphics/pokemon/koffing/back.4bpp.lz
tools/gbagfx/gbagfx graphics/pokemon/koffing/front.4bpp graphics/pokemon/koffing/front.4bpp.lz
tools/gbagfx/gbagfx graphics/pokemon/koffing/normal.gbapal graphics/pokemon/koffing/normal.gbapal.lz
tools/gbagfx/gbagfx graphics/pokemon/koffing/shiny.gbapal graphics/pokemon/koffing/shiny.gbapal.lz
tools/gbagfx/gbagfx graphics/pokemon/komala/back.4bpp graphics/pokemon/komala/back.4bpp.lz
tools/gbagfx/gbagfx graphics/pokemon/komala/front.4bpp graphics/pokemon/komala/front.4bpp.lz
tools/gbagfx/gbagfx graphics/pokemon/komala/normal.gbapal graphics/pokemon/komala/normal.gbapal.lz
tools/gbagfx/gbagfx graphics/pokemon/komala/shiny.gbapal graphics/pokemon/komala/shiny.gbapal.lz
tools/gbagfx/gbagfx graphics/pokemon/kommo_o/back.4bpp graphics/pokemon/kommo_o/back.4bpp.lz
tools/gbagfx/gbagfx graphics/pokemon/kommo_o/front.4bpp graphics/pokemon/kommo_o/front.4bpp.lz
tools/gbagfx/gbagfx graphics/pokemon/kommo_o/normal.gbapal graphics/pokemon/kommo_o/normal.gbapal.lz
tools/gbagfx/gbagfx graphics/pokemon/kommo_o/shiny.gbapal graphics/pokemon/kommo_o/shiny.gbapal.lz
tools/gbagfx/gbagfx graphics/pokemon/koraidon/back.4bpp graphics/pokemon/koraidon/back.4bpp.lz
tools/gbagfx/gbagfx graphics/pokemon/koraidon/front.4bpp graphics/pokemon/koraidon/front.4bpp.lz
tools/gbagfx/gbagfx graphics/pokemon/koraidon/normal.gbapal graphics/pokemon/koraidon/normal.gbapal.lz
tools/gbagfx/gbagfx graphics/pokemon/koraidon/shiny.gbapal graphics/pokemon/koraidon/shiny.gbapal.lz
tools/gbagfx/gbagfx graphics/pokemon/krabby/back.4bpp graphics/pokemon/krabby/back.4bpp.lz
tools/gbagfx/gbagfx graphics/pokemon/krabby/front.4bpp graphics/pokemon/krabby/front.4bpp.lz
tools/gbagfx/gbagfx graphics/pokemon/krabby/normal.gbapal graphics/pokemon/krabby/normal.gbapal.lz
tools/gbagfx/gbagfx graphics/pokemon/krabby/shiny.gbapal graphics/pokemon/krabby/shiny.gbapal.lz
tools/gbagfx/gbagfx graphics/pokemon/kricketot/back.4bpp graphics/pokemon/kricketot/back.4bpp.lz
tools/gbagfx/gbagfx graphics/pokemon/kricketot/backf.4bpp graphics/pokemon/kricketot/backf.4bpp.lz
tools/gbagfx/gbagfx graphics/pokemon/kricketot/front.4bpp graphics/pokemon/kricketot/front.4bpp.lz
tools/gbagfx/gbagfx graphics/pokemon/kricketot/frontf.4bpp graphics/pokemon/kricketot/frontf.4bpp.lz
tools/gbagfx/gbagfx graphics/pokemon/kricketot/normal.gbapal graphics/pokemon/kricketot/normal.gbapal.lz
tools/gbagfx/gbagfx graphics/pokemon/kricketot/shiny.gbapal graphics/pokemon/kricketot/shiny.gbapal.lz
tools/gbagfx/gbagfx graphics/pokemon/kricketune/back.4bpp graphics/pokemon/kricketune/back.4bpp.lz
tools/gbagfx/gbagfx graphics/pokemon/kricketune/backf.4bpp graphics/pokemon/kricketune/backf.4bpp.lz
tools/gbagfx/gbagfx graphics/pokemon/kricketune/front.4bpp graphics/pokemon/kricketune/front.4bpp.lz
tools/gbagfx/gbagfx graphics/pokemon/kricketune/frontf.4bpp graphics/pokemon/kricketune/frontf.4bpp.lz
tools/gbagfx/gbagfx graphics/pokemon/kricketune/normal.gbapal graphics/pokemon/kricketune/normal.gbapal.lz
tools/gbagfx/gbagfx graphics/pokemon/kricketune/shiny.gbapal graphics/pokemon/kricketune/shiny.gbapal.lz
tools/gbagfx/gbagfx graphics/pokemon/krokorok/back.4bpp graphics/pokemon/krokorok/back.4bpp.lz
tools/gbagfx/gbagfx graphics/pokemon/krokorok/front.4bpp graphics/pokemon/krokorok/front.4bpp.lz
tools/gbagfx/gbagfx graphics/pokemon/krokorok/normal.gbapal graphics/pokemon/krokorok/normal.gbapal.lz
tools/gbagfx/gbagfx graphics/pokemon/krokorok/shiny.gbapal graphics/pokemon/krokorok/shiny.gbapal.lz
tools/gbagfx/gbagfx graphics/pokemon/krookodile/back.4bpp graphics/pokemon/krookodile/back.4bpp.lz
tools/gbagfx/gbagfx graphics/pokemon/krookodile/front.4bpp graphics/pokemon/krookodile/front.4bpp.lz
tools/gbagfx/gbagfx graphics/pokemon/krookodile/normal.gbapal graphics/pokemon/krookodile/normal.gbapal.lz
tools/gbagfx/gbagfx graphics/pokemon/krookodile/shiny.gbapal graphics/pokemon/krookodile/shiny.gbapal.lz
tools/gbagfx/gbagfx graphics/pokemon/kubfu/back.4bpp graphics/pokemon/kubfu/back.4bpp.lz
tools/gbagfx/gbagfx graphics/pokemon/kubfu/front.4bpp graphics/pokemon/kubfu/front.4bpp.lz
tools/gbagfx/gbagfx graphics/pokemon/kubfu/normal.gbapal graphics/pokemon/kubfu/normal.gbapal.lz
tools/gbagfx/gbagfx graphics/pokemon/kubfu/shiny.gbapal graphics/pokemon/kubfu/shiny.gbapal.lz
tools/gbagfx/gbagfx graphics/pokemon/kyogre/back.4bpp graphics/pokemon/kyogre/back.4bpp.lz
tools/gbagfx/gbagfx graphics/pokemon/kyogre/front.4bpp graphics/pokemon/kyogre/front.4bpp.lz
tools/gbagfx/gbagfx graphics/pokemon/kyogre/normal.gbapal graphics/pokemon/kyogre/normal.gbapal.lz
tools/gbagfx/gbagfx graphics/pokemon/kyogre/primal/back.4bpp graphics/pokemon/kyogre/primal/back.4bpp.lz
tools/gbagfx/gbagfx graphics/pokemon/kyogre/primal/front.4bpp graphics/pokemon/kyogre/primal/front.4bpp.lz
tools/gbagfx/gbagfx graphics/pokemon/kyogre/primal/normal.gbapal graphics/pokemon/kyogre/primal/normal.gbapal.lz
tools/gbagfx/gbagfx graphics/pokemon/kyogre/primal/shiny.gbapal graphics/pokemon/kyogre/primal/shiny.gbapal.lz
tools/gbagfx/gbagfx graphics/pokemon/kyogre/shiny.gbapal graphics/pokemon/kyogre/shiny.gbapal.lz
tools/gbagfx/gbagfx graphics/pokemon/kyurem/back.4bpp graphics/pokemon/kyurem/back.4bpp.lz
tools/gbagfx/gbagfx graphics/pokemon/kyurem/black/back.4bpp graphics/pokemon/kyurem/black/back.4bpp.lz
tools/gbagfx/gbagfx graphics/pokemon/kyurem/black/front.4bpp graphics/pokemon/kyurem/black/front.4bpp.lz
tools/gbagfx/gbagfx graphics/pokemon/kyurem/black/normal.gbapal graphics/pokemon/kyurem/black/normal.gbapal.lz
tools/gbagfx/gbagfx graphics/pokemon/kyurem/black/shiny.gbapal graphics/pokemon/kyurem/black/shiny.gbapal.lz
tools/gbagfx/gbagfx graphics/pokemon/kyurem/front.4bpp graphics/pokemon/kyurem/front.4bpp.lz
tools/gbagfx/gbagfx graphics/pokemon/kyurem/normal.gbapal graphics/pokemon/kyurem/normal.gbapal.lz
tools/gbagfx/gbagfx graphics/pokemon/kyurem/shiny.gbapal graphics/pokemon/kyurem/shiny.gbapal.lz
tools/gbagfx/gbagfx graphics/pokemon/kyurem/white/back.4bpp graphics/pokemon/kyurem/white/back.4bpp.lz
tools/gbagfx/gbagfx graphics/pokemon/kyurem/white/front.4bpp graphics/pokemon/kyurem/white/front.4bpp.lz
tools/gbagfx/gbagfx graphics/pokemon/kyurem/white/normal.gbapal graphics/pokemon/kyurem/white/normal.gbapal.lz
tools/gbagfx/gbagfx graphics/pokemon/kyurem/white/shiny.gbapal graphics/pokemon/kyurem/white/shiny.gbapal.lz
tools/gbagfx/gbagfx graphics/pokemon/lairon/back.4bpp graphics/pokemon/lairon/back.4bpp.lz
tools/gbagfx/gbagfx graphics/pokemon/lairon/front.4bpp graphics/pokemon/lairon/front.4bpp.lz
tools/gbagfx/gbagfx graphics/pokemon/lairon/normal.gbapal graphics/pokemon/lairon/normal.gbapal.lz
tools/gbagfx/gbagfx graphics/pokemon/lairon/shiny.gbapal graphics/pokemon/lairon/shiny.gbapal.lz
tools/gbagfx/gbagfx graphics/pokemon/lampent/back.4bpp graphics/pokemon/lampent/back.4bpp.lz
tools/gbagfx/gbagfx graphics/pokemon/lampent/front.4bpp graphics/pokemon/lampent/front.4bpp.lz
tools/gbagfx/gbagfx graphics/pokemon/lampent/normal.gbapal graphics/pokemon/lampent/normal.gbapal.lz
tools/gbagfx/gbagfx graphics/pokemon/lampent/shiny.gbapal graphics/pokemon/lampent/shiny.gbapal.lz
tools/gbagfx/gbagfx graphics/pokemon/landorus/back.4bpp graphics/pokemon/landorus/back.4bpp.lz
tools/gbagfx/gbagfx graphics/pokemon/landorus/front.4bpp graphics/pokemon/landorus/front.4bpp.lz
tools/gbagfx/gbagfx graphics/pokemon/landorus/normal.gbapal graphics/pokemon/landorus/normal.gbapal.lz
tools/gbagfx/gbagfx graphics/pokemon/landorus/shiny.gbapal graphics/pokemon/landorus/shiny.gbapal.lz
tools/gbagfx/gbagfx graphics/pokemon/landorus/therian/back.4bpp graphics/pokemon/landorus/therian/back.4bpp.lz
tools/gbagfx/gbagfx graphics/pokemon/landorus/therian/front.4bpp graphics/pokemon/landorus/therian/front.4bpp.lz
tools/gbagfx/gbagfx graphics/pokemon/landorus/therian/normal.gbapal graphics/pokemon/landorus/therian/normal.gbapal.lz
tools/gbagfx/gbagfx graphics/pokemon/landorus/therian/shiny.gbapal graphics/pokemon/landorus/therian/shiny.gbapal.lz
tools/gbagfx/gbagfx graphics/pokemon/lanturn/back.4bpp graphics/pokemon/lanturn/back.4bpp.lz
tools/gbagfx/gbagfx graphics/pokemon/lanturn/front.4bpp graphics/pokemon/lanturn/front.4bpp.lz
tools/gbagfx/gbagfx graphics/pokemon/lanturn/normal.gbapal graphics/pokemon/lanturn/normal.gbapal.lz
tools/gbagfx/gbagfx graphics/pokemon/lanturn/shiny.gbapal graphics/pokemon/lanturn/shiny.gbapal.lz
tools/gbagfx/gbagfx graphics/pokemon/lapras/back.4bpp graphics/pokemon/lapras/back.4bpp.lz
tools/gbagfx/gbagfx graphics/pokemon/lapras/front.4bpp graphics/pokemon/lapras/front.4bpp.lz
tools/gbagfx/gbagfx graphics/pokemon/lapras/normal.gbapal graphics/pokemon/lapras/normal.gbapal.lz
tools/gbagfx/gbagfx graphics/pokemon/lapras/shiny.gbapal graphics/pokemon/lapras/shiny.gbapal.lz
tools/gbagfx/gbagfx graphics/pokemon/larvesta/back.4bpp graphics/pokemon/larvesta/back.4bpp.lz
tools/gbagfx/gbagfx graphics/pokemon/larvesta/front.4bpp graphics/pokemon/larvesta/front.4bpp.lz
tools/gbagfx/gbagfx graphics/pokemon/larvesta/normal.gbapal graphics/pokemon/larvesta/normal.gbapal.lz
tools/gbagfx/gbagfx graphics/pokemon/larvesta/shiny.gbapal graphics/pokemon/larvesta/shiny.gbapal.lz
tools/gbagfx/gbagfx graphics/pokemon/larvitar/back.4bpp graphics/pokemon/larvitar/back.4bpp.lz
tools/gbagfx/gbagfx graphics/pokemon/larvitar/front.4bpp graphics/pokemon/larvitar/front.4bpp.lz
tools/gbagfx/gbagfx graphics/pokemon/larvitar/normal.gbapal graphics/pokemon/larvitar/normal.gbapal.lz
tools/gbagfx/gbagfx graphics/pokemon/larvitar/shiny.gbapal graphics/pokemon/larvitar/shiny.gbapal.lz
tools/gbagfx/gbagfx graphics/pokemon/latias/back.4bpp graphics/pokemon/latias/back.4bpp.lz
tools/gbagfx/gbagfx graphics/pokemon/latias/front.4bpp graphics/pokemon/latias/front.4bpp.lz
tools/gbagfx/gbagfx graphics/pokemon/latias/mega/back.4bpp graphics/pokemon/latias/mega/back.4bpp.lz
tools/gbagfx/gbagfx graphics/pokemon/latias/mega/front.4bpp graphics/pokemon/latias/mega/front.4bpp.lz
tools/gbagfx/gbagfx graphics/pokemon/latias/mega/normal.gbapal graphics/pokemon/latias/mega/normal.gbapal.lz
tools/gbagfx/gbagfx graphics/pokemon/latias/mega/shiny.gbapal graphics/pokemon/latias/mega/shiny.gbapal.lz
tools/gbagfx/gbagfx graphics/pokemon/latias/normal.gbapal graphics/pokemon/latias/normal.gbapal.lz
tools/gbagfx/gbagfx graphics/pokemon/latias/shiny.gbapal graphics/pokemon/latias/shiny.gbapal.lz
tools/gbagfx/gbagfx graphics/pokemon/latios/back.4bpp graphics/pokemon/latios/back.4bpp.lz
tools/gbagfx/gbagfx graphics/pokemon/latios/front.4bpp graphics/pokemon/latios/front.4bpp.lz
tools/gbagfx/gbagfx graphics/pokemon/latios/mega/back.4bpp graphics/pokemon/latios/mega/back.4bpp.lz
tools/gbagfx/gbagfx graphics/pokemon/latios/mega/front.4bpp graphics/pokemon/latios/mega/front.4bpp.lz
tools/gbagfx/gbagfx graphics/pokemon/latios/mega/normal.gbapal graphics/pokemon/latios/mega/normal.gbapal.lz
tools/gbagfx/gbagfx graphics/pokemon/latios/mega/shiny.gbapal graphics/pokemon/latios/mega/shiny.gbapal.lz
tools/gbagfx/gbagfx graphics/pokemon/latios/normal.gbapal graphics/pokemon/latios/normal.gbapal.lz
tools/gbagfx/gbagfx graphics/pokemon/latios/shiny.gbapal graphics/pokemon/latios/shiny.gbapal.lz
tools/gbagfx/gbagfx graphics/pokemon/leafeon/back.4bpp graphics/pokemon/leafeon/back.4bpp.lz
tools/gbagfx/gbagfx graphics/pokemon/leafeon/front.4bpp graphics/pokemon/leafeon/front.4bpp.lz
tools/gbagfx/gbagfx graphics/pokemon/leafeon/normal.gbapal graphics/pokemon/leafeon/normal.gbapal.lz
tools/gbagfx/gbagfx graphics/pokemon/leafeon/shiny.gbapal graphics/pokemon/leafeon/shiny.gbapal.lz
tools/gbagfx/gbagfx graphics/pokemon/leavanny/back.4bpp graphics/pokemon/leavanny/back.4bpp.lz
tools/gbagfx/gbagfx graphics/pokemon/leavanny/front.4bpp graphics/pokemon/leavanny/front.4bpp.lz
tools/gbagfx/gbagfx graphics/pokemon/leavanny/normal.gbapal graphics/pokemon/leavanny/normal.gbapal.lz
tools/gbagfx/gbagfx graphics/pokemon/leavanny/shiny.gbapal graphics/pokemon/leavanny/shiny.gbapal.lz
tools/gbagfx/gbagfx graphics/pokemon/lechonk/back.4bpp graphics/pokemon/lechonk/back.4bpp.lz
tools/gbagfx/gbagfx graphics/pokemon/lechonk/front.4bpp graphics/pokemon/lechonk/front.4bpp.lz
tools/gbagfx/gbagfx graphics/pokemon/lechonk/normal.gbapal graphics/pokemon/lechonk/normal.gbapal.lz
tools/gbagfx/gbagfx graphics/pokemon/lechonk/shiny.gbapal graphics/pokemon/lechonk/shiny.gbapal.lz
tools/gbagfx/gbagfx graphics/pokemon/ledian/back.4bpp graphics/pokemon/ledian/back.4bpp.lz
tools/gbagfx/gbagfx graphics/pokemon/ledian/backf.4bpp graphics/pokemon/ledian/backf.4bpp.lz
tools/gbagfx/gbagfx graphics/pokemon/ledian/front.4bpp graphics/pokemon/ledian/front.4bpp.lz
tools/gbagfx/gbagfx graphics/pokemon/ledian/frontf.4bpp graphics/pokemon/ledian/frontf.4bpp.lz
tools/gbagfx/gbagfx graphics/pokemon/ledian/normal.gbapal graphics/pokemon/ledian/normal.gbapal.lz
tools/gbagfx/gbagfx graphics/pokemon/ledian/shiny.gbapal graphics/pokemon/ledian/shiny.gbapal.lz
tools/gbagfx/gbagfx graphics/pokemon/ledyba/back.4bpp graphics/pokemon/ledyba/back.4bpp.lz
tools/gbagfx/gbagfx graphics/pokemon/ledyba/backf.4bpp graphics/pokemon/ledyba/backf.4bpp.lz
tools/gbagfx/gbagfx graphics/pokemon/ledyba/front.4bpp graphics/pokemon/ledyba/front.4bpp.lz
tools/gbagfx/gbagfx graphics/pokemon/ledyba/frontf.4bpp graphics/pokemon/ledyba/frontf.4bpp.lz
tools/gbagfx/gbagfx graphics/pokemon/ledyba/normal.gbapal graphics/pokemon/ledyba/normal.gbapal.lz
tools/gbagfx/gbagfx graphics/pokemon/ledyba/shiny.gbapal graphics/pokemon/ledyba/shiny.gbapal.lz
tools/gbagfx/gbagfx graphics/pokemon/lickilicky/back.4bpp graphics/pokemon/lickilicky/back.4bpp.lz
tools/gbagfx/gbagfx graphics/pokemon/lickilicky/front.4bpp graphics/pokemon/lickilicky/front.4bpp.lz
tools/gbagfx/gbagfx graphics/pokemon/lickilicky/normal.gbapal graphics/pokemon/lickilicky/normal.gbapal.lz
tools/gbagfx/gbagfx graphics/pokemon/lickilicky/shiny.gbapal graphics/pokemon/lickilicky/shiny.gbapal.lz
tools/gbagfx/gbagfx graphics/pokemon/lickitung/back.4bpp graphics/pokemon/lickitung/back.4bpp.lz
tools/gbagfx/gbagfx graphics/pokemon/lickitung/front.4bpp graphics/pokemon/lickitung/front.4bpp.lz
tools/gbagfx/gbagfx graphics/pokemon/lickitung/normal.gbapal graphics/pokemon/lickitung/normal.gbapal.lz
tools/gbagfx/gbagfx graphics/pokemon/lickitung/shiny.gbapal graphics/pokemon/lickitung/shiny.gbapal.lz
tools/gbagfx/gbagfx graphics/pokemon/liepard/back.4bpp graphics/pokemon/liepard/back.4bpp.lz
tools/gbagfx/gbagfx graphics/pokemon/liepard/front.4bpp graphics/pokemon/liepard/front.4bpp.lz
tools/gbagfx/gbagfx graphics/pokemon/liepard/normal.gbapal graphics/pokemon/liepard/normal.gbapal.lz
tools/gbagfx/gbagfx graphics/pokemon/liepard/shiny.gbapal graphics/pokemon/liepard/shiny.gbapal.lz
tools/gbagfx/gbagfx graphics/pokemon/lileep/back.4bpp graphics/pokemon/lileep/back.4bpp.lz
tools/gbagfx/gbagfx graphics/pokemon/lileep/front.4bpp graphics/pokemon/lileep/front.4bpp.lz
tools/gbagfx/gbagfx graphics/pokemon/lileep/normal.gbapal graphics/pokemon/lileep/normal.gbapal.lz
tools/gbagfx/gbagfx graphics/pokemon/lileep/shiny.gbapal graphics/pokemon/lileep/shiny.gbapal.lz
tools/gbagfx/gbagfx graphics/pokemon/lilligant/back.4bpp graphics/pokemon/lilligant/back.4bpp.lz
tools/gbagfx/gbagfx graphics/pokemon/lilligant/front.4bpp graphics/pokemon/lilligant/front.4bpp.lz
tools/gbagfx/gbagfx graphics/pokemon/lilligant/hisuian/back.4bpp graphics/pokemon/lilligant/hisuian/back.4bpp.lz
tools/gbagfx/gbagfx graphics/pokemon/lilligant/hisuian/front.4bpp graphics/pokemon/lilligant/hisuian/front.4bpp.lz
tools/gbagfx/gbagfx graphics/pokemon/lilligant/hisuian/normal.gbapal graphics/pokemon/lilligant/hisuian/normal.gbapal.lz
tools/gbagfx/gbagfx graphics/pokemon/lilligant/hisuian/shiny.gbapal graphics/pokemon/lilligant/hisuian/shiny.gbapal.lz
tools/gbagfx/gbagfx graphics/pokemon/lilligant/normal.gbapal graphics/pokemon/lilligant/normal.gbapal.lz
tools/gbagfx/gbagfx graphics/pokemon/lilligant/shiny.gbapal graphics/pokemon/lilligant/shiny.gbapal.lz
tools/gbagfx/gbagfx graphics/pokemon/lillipup/back.4bpp graphics/pokemon/lillipup/back.4bpp.lz
tools/gbagfx/gbagfx graphics/pokemon/lillipup/front.4bpp graphics/pokemon/lillipup/front.4bpp.lz
tools/gbagfx/gbagfx graphics/pokemon/lillipup/normal.gbapal graphics/pokemon/lillipup/normal.gbapal.lz
tools/gbagfx/gbagfx graphics/pokemon/lillipup/shiny.gbapal graphics/pokemon/lillipup/shiny.gbapal.lz
tools/gbagfx/gbagfx graphics/pokemon/linoone/back.4bpp graphics/pokemon/linoone/back.4bpp.lz
tools/gbagfx/gbagfx graphics/pokemon/linoone/front.4bpp graphics/pokemon/linoone/front.4bpp.lz
tools/gbagfx/gbagfx graphics/pokemon/linoone/galarian/back.4bpp graphics/pokemon/linoone/galarian/back.4bpp.lz
tools/gbagfx/gbagfx graphics/pokemon/linoone/galarian/front.4bpp graphics/pokemon/linoone/galarian/front.4bpp.lz
tools/gbagfx/gbagfx graphics/pokemon/linoone/galarian/normal.gbapal graphics/pokemon/linoone/galarian/normal.gbapal.lz
tools/gbagfx/gbagfx graphics/pokemon/linoone/galarian/shiny.gbapal graphics/pokemon/linoone/galarian/shiny.gbapal.lz
tools/gbagfx/gbagfx graphics/pokemon/linoone/normal.gbapal graphics/pokemon/linoone/normal.gbapal.lz
tools/gbagfx/gbagfx graphics/pokemon/linoone/shiny.gbapal graphics/pokemon/linoone/shiny.gbapal.lz
tools/gbagfx/gbagfx graphics/pokemon/litleo/back.4bpp graphics/pokemon/litleo/back.4bpp.lz
tools/gbagfx/gbagfx graphics/pokemon/litleo/front.4bpp graphics/pokemon/litleo/front.4bpp.lz
tools/gbagfx/gbagfx graphics/pokemon/litleo/normal.gbapal graphics/pokemon/litleo/normal.gbapal.lz
tools/gbagfx/gbagfx graphics/pokemon/litleo/shiny.gbapal graphics/pokemon/litleo/shiny.gbapal.lz
tools/gbagfx/gbagfx graphics/pokemon/litten/back.4bpp graphics/pokemon/litten/back.4bpp.lz
tools/gbagfx/gbagfx graphics/pokemon/litten/front.4bpp graphics/pokemon/litten/front.4bpp.lz
tools/gbagfx/gbagfx graphics/pokemon/litten/normal.gbapal graphics/pokemon/litten/normal.gbapal.lz
tools/gbagfx/gbagfx graphics/pokemon/litten/shiny.gbapal graphics/pokemon/litten/shiny.gbapal.lz
tools/gbagfx/gbagfx graphics/pokemon/litwick/back.4bpp graphics/pokemon/litwick/back.4bpp.lz
tools/gbagfx/gbagfx graphics/pokemon/litwick/front.4bpp graphics/pokemon/litwick/front.4bpp.lz
tools/gbagfx/gbagfx graphics/pokemon/litwick/normal.gbapal graphics/pokemon/litwick/normal.gbapal.lz
tools/gbagfx/gbagfx graphics/pokemon/litwick/shiny.gbapal graphics/pokemon/litwick/shiny.gbapal.lz
tools/gbagfx/gbagfx graphics/pokemon/lokix/back.4bpp graphics/pokemon/lokix/back.4bpp.lz
tools/gbagfx/gbagfx graphics/pokemon/lokix/front.4bpp graphics/pokemon/lokix/front.4bpp.lz
tools/gbagfx/gbagfx graphics/pokemon/lokix/normal.gbapal graphics/pokemon/lokix/normal.gbapal.lz
tools/gbagfx/gbagfx graphics/pokemon/lokix/shiny.gbapal graphics/pokemon/lokix/shiny.gbapal.lz
tools/gbagfx/gbagfx graphics/pokemon/lombre/back.4bpp graphics/pokemon/lombre/back.4bpp.lz
tools/gbagfx/gbagfx graphics/pokemon/lombre/front.4bpp graphics/pokemon/lombre/front.4bpp.lz
tools/gbagfx/gbagfx graphics/pokemon/lombre/normal.gbapal graphics/pokemon/lombre/normal.gbapal.lz
tools/gbagfx/gbagfx graphics/pokemon/lombre/shiny.gbapal graphics/pokemon/lombre/shiny.gbapal.lz
tools/gbagfx/gbagfx graphics/pokemon/lopunny/back.4bpp graphics/pokemon/lopunny/back.4bpp.lz
tools/gbagfx/gbagfx graphics/pokemon/lopunny/front.4bpp graphics/pokemon/lopunny/front.4bpp.lz
tools/gbagfx/gbagfx graphics/pokemon/lopunny/mega/back.4bpp graphics/pokemon/lopunny/mega/back.4bpp.lz
tools/gbagfx/gbagfx graphics/pokemon/lopunny/mega/front.4bpp graphics/pokemon/lopunny/mega/front.4bpp.lz
tools/gbagfx/gbagfx graphics/pokemon/lopunny/mega/normal.gbapal graphics/pokemon/lopunny/mega/normal.gbapal.lz
tools/gbagfx/gbagfx graphics/pokemon/lopunny/mega/shiny.gbapal graphics/pokemon/lopunny/mega/shiny.gbapal.lz
tools/gbagfx/gbagfx graphics/pokemon/lopunny/normal.gbapal graphics/pokemon/lopunny/normal.gbapal.lz
tools/gbagfx/gbagfx graphics/pokemon/lopunny/shiny.gbapal graphics/pokemon/lopunny/shiny.gbapal.lz
tools/gbagfx/gbagfx graphics/pokemon/lotad/back.4bpp graphics/pokemon/lotad/back.4bpp.lz
tools/gbagfx/gbagfx graphics/pokemon/lotad/front.4bpp graphics/pokemon/lotad/front.4bpp.lz
tools/gbagfx/gbagfx graphics/pokemon/lotad/normal.gbapal graphics/pokemon/lotad/normal.gbapal.lz
tools/gbagfx/gbagfx graphics/pokemon/lotad/shiny.gbapal graphics/pokemon/lotad/shiny.gbapal.lz
tools/gbagfx/gbagfx graphics/pokemon/loudred/back.4bpp graphics/pokemon/loudred/back.4bpp.lz
tools/gbagfx/gbagfx graphics/pokemon/loudred/front.4bpp graphics/pokemon/loudred/front.4bpp.lz
tools/gbagfx/gbagfx graphics/pokemon/loudred/normal.gbapal graphics/pokemon/loudred/normal.gbapal.lz
tools/gbagfx/gbagfx graphics/pokemon/loudred/shiny.gbapal graphics/pokemon/loudred/shiny.gbapal.lz
tools/gbagfx/gbagfx graphics/pokemon/lucario/back.4bpp graphics/pokemon/lucario/back.4bpp.lz
tools/gbagfx/gbagfx graphics/pokemon/lucario/front.4bpp graphics/pokemon/lucario/front.4bpp.lz
tools/gbagfx/gbagfx graphics/pokemon/lucario/mega/back.4bpp graphics/pokemon/lucario/mega/back.4bpp.lz
tools/gbagfx/gbagfx graphics/pokemon/lucario/mega/front.4bpp graphics/pokemon/lucario/mega/front.4bpp.lz
tools/gbagfx/gbagfx graphics/pokemon/lucario/mega/normal.gbapal graphics/pokemon/lucario/mega/normal.gbapal.lz
tools/gbagfx/gbagfx graphics/pokemon/lucario/mega/shiny.gbapal graphics/pokemon/lucario/mega/shiny.gbapal.lz
tools/gbagfx/gbagfx graphics/pokemon/lucario/normal.gbapal graphics/pokemon/lucario/normal.gbapal.lz
tools/gbagfx/gbagfx graphics/pokemon/lucario/shiny.gbapal graphics/pokemon/lucario/shiny.gbapal.lz
tools/gbagfx/gbagfx graphics/pokemon/ludicolo/back.4bpp graphics/pokemon/ludicolo/back.4bpp.lz
tools/gbagfx/gbagfx graphics/pokemon/ludicolo/backf.4bpp graphics/pokemon/ludicolo/backf.4bpp.lz
tools/gbagfx/gbagfx graphics/pokemon/ludicolo/front.4bpp graphics/pokemon/ludicolo/front.4bpp.lz
tools/gbagfx/gbagfx graphics/pokemon/ludicolo/frontf.4bpp graphics/pokemon/ludicolo/frontf.4bpp.lz
tools/gbagfx/gbagfx graphics/pokemon/ludicolo/normal.gbapal graphics/pokemon/ludicolo/normal.gbapal.lz
tools/gbagfx/gbagfx graphics/pokemon/ludicolo/shiny.gbapal graphics/pokemon/ludicolo/shiny.gbapal.lz
tools/gbagfx/gbagfx graphics/pokemon/lugia/back.4bpp graphics/pokemon/lugia/back.4bpp.lz
tools/gbagfx/gbagfx graphics/pokemon/lugia/front.4bpp graphics/pokemon/lugia/front.4bpp.lz
tools/gbagfx/gbagfx graphics/pokemon/lugia/normal.gbapal graphics/pokemon/lugia/normal.gbapal.lz
tools/gbagfx/gbagfx graphics/pokemon/lugia/shiny.gbapal graphics/pokemon/lugia/shiny.gbapal.lz
tools/gbagfx/gbagfx graphics/pokemon/lumineon/back.4bpp graphics/pokemon/lumineon/back.4bpp.lz
tools/gbagfx/gbagfx graphics/pokemon/lumineon/backf.4bpp graphics/pokemon/lumineon/backf.4bpp.lz
tools/gbagfx/gbagfx graphics/pokemon/lumineon/front.4bpp graphics/pokemon/lumineon/front.4bpp.lz
tools/gbagfx/gbagfx graphics/pokemon/lumineon/frontf.4bpp graphics/pokemon/lumineon/frontf.4bpp.lz
tools/gbagfx/gbagfx graphics/pokemon/lumineon/normal.gbapal graphics/pokemon/lumineon/normal.gbapal.lz
tools/gbagfx/gbagfx graphics/pokemon/lumineon/shiny.gbapal graphics/pokemon/lumineon/shiny.gbapal.lz
tools/gbagfx/gbagfx graphics/pokemon/lunala/back.4bpp graphics/pokemon/lunala/back.4bpp.lz
tools/gbagfx/gbagfx graphics/pokemon/lunala/front.4bpp graphics/pokemon/lunala/front.4bpp.lz
tools/gbagfx/gbagfx graphics/pokemon/lunala/normal.gbapal graphics/pokemon/lunala/normal.gbapal.lz
tools/gbagfx/gbagfx graphics/pokemon/lunala/shiny.gbapal graphics/pokemon/lunala/shiny.gbapal.lz
tools/gbagfx/gbagfx graphics/pokemon/lunatone/back.4bpp graphics/pokemon/lunatone/back.4bpp.lz
tools/gbagfx/gbagfx graphics/pokemon/lunatone/front.4bpp graphics/pokemon/lunatone/front.4bpp.lz
tools/gbagfx/gbagfx graphics/pokemon/lunatone/normal.gbapal graphics/pokemon/lunatone/normal.gbapal.lz
tools/gbagfx/gbagfx graphics/pokemon/lunatone/shiny.gbapal graphics/pokemon/lunatone/shiny.gbapal.lz
tools/gbagfx/gbagfx graphics/pokemon/lurantis/back.4bpp graphics/pokemon/lurantis/back.4bpp.lz
tools/gbagfx/gbagfx graphics/pokemon/lurantis/front.4bpp graphics/pokemon/lurantis/front.4bpp.lz
tools/gbagfx/gbagfx graphics/pokemon/lurantis/normal.gbapal graphics/pokemon/lurantis/normal.gbapal.lz
tools/gbagfx/gbagfx graphics/pokemon/lurantis/shiny.gbapal graphics/pokemon/lurantis/shiny.gbapal.lz
tools/gbagfx/gbagfx graphics/pokemon/luvdisc/back.4bpp graphics/pokemon/luvdisc/back.4bpp.lz
tools/gbagfx/gbagfx graphics/pokemon/luvdisc/front.4bpp graphics/pokemon/luvdisc/front.4bpp.lz
tools/gbagfx/gbagfx graphics/pokemon/luvdisc/normal.gbapal graphics/pokemon/luvdisc/normal.gbapal.lz
tools/gbagfx/gbagfx graphics/pokemon/luvdisc/shiny.gbapal graphics/pokemon/luvdisc/shiny.gbapal.lz
tools/gbagfx/gbagfx graphics/pokemon/luxio/back.4bpp graphics/pokemon/luxio/back.4bpp.lz
tools/gbagfx/gbagfx graphics/pokemon/luxio/backf.4bpp graphics/pokemon/luxio/backf.4bpp.lz
tools/gbagfx/gbagfx graphics/pokemon/luxio/front.4bpp graphics/pokemon/luxio/front.4bpp.lz
tools/gbagfx/gbagfx graphics/pokemon/luxio/frontf.4bpp graphics/pokemon/luxio/frontf.4bpp.lz
tools/gbagfx/gbagfx graphics/pokemon/luxio/normal.gbapal graphics/pokemon/luxio/normal.gbapal.lz
tools/gbagfx/gbagfx graphics/pokemon/luxio/shiny.gbapal graphics/pokemon/luxio/shiny.gbapal.lz
tools/gbagfx/gbagfx graphics/pokemon/luxray/back.4bpp graphics/pokemon/luxray/back.4bpp.lz
tools/gbagfx/gbagfx graphics/pokemon/luxray/backf.4bpp graphics/pokemon/luxray/backf.4bpp.lz
tools/gbagfx/gbagfx graphics/pokemon/luxray/front.4bpp graphics/pokemon/luxray/front.4bpp.lz
tools/gbagfx/gbagfx graphics/pokemon/luxray/frontf.4bpp graphics/pokemon/luxray/frontf.4bpp.lz
tools/gbagfx/gbagfx graphics/pokemon/luxray/normal.gbapal graphics/pokemon/luxray/normal.gbapal.lz
tools/gbagfx/gbagfx graphics/pokemon/luxray/shiny.gbapal graphics/pokemon/luxray/shiny.gbapal.lz
tools/gbagfx/gbagfx graphics/pokemon/lycanroc/back.4bpp graphics/pokemon/lycanroc/back.4bpp.lz
tools/gbagfx/gbagfx graphics/pokemon/lycanroc/dusk/back.4bpp graphics/pokemon/lycanroc/dusk/back.4bpp.lz
tools/gbagfx/gbagfx graphics/pokemon/lycanroc/dusk/front.4bpp graphics/pokemon/lycanroc/dusk/front.4bpp.lz
tools/gbagfx/gbagfx graphics/pokemon/lycanroc/dusk/normal.gbapal graphics/pokemon/lycanroc/dusk/normal.gbapal.lz
tools/gbagfx/gbagfx graphics/pokemon/lycanroc/dusk/shiny.gbapal graphics/pokemon/lycanroc/dusk/shiny.gbapal.lz
tools/gbagfx/gbagfx graphics/pokemon/lycanroc/front.4bpp graphics/pokemon/lycanroc/front.4bpp.lz
tools/gbagfx/gbagfx graphics/pokemon/lycanroc/midnight/back.4bpp graphics/pokemon/lycanroc/midnight/back.4bpp.lz
tools/gbagfx/gbagfx graphics/pokemon/lycanroc/midnight/front.4bpp graphics/pokemon/lycanroc/midnight/front.4bpp.lz
tools/gbagfx/gbagfx graphics/pokemon/lycanroc/midnight/normal.gbapal graphics/pokemon/lycanroc/midnight/normal.gbapal.lz
tools/gbagfx/gbagfx graphics/pokemon/lycanroc/midnight/shiny.gbapal graphics/pokemon/lycanroc/midnight/shiny.gbapal.lz
tools/gbagfx/gbagfx graphics/pokemon/lycanroc/normal.gbapal graphics/pokemon/lycanroc/normal.gbapal.lz
tools/gbagfx/gbagfx graphics/pokemon/lycanroc/shiny.gbapal graphics/pokemon/lycanroc/shiny.gbapal.lz
tools/gbagfx/gbagfx graphics/pokemon/mabosstiff/back.4bpp graphics/pokemon/mabosstiff/back.4bpp.lz
tools/gbagfx/gbagfx graphics/pokemon/mabosstiff/front.4bpp graphics/pokemon/mabosstiff/front.4bpp.lz
tools/gbagfx/gbagfx graphics/pokemon/mabosstiff/normal.gbapal graphics/pokemon/mabosstiff/normal.gbapal.lz
tools/gbagfx/gbagfx graphics/pokemon/mabosstiff/shiny.gbapal graphics/pokemon/mabosstiff/shiny.gbapal.lz
tools/gbagfx/gbagfx graphics/pokemon/machamp/back.4bpp graphics/pokemon/machamp/back.4bpp.lz
tools/gbagfx/gbagfx graphics/pokemon/machamp/front.4bpp graphics/pokemon/machamp/front.4bpp.lz
tools/gbagfx/gbagfx graphics/pokemon/machamp/normal.gbapal graphics/pokemon/machamp/normal.gbapal.lz
tools/gbagfx/gbagfx graphics/pokemon/machamp/shiny.gbapal graphics/pokemon/machamp/shiny.gbapal.lz
tools/gbagfx/gbagfx graphics/pokemon/machoke/back.4bpp graphics/pokemon/machoke/back.4bpp.lz
tools/gbagfx/gbagfx graphics/pokemon/machoke/front.4bpp graphics/pokemon/machoke/front.4bpp.lz
tools/gbagfx/gbagfx graphics/pokemon/machoke/normal.gbapal graphics/pokemon/machoke/normal.gbapal.lz
tools/gbagfx/gbagfx graphics/pokemon/machoke/shiny.gbapal graphics/pokemon/machoke/shiny.gbapal.lz
tools/gbagfx/gbagfx graphics/pokemon/machop/back.4bpp graphics/pokemon/machop/back.4bpp.lz
tools/gbagfx/gbagfx graphics/pokemon/machop/front.4bpp graphics/pokemon/machop/front.4bpp.lz
tools/gbagfx/gbagfx graphics/pokemon/machop/normal.gbapal graphics/pokemon/machop/normal.gbapal.lz
tools/gbagfx/gbagfx graphics/pokemon/machop/shiny.gbapal graphics/pokemon/machop/shiny.gbapal.lz
tools/gbagfx/gbagfx graphics/pokemon/magby/back.4bpp graphics/pokemon/magby/back.4bpp.lz
tools/gbagfx/gbagfx graphics/pokemon/magby/front.4bpp graphics/pokemon/magby/front.4bpp.lz
tools/gbagfx/gbagfx graphics/pokemon/magby/normal.gbapal graphics/pokemon/magby/normal.gbapal.lz
tools/gbagfx/gbagfx graphics/pokemon/magby/shiny.gbapal graphics/pokemon/magby/shiny.gbapal.lz
tools/gbagfx/gbagfx graphics/pokemon/magcargo/back.4bpp graphics/pokemon/magcargo/back.4bpp.lz
tools/gbagfx/gbagfx graphics/pokemon/magcargo/front.4bpp graphics/pokemon/magcargo/front.4bpp.lz
tools/gbagfx/gbagfx graphics/pokemon/magcargo/normal.gbapal graphics/pokemon/magcargo/normal.gbapal.lz
tools/gbagfx/gbagfx graphics/pokemon/magcargo/shiny.gbapal graphics/pokemon/magcargo/shiny.gbapal.lz
tools/gbagfx/gbagfx graphics/pokemon/magearna/back.4bpp graphics/pokemon/magearna/back.4bpp.lz
tools/gbagfx/gbagfx graphics/pokemon/magearna/front.4bpp graphics/pokemon/magearna/front.4bpp.lz
tools/gbagfx/gbagfx graphics/pokemon/magearna/normal.gbapal graphics/pokemon/magearna/normal.gbapal.lz
tools/gbagfx/gbagfx graphics/pokemon/magearna/original_color/back.4bpp graphics/pokemon/magearna/original_color/back.4bpp.lz
tools/gbagfx/gbagfx graphics/pokemon/magearna/original_color/front.4bpp graphics/pokemon/magearna/original_color/front.4bpp.lz
tools/gbagfx/gbagfx graphics/pokemon/magearna/original_color/normal.gbapal graphics/pokemon/magearna/original_color/normal.gbapal.lz
tools/gbagfx/gbagfx graphics/pokemon/magearna/original_color/shiny.gbapal graphics/pokemon/magearna/original_color/shiny.gbapal.lz
tools/gbagfx/gbagfx graphics/pokemon/magearna/shiny.gbapal graphics/pokemon/magearna/shiny.gbapal.lz
tools/gbagfx/gbagfx graphics/pokemon/magikarp/back.4bpp graphics/pokemon/magikarp/back.4bpp.lz
tools/gbagfx/gbagfx graphics/pokemon/magikarp/backf.4bpp graphics/pokemon/magikarp/backf.4bpp.lz
tools/gbagfx/gbagfx graphics/pokemon/magikarp/front.4bpp graphics/pokemon/magikarp/front.4bpp.lz
tools/gbagfx/gbagfx graphics/pokemon/magikarp/frontf.4bpp graphics/pokemon/magikarp/frontf.4bpp.lz
tools/gbagfx/gbagfx graphics/pokemon/magikarp/normal.gbapal graphics/pokemon/magikarp/normal.gbapal.lz
tools/gbagfx/gbagfx graphics/pokemon/magikarp/shiny.gbapal graphics/pokemon/magikarp/shiny.gbapal.lz
tools/gbagfx/gbagfx graphics/pokemon/magmar/back.4bpp graphics/pokemon/magmar/back.4bpp.lz
tools/gbagfx/gbagfx graphics/pokemon/magmar/front.4bpp graphics/pokemon/magmar/front.4bpp.lz
tools/gbagfx/gbagfx graphics/pokemon/magmar/normal.gbapal graphics/pokemon/magmar/normal.gbapal.lz
tools/gbagfx/gbagfx graphics/pokemon/magmar/shiny.gbapal graphics/pokemon/magmar/shiny.gbapal.lz
tools/gbagfx/gbagfx graphics/pokemon/magmortar/back.4bpp graphics/pokemon/magmortar/back.4bpp.lz
tools/gbagfx/gbagfx graphics/pokemon/magmortar/front.4bpp graphics/pokemon/magmortar/front.4bpp.lz
tools/gbagfx/gbagfx graphics/pokemon/magmortar/normal.gbapal graphics/pokemon/magmortar/normal.gbapal.lz
tools/gbagfx/gbagfx graphics/pokemon/magmortar/shiny.gbapal graphics/pokemon/magmortar/shiny.gbapal.lz
tools/gbagfx/gbagfx graphics/pokemon/magnemite/back.4bpp graphics/pokemon/magnemite/back.4bpp.lz
tools/gbagfx/gbagfx graphics/pokemon/magnemite/front.4bpp graphics/pokemon/magnemite/front.4bpp.lz
tools/gbagfx/gbagfx graphics/pokemon/magnemite/normal.gbapal graphics/pokemon/magnemite/normal.gbapal.lz
tools/gbagfx/gbagfx graphics/pokemon/magnemite/shiny.gbapal graphics/pokemon/magnemite/shiny.gbapal.lz
tools/gbagfx/gbagfx graphics/pokemon/magneton/back.4bpp graphics/pokemon/magneton/back.4bpp.lz
tools/gbagfx/gbagfx graphics/pokemon/magneton/front.4bpp graphics/pokemon/magneton/front.4bpp.lz
tools/gbagfx/gbagfx graphics/pokemon/magneton/normal.gbapal graphics/pokemon/magneton/normal.gbapal.lz
tools/gbagfx/gbagfx graphics/pokemon/magneton/shiny.gbapal graphics/pokemon/magneton/shiny.gbapal.lz
tools/gbagfx/gbagfx graphics/pokemon/magnezone/back.4bpp graphics/pokemon/magnezone/back.4bpp.lz
tools/gbagfx/gbagfx graphics/pokemon/magnezone/front.4bpp graphics/pokemon/magnezone/front.4bpp.lz
tools/gbagfx/gbagfx graphics/pokemon/magnezone/normal.gbapal graphics/pokemon/magnezone/normal.gbapal.lz
tools/gbagfx/gbagfx graphics/pokemon/magnezone/shiny.gbapal graphics/pokemon/magnezone/shiny.gbapal.lz
tools/gbagfx/gbagfx graphics/pokemon/makuhita/back.4bpp graphics/pokemon/makuhita/back.4bpp.lz
tools/gbagfx/gbagfx graphics/pokemon/makuhita/front.4bpp graphics/pokemon/makuhita/front.4bpp.lz
tools/gbagfx/gbagfx graphics/pokemon/makuhita/normal.gbapal graphics/pokemon/makuhita/normal.gbapal.lz
tools/gbagfx/gbagfx graphics/pokemon/makuhita/shiny.gbapal graphics/pokemon/makuhita/shiny.gbapal.lz
tools/gbagfx/gbagfx graphics/pokemon/malamar/back.4bpp graphics/pokemon/malamar/back.4bpp.lz
tools/gbagfx/gbagfx graphics/pokemon/malamar/front.4bpp graphics/pokemon/malamar/front.4bpp.lz
tools/gbagfx/gbagfx graphics/pokemon/malamar/normal.gbapal graphics/pokemon/malamar/normal.gbapal.lz
tools/gbagfx/gbagfx graphics/pokemon/malamar/shiny.gbapal graphics/pokemon/malamar/shiny.gbapal.lz
tools/gbagfx/gbagfx graphics/pokemon/mamoswine/back.4bpp graphics/pokemon/mamoswine/back.4bpp.lz
tools/gbagfx/gbagfx graphics/pokemon/mamoswine/front.4bpp graphics/pokemon/mamoswine/front.4bpp.lz
tools/gbagfx/gbagfx graphics/pokemon/mamoswine/frontf.4bpp graphics/pokemon/mamoswine/frontf.4bpp.lz
tools/gbagfx/gbagfx graphics/pokemon/mamoswine/normal.gbapal graphics/pokemon/mamoswine/normal.gbapal.lz
tools/gbagfx/gbagfx graphics/pokemon/mamoswine/shiny.gbapal graphics/pokemon/mamoswine/shiny.gbapal.lz
tools/gbagfx/gbagfx graphics/pokemon/manaphy/back.4bpp graphics/pokemon/manaphy/back.4bpp.lz
tools/gbagfx/gbagfx graphics/pokemon/manaphy/front.4bpp graphics/pokemon/manaphy/front.4bpp.lz
tools/gbagfx/gbagfx graphics/pokemon/manaphy/normal.gbapal graphics/pokemon/manaphy/normal.gbapal.lz
tools/gbagfx/gbagfx graphics/pokemon/manaphy/shiny.gbapal graphics/pokemon/manaphy/shiny.gbapal.lz
tools/gbagfx/gbagfx graphics/pokemon/mandibuzz/back.4bpp graphics/pokemon/mandibuzz/back.4bpp.lz
tools/gbagfx/gbagfx graphics/pokemon/mandibuzz/front.4bpp graphics/pokemon/mandibuzz/front.4bpp.lz
tools/gbagfx/gbagfx graphics/pokemon/mandibuzz/normal.gbapal graphics/pokemon/mandibuzz/normal.gbapal.lz
tools/gbagfx/gbagfx graphics/pokemon/mandibuzz/shiny.gbapal graphics/pokemon/mandibuzz/shiny.gbapal.lz
tools/gbagfx/gbagfx graphics/pokemon/manectric/back.4bpp graphics/pokemon/manectric/back.4bpp.lz
tools/gbagfx/gbagfx graphics/pokemon/manectric/front.4bpp graphics/pokemon/manectric/front.4bpp.lz
tools/gbagfx/gbagfx graphics/pokemon/manectric/mega/back.4bpp graphics/pokemon/manectric/mega/back.4bpp.lz
tools/gbagfx/gbagfx graphics/pokemon/manectric/mega/front.4bpp graphics/pokemon/manectric/mega/front.4bpp.lz
tools/gbagfx/gbagfx graphics/pokemon/manectric/mega/normal.gbapal graphics/pokemon/manectric/mega/normal.gbapal.lz
tools/gbagfx/gbagfx graphics/pokemon/manectric/mega/shiny.gbapal graphics/pokemon/manectric/mega/shiny.gbapal.lz
tools/gbagfx/gbagfx graphics/pokemon/manectric/normal.gbapal graphics/pokemon/manectric/normal.gbapal.lz
tools/gbagfx/gbagfx graphics/pokemon/manectric/shiny.gbapal graphics/pokemon/manectric/shiny.gbapal.lz
tools/gbagfx/gbagfx graphics/pokemon/mankey/back.4bpp graphics/pokemon/mankey/back.4bpp.lz
tools/gbagfx/gbagfx graphics/pokemon/mankey/front.4bpp graphics/pokemon/mankey/front.4bpp.lz
tools/gbagfx/gbagfx graphics/pokemon/mankey/normal.gbapal graphics/pokemon/mankey/normal.gbapal.lz
tools/gbagfx/gbagfx graphics/pokemon/mankey/shiny.gbapal graphics/pokemon/mankey/shiny.gbapal.lz
tools/gbagfx/gbagfx graphics/pokemon/mantine/back.4bpp graphics/pokemon/mantine/back.4bpp.lz
tools/gbagfx/gbagfx graphics/pokemon/mantine/front.4bpp graphics/pokemon/mantine/front.4bpp.lz
tools/gbagfx/gbagfx graphics/pokemon/mantine/normal.gbapal graphics/pokemon/mantine/normal.gbapal.lz
tools/gbagfx/gbagfx graphics/pokemon/mantine/shiny.gbapal graphics/pokemon/mantine/shiny.gbapal.lz
tools/gbagfx/gbagfx graphics/pokemon/mantyke/back.4bpp graphics/pokemon/mantyke/back.4bpp.lz
tools/gbagfx/gbagfx graphics/pokemon/mantyke/front.4bpp graphics/pokemon/mantyke/front.4bpp.lz
tools/gbagfx/gbagfx graphics/pokemon/mantyke/normal.gbapal graphics/pokemon/mantyke/normal.gbapal.lz
tools/gbagfx/gbagfx graphics/pokemon/mantyke/shiny.gbapal graphics/pokemon/mantyke/shiny.gbapal.lz
tools/gbagfx/gbagfx graphics/pokemon/maractus/back.4bpp graphics/pokemon/maractus/back.4bpp.lz
tools/gbagfx/gbagfx graphics/pokemon/maractus/front.4bpp graphics/pokemon/maractus/front.4bpp.lz
tools/gbagfx/gbagfx graphics/pokemon/maractus/normal.gbapal graphics/pokemon/maractus/normal.gbapal.lz
tools/gbagfx/gbagfx graphics/pokemon/maractus/shiny.gbapal graphics/pokemon/maractus/shiny.gbapal.lz
tools/gbagfx/gbagfx graphics/pokemon/mareanie/back.4bpp graphics/pokemon/mareanie/back.4bpp.lz
tools/gbagfx/gbagfx graphics/pokemon/mareanie/front.4bpp graphics/pokemon/mareanie/front.4bpp.lz
tools/gbagfx/gbagfx graphics/pokemon/mareanie/normal.gbapal graphics/pokemon/mareanie/normal.gbapal.lz
tools/gbagfx/gbagfx graphics/pokemon/mareanie/shiny.gbapal graphics/pokemon/mareanie/shiny.gbapal.lz
tools/gbagfx/gbagfx graphics/pokemon/mareep/back.4bpp graphics/pokemon/mareep/back.4bpp.lz
tools/gbagfx/gbagfx graphics/pokemon/mareep/front.4bpp graphics/pokemon/mareep/front.4bpp.lz
tools/gbagfx/gbagfx graphics/pokemon/mareep/normal.gbapal graphics/pokemon/mareep/normal.gbapal.lz
tools/gbagfx/gbagfx graphics/pokemon/mareep/shiny.gbapal graphics/pokemon/mareep/shiny.gbapal.lz
tools/gbagfx/gbagfx graphics/pokemon/marill/back.4bpp graphics/pokemon/marill/back.4bpp.lz
tools/gbagfx/gbagfx graphics/pokemon/marill/front.4bpp graphics/pokemon/marill/front.4bpp.lz
tools/gbagfx/gbagfx graphics/pokemon/marill/normal.gbapal graphics/pokemon/marill/normal.gbapal.lz
tools/gbagfx/gbagfx graphics/pokemon/marill/shiny.gbapal graphics/pokemon/marill/shiny.gbapal.lz
tools/gbagfx/gbagfx graphics/pokemon/marowak/alolan/back.4bpp graphics/pokemon/marowak/alolan/back.4bpp.lz
tools/gbagfx/gbagfx graphics/pokemon/marowak/alolan/front.4bpp graphics/pokemon/marowak/alolan/front.4bpp.lz
tools/gbagfx/gbagfx graphics/pokemon/marowak/alolan/normal.gbapal graphics/pokemon/marowak/alolan/normal.gbapal.lz
tools/gbagfx/gbagfx graphics/pokemon/marowak/alolan/shiny.gbapal graphics/pokemon/marowak/alolan/shiny.gbapal.lz
tools/gbagfx/gbagfx graphics/pokemon/marowak/back.4bpp graphics/pokemon/marowak/back.4bpp.lz
tools/gbagfx/gbagfx graphics/pokemon/marowak/front.4bpp graphics/pokemon/marowak/front.4bpp.lz
tools/gbagfx/gbagfx graphics/pokemon/marowak/normal.gbapal graphics/pokemon/marowak/normal.gbapal.lz
tools/gbagfx/gbagfx graphics/pokemon/marowak/shiny.gbapal graphics/pokemon/marowak/shiny.gbapal.lz
tools/gbagfx/gbagfx graphics/pokemon/marshadow/back.4bpp graphics/pokemon/marshadow/back.4bpp.lz
tools/gbagfx/gbagfx graphics/pokemon/marshadow/front.4bpp graphics/pokemon/marshadow/front.4bpp.lz
tools/gbagfx/gbagfx graphics/pokemon/marshadow/normal.gbapal graphics/pokemon/marshadow/normal.gbapal.lz
tools/gbagfx/gbagfx graphics/pokemon/marshadow/shiny.gbapal graphics/pokemon/marshadow/shiny.gbapal.lz
tools/gbagfx/gbagfx graphics/pokemon/marshtomp/back.4bpp graphics/pokemon/marshtomp/back.4bpp.lz
tools/gbagfx/gbagfx graphics/pokemon/marshtomp/front.4bpp graphics/pokemon/marshtomp/front.4bpp.lz
tools/gbagfx/gbagfx graphics/pokemon/marshtomp/normal.gbapal graphics/pokemon/marshtomp/normal.gbapal.lz
tools/gbagfx/gbagfx graphics/pokemon/marshtomp/shiny.gbapal graphics/pokemon/marshtomp/shiny.gbapal.lz
tools/gbagfx/gbagfx graphics/pokemon/maschiff/back.4bpp graphics/pokemon/maschiff/back.4bpp.lz
tools/gbagfx/gbagfx graphics/pokemon/maschiff/front.4bpp graphics/pokemon/maschiff/front.4bpp.lz
tools/gbagfx/gbagfx graphics/pokemon/maschiff/normal.gbapal graphics/pokemon/maschiff/normal.gbapal.lz
tools/gbagfx/gbagfx graphics/pokemon/maschiff/shiny.gbapal graphics/pokemon/maschiff/shiny.gbapal.lz
tools/gbagfx/gbagfx graphics/pokemon/masquerain/back.4bpp graphics/pokemon/masquerain/back.4bpp.lz
tools/gbagfx/gbagfx graphics/pokemon/masquerain/front.4bpp graphics/pokemon/masquerain/front.4bpp.lz
tools/gbagfx/gbagfx graphics/pokemon/masquerain/normal.gbapal graphics/pokemon/masquerain/normal.gbapal.lz
tools/gbagfx/gbagfx graphics/pokemon/masquerain/shiny.gbapal graphics/pokemon/masquerain/shiny.gbapal.lz
tools/gbagfx/gbagfx graphics/pokemon/maushold/back.4bpp graphics/pokemon/maushold/back.4bpp.lz
tools/gbagfx/gbagfx graphics/pokemon/maushold/front.4bpp graphics/pokemon/maushold/front.4bpp.lz
tools/gbagfx/gbagfx graphics/pokemon/maushold/normal.gbapal graphics/pokemon/maushold/normal.gbapal.lz
tools/gbagfx/gbagfx graphics/pokemon/maushold/shiny.gbapal graphics/pokemon/maushold/shiny.gbapal.lz
tools/gbagfx/gbagfx graphics/pokemon/maushold/three/back.4bpp graphics/pokemon/maushold/three/back.4bpp.lz
tools/gbagfx/gbagfx graphics/pokemon/maushold/three/front.4bpp graphics/pokemon/maushold/three/front.4bpp.lz
tools/gbagfx/gbagfx graphics/pokemon/mawile/back.4bpp graphics/pokemon/mawile/back.4bpp.lz
tools/gbagfx/gbagfx graphics/pokemon/mawile/front.4bpp graphics/pokemon/mawile/front.4bpp.lz
tools/gbagfx/gbagfx graphics/pokemon/mawile/mega/back.4bpp graphics/pokemon/mawile/mega/back.4bpp.lz
tools/gbagfx/gbagfx graphics/pokemon/mawile/mega/front.4bpp graphics/pokemon/mawile/mega/front.4bpp.lz
tools/gbagfx/gbagfx graphics/pokemon/mawile/mega/normal.gbapal graphics/pokemon/mawile/mega/normal.gbapal.lz
tools/gbagfx/gbagfx graphics/pokemon/mawile/mega/shiny.gbapal graphics/pokemon/mawile/mega/shiny.gbapal.lz
tools/gbagfx/gbagfx graphics/pokemon/mawile/normal.gbapal graphics/pokemon/mawile/normal.gbapal.lz
tools/gbagfx/gbagfx graphics/pokemon/mawile/shiny.gbapal graphics/pokemon/mawile/shiny.gbapal.lz
tools/gbagfx/gbagfx graphics/pokemon/medicham/back.4bpp graphics/pokemon/medicham/back.4bpp.lz
tools/gbagfx/gbagfx graphics/pokemon/medicham/backf.4bpp graphics/pokemon/medicham/backf.4bpp.lz
tools/gbagfx/gbagfx graphics/pokemon/medicham/front.4bpp graphics/pokemon/medicham/front.4bpp.lz
tools/gbagfx/gbagfx graphics/pokemon/medicham/frontf.4bpp graphics/pokemon/medicham/frontf.4bpp.lz
tools/gbagfx/gbagfx graphics/pokemon/medicham/mega/back.4bpp graphics/pokemon/medicham/mega/back.4bpp.lz
tools/gbagfx/gbagfx graphics/pokemon/medicham/mega/front.4bpp graphics/pokemon/medicham/mega/front.4bpp.lz
tools/gbagfx/gbagfx graphics/pokemon/medicham/mega/normal.gbapal graphics/pokemon/medicham/mega/normal.gbapal.lz
tools/gbagfx/gbagfx graphics/pokemon/medicham/mega/shiny.gbapal graphics/pokemon/medicham/mega/shiny.gbapal.lz
tools/gbagfx/gbagfx graphics/pokemon/medicham/normal.gbapal graphics/pokemon/medicham/normal.gbapal.lz
tools/gbagfx/gbagfx graphics/pokemon/medicham/shiny.gbapal graphics/pokemon/medicham/shiny.gbapal.lz
tools/gbagfx/gbagfx graphics/pokemon/meditite/back.4bpp graphics/pokemon/meditite/back.4bpp.lz
tools/gbagfx/gbagfx graphics/pokemon/meditite/backf.4bpp graphics/pokemon/meditite/backf.4bpp.lz
tools/gbagfx/gbagfx graphics/pokemon/meditite/front.4bpp graphics/pokemon/meditite/front.4bpp.lz
tools/gbagfx/gbagfx graphics/pokemon/meditite/frontf.4bpp graphics/pokemon/meditite/frontf.4bpp.lz
tools/gbagfx/gbagfx graphics/pokemon/meditite/normal.gbapal graphics/pokemon/meditite/normal.gbapal.lz
tools/gbagfx/gbagfx graphics/pokemon/meditite/shiny.gbapal graphics/pokemon/meditite/shiny.gbapal.lz
tools/gbagfx/gbagfx graphics/pokemon/meganium/back.4bpp graphics/pokemon/meganium/back.4bpp.lz
tools/gbagfx/gbagfx graphics/pokemon/meganium/backf.4bpp graphics/pokemon/meganium/backf.4bpp.lz
tools/gbagfx/gbagfx graphics/pokemon/meganium/front.4bpp graphics/pokemon/meganium/front.4bpp.lz
tools/gbagfx/gbagfx graphics/pokemon/meganium/frontf.4bpp graphics/pokemon/meganium/frontf.4bpp.lz
tools/gbagfx/gbagfx graphics/pokemon/meganium/normal.gbapal graphics/pokemon/meganium/normal.gbapal.lz
tools/gbagfx/gbagfx graphics/pokemon/meganium/shiny.gbapal graphics/pokemon/meganium/shiny.gbapal.lz
tools/gbagfx/gbagfx graphics/pokemon/melmetal/back.4bpp graphics/pokemon/melmetal/back.4bpp.lz
tools/gbagfx/gbagfx graphics/pokemon/melmetal/front.4bpp graphics/pokemon/melmetal/front.4bpp.lz
tools/gbagfx/gbagfx graphics/pokemon/melmetal/normal.gbapal graphics/pokemon/melmetal/normal.gbapal.lz
tools/gbagfx/gbagfx graphics/pokemon/melmetal/shiny.gbapal graphics/pokemon/melmetal/shiny.gbapal.lz
tools/gbagfx/gbagfx graphics/pokemon/meloetta/back.4bpp graphics/pokemon/meloetta/back.4bpp.lz
tools/gbagfx/gbagfx graphics/pokemon/meloetta/front.4bpp graphics/pokemon/meloetta/front.4bpp.lz
tools/gbagfx/gbagfx graphics/pokemon/meloetta/normal.gbapal graphics/pokemon/meloetta/normal.gbapal.lz
tools/gbagfx/gbagfx graphics/pokemon/meloetta/pirouette/back.4bpp graphics/pokemon/meloetta/pirouette/back.4bpp.lz
tools/gbagfx/gbagfx graphics/pokemon/meloetta/pirouette/front.4bpp graphics/pokemon/meloetta/pirouette/front.4bpp.lz
tools/gbagfx/gbagfx graphics/pokemon/meloetta/pirouette/normal.gbapal graphics/pokemon/meloetta/pirouette/normal.gbapal.lz
tools/gbagfx/gbagfx graphics/pokemon/meloetta/pirouette/shiny.gbapal graphics/pokemon/meloetta/pirouette/shiny.gbapal.lz
tools/gbagfx/gbagfx graphics/pokemon/meloetta/shiny.gbapal graphics/pokemon/meloetta/shiny.gbapal.lz
tools/gbagfx/gbagfx graphics/pokemon/meltan/back.4bpp graphics/pokemon/meltan/back.4bpp.lz
tools/gbagfx/gbagfx graphics/pokemon/meltan/front.4bpp graphics/pokemon/meltan/front.4bpp.lz
tools/gbagfx/gbagfx graphics/pokemon/meltan/normal.gbapal graphics/pokemon/meltan/normal.gbapal.lz
tools/gbagfx/gbagfx graphics/pokemon/meltan/shiny.gbapal graphics/pokemon/meltan/shiny.gbapal.lz
tools/gbagfx/gbagfx graphics/pokemon/meowscarada/back.4bpp graphics/pokemon/meowscarada/back.4bpp.lz
tools/gbagfx/gbagfx graphics/pokemon/meowscarada/front.4bpp graphics/pokemon/meowscarada/front.4bpp.lz
tools/gbagfx/gbagfx graphics/pokemon/meowscarada/normal.gbapal graphics/pokemon/meowscarada/normal.gbapal.lz
tools/gbagfx/gbagfx graphics/pokemon/meowscarada/shiny.gbapal graphics/pokemon/meowscarada/shiny.gbapal.lz
tools/gbagfx/gbagfx graphics/pokemon/meowstic/back.4bpp graphics/pokemon/meowstic/back.4bpp.lz
tools/gbagfx/gbagfx graphics/pokemon/meowstic/female/back.4bpp graphics/pokemon/meowstic/female/back.4bpp.lz
tools/gbagfx/gbagfx graphics/pokemon/meowstic/female/front.4bpp graphics/pokemon/meowstic/female/front.4bpp.lz
tools/gbagfx/gbagfx graphics/pokemon/meowstic/female/normal.gbapal graphics/pokemon/meowstic/female/normal.gbapal.lz
tools/gbagfx/gbagfx graphics/pokemon/meowstic/female/shiny.gbapal graphics/pokemon/meowstic/female/shiny.gbapal.lz
tools/gbagfx/gbagfx graphics/pokemon/meowstic/front.4bpp graphics/pokemon/meowstic/front.4bpp.lz
tools/gbagfx/gbagfx graphics/pokemon/meowstic/normal.gbapal graphics/pokemon/meowstic/normal.gbapal.lz
tools/gbagfx/gbagfx graphics/pokemon/meowstic/shiny.gbapal graphics/pokemon/meowstic/shiny.gbapal.lz
tools/gbagfx/gbagfx graphics/pokemon/meowth/alolan/back.4bpp graphics/pokemon/meowth/alolan/back.4bpp.lz
tools/gbagfx/gbagfx graphics/pokemon/meowth/alolan/front.4bpp graphics/pokemon/meowth/alolan/front.4bpp.lz
tools/gbagfx/gbagfx graphics/pokemon/meowth/alolan/normal.gbapal graphics/pokemon/meowth/alolan/normal.gbapal.lz
tools/gbagfx/gbagfx graphics/pokemon/meowth/alolan/shiny.gbapal graphics/pokemon/meowth/alolan/shiny.gbapal.lz
tools/gbagfx/gbagfx graphics/pokemon/meowth/back.4bpp graphics/pokemon/meowth/back.4bpp.lz
tools/gbagfx/gbagfx graphics/pokemon/meowth/front.4bpp graphics/pokemon/meowth/front.4bpp.lz
tools/gbagfx/gbagfx graphics/pokemon/meowth/galarian/back.4bpp graphics/pokemon/meowth/galarian/back.4bpp.lz
tools/gbagfx/gbagfx graphics/pokemon/meowth/galarian/front.4bpp graphics/pokemon/meowth/galarian/front.4bpp.lz
tools/gbagfx/gbagfx graphics/pokemon/meowth/galarian/normal.gbapal graphics/pokemon/meowth/galarian/normal.gbapal.lz
tools/gbagfx/gbagfx graphics/pokemon/meowth/galarian/shiny.gbapal graphics/pokemon/meowth/galarian/shiny.gbapal.lz
tools/gbagfx/gbagfx graphics/pokemon/meowth/normal.gbapal graphics/pokemon/meowth/normal.gbapal.lz
tools/gbagfx/gbagfx graphics/pokemon/meowth/shiny.gbapal graphics/pokemon/meowth/shiny.gbapal.lz
tools/gbagfx/gbagfx graphics/pokemon/mesprit/back.4bpp graphics/pokemon/mesprit/back.4bpp.lz
tools/gbagfx/gbagfx graphics/pokemon/mesprit/front.4bpp graphics/pokemon/mesprit/front.4bpp.lz
tools/gbagfx/gbagfx graphics/pokemon/mesprit/normal.gbapal graphics/pokemon/mesprit/normal.gbapal.lz
tools/gbagfx/gbagfx graphics/pokemon/mesprit/shiny.gbapal graphics/pokemon/mesprit/shiny.gbapal.lz
tools/gbagfx/gbagfx graphics/pokemon/metagross/back.4bpp graphics/pokemon/metagross/back.4bpp.lz
tools/gbagfx/gbagfx graphics/pokemon/metagross/front.4bpp graphics/pokemon/metagross/front.4bpp.lz
tools/gbagfx/gbagfx graphics/pokemon/metagross/mega/back.4bpp graphics/pokemon/metagross/mega/back.4bpp.lz
tools/gbagfx/gbagfx graphics/pokemon/metagross/mega/front.4bpp graphics/pokemon/metagross/mega/front.4bpp.lz
tools/gbagfx/gbagfx graphics/pokemon/metagross/mega/normal.gbapal graphics/pokemon/metagross/mega/normal.gbapal.lz
tools/gbagfx/gbagfx graphics/pokemon/metagross/mega/shiny.gbapal graphics/pokemon/metagross/mega/shiny.gbapal.lz
tools/gbagfx/gbagfx graphics/pokemon/metagross/normal.gbapal graphics/pokemon/metagross/normal.gbapal.lz
tools/gbagfx/gbagfx graphics/pokemon/metagross/shiny.gbapal graphics/pokemon/metagross/shiny.gbapal.lz
tools/gbagfx/gbagfx graphics/pokemon/metang/back.4bpp graphics/pokemon/metang/back.4bpp.lz
tools/gbagfx/gbagfx graphics/pokemon/metang/front.4bpp graphics/pokemon/metang/front.4bpp.lz
tools/gbagfx/gbagfx graphics/pokemon/metang/normal.gbapal graphics/pokemon/metang/normal.gbapal.lz
tools/gbagfx/gbagfx graphics/pokemon/metang/shiny.gbapal graphics/pokemon/metang/shiny.gbapal.lz
tools/gbagfx/gbagfx graphics/pokemon/metapod/back.4bpp graphics/pokemon/metapod/back.4bpp.lz
tools/gbagfx/gbagfx graphics/pokemon/metapod/front.4bpp graphics/pokemon/metapod/front.4bpp.lz
tools/gbagfx/gbagfx graphics/pokemon/metapod/normal.gbapal graphics/pokemon/metapod/normal.gbapal.lz
tools/gbagfx/gbagfx graphics/pokemon/metapod/shiny.gbapal graphics/pokemon/metapod/shiny.gbapal.lz
tools/gbagfx/gbagfx graphics/pokemon/mew/back.4bpp graphics/pokemon/mew/back.4bpp.lz
tools/gbagfx/gbagfx graphics/pokemon/mew/front.4bpp graphics/pokemon/mew/front.4bpp.lz
tools/gbagfx/gbagfx graphics/pokemon/mew/normal.gbapal graphics/pokemon/mew/normal.gbapal.lz
tools/gbagfx/gbagfx graphics/pokemon/mew/shiny.gbapal graphics/pokemon/mew/shiny.gbapal.lz
tools/gbagfx/gbagfx graphics/pokemon/mewtwo/back.4bpp graphics/pokemon/mewtwo/back.4bpp.lz
tools/gbagfx/gbagfx graphics/pokemon/mewtwo/front.4bpp graphics/pokemon/mewtwo/front.4bpp.lz
tools/gbagfx/gbagfx graphics/pokemon/mewtwo/mega_x/back.4bpp graphics/pokemon/mewtwo/mega_x/back.4bpp.lz
tools/gbagfx/gbagfx graphics/pokemon/mewtwo/mega_x/front.4bpp graphics/pokemon/mewtwo/mega_x/front.4bpp.lz
tools/gbagfx/gbagfx graphics/pokemon/mewtwo/mega_x/normal.gbapal graphics/pokemon/mewtwo/mega_x/normal.gbapal.lz
tools/gbagfx/gbagfx graphics/pokemon/mewtwo/mega_x/shiny.gbapal graphics/pokemon/mewtwo/mega_x/shiny.gbapal.lz
tools/gbagfx/gbagfx graphics/pokemon/mewtwo/mega_y/back.4bpp graphics/pokemon/mewtwo/mega_y/back.4bpp.lz
tools/gbagfx/gbagfx graphics/pokemon/mewtwo/mega_y/front.4bpp graphics/pokemon/mewtwo/mega_y/front.4bpp.lz
tools/gbagfx/gbagfx graphics/pokemon/mewtwo/mega_y/normal.gbapal graphics/pokemon/mewtwo/mega_y/normal.gbapal.lz
tools/gbagfx/gbagfx graphics/pokemon/mewtwo/mega_y/shiny.gbapal graphics/pokemon/mewtwo/mega_y/shiny.gbapal.lz
tools/gbagfx/gbagfx graphics/pokemon/mewtwo/normal.gbapal graphics/pokemon/mewtwo/normal.gbapal.lz
tools/gbagfx/gbagfx graphics/pokemon/mewtwo/shiny.gbapal graphics/pokemon/mewtwo/shiny.gbapal.lz
tools/gbagfx/gbagfx graphics/pokemon/mienfoo/back.4bpp graphics/pokemon/mienfoo/back.4bpp.lz
tools/gbagfx/gbagfx graphics/pokemon/mienfoo/front.4bpp graphics/pokemon/mienfoo/front.4bpp.lz
tools/gbagfx/gbagfx graphics/pokemon/mienfoo/normal.gbapal graphics/pokemon/mienfoo/normal.gbapal.lz
tools/gbagfx/gbagfx graphics/pokemon/mienfoo/shiny.gbapal graphics/pokemon/mienfoo/shiny.gbapal.lz
tools/gbagfx/gbagfx graphics/pokemon/mienshao/back.4bpp graphics/pokemon/mienshao/back.4bpp.lz
tools/gbagfx/gbagfx graphics/pokemon/mienshao/front.4bpp graphics/pokemon/mienshao/front.4bpp.lz
tools/gbagfx/gbagfx graphics/pokemon/mienshao/normal.gbapal graphics/pokemon/mienshao/normal.gbapal.lz
tools/gbagfx/gbagfx graphics/pokemon/mienshao/shiny.gbapal graphics/pokemon/mienshao/shiny.gbapal.lz
tools/gbagfx/gbagfx graphics/pokemon/mightyena/back.4bpp graphics/pokemon/mightyena/back.4bpp.lz
tools/gbagfx/gbagfx graphics/pokemon/mightyena/front.4bpp graphics/pokemon/mightyena/front.4bpp.lz
tools/gbagfx/gbagfx graphics/pokemon/mightyena/normal.gbapal graphics/pokemon/mightyena/normal.gbapal.lz
tools/gbagfx/gbagfx graphics/pokemon/mightyena/shiny.gbapal graphics/pokemon/mightyena/shiny.gbapal.lz
tools/gbagfx/gbagfx graphics/pokemon/milcery/back.4bpp graphics/pokemon/milcery/back.4bpp.lz
tools/gbagfx/gbagfx graphics/pokemon/milcery/front.4bpp graphics/pokemon/milcery/front.4bpp.lz
tools/gbagfx/gbagfx graphics/pokemon/milcery/normal.gbapal graphics/pokemon/milcery/normal.gbapal.lz
tools/gbagfx/gbagfx graphics/pokemon/milcery/shiny.gbapal graphics/pokemon/milcery/shiny.gbapal.lz
tools/gbagfx/gbagfx graphics/pokemon/milotic/back.4bpp graphics/pokemon/milotic/back.4bpp.lz
tools/gbagfx/gbagfx graphics/pokemon/milotic/backf.4bpp graphics/pokemon/milotic/backf.4bpp.lz
tools/gbagfx/gbagfx graphics/pokemon/milotic/front.4bpp graphics/pokemon/milotic/front.4bpp.lz
tools/gbagfx/gbagfx graphics/pokemon/milotic/frontf.4bpp graphics/pokemon/milotic/frontf.4bpp.lz
tools/gbagfx/gbagfx graphics/pokemon/milotic/normal.gbapal graphics/pokemon/milotic/normal.gbapal.lz
tools/gbagfx/gbagfx graphics/pokemon/milotic/shiny.gbapal graphics/pokemon/milotic/shiny.gbapal.lz
tools/gbagfx/gbagfx graphics/pokemon/miltank/back.4bpp graphics/pokemon/miltank/back.4bpp.lz
tools/gbagfx/gbagfx graphics/pokemon/miltank/front.4bpp graphics/pokemon/miltank/front.4bpp.lz
tools/gbagfx/gbagfx graphics/pokemon/miltank/normal.gbapal graphics/pokemon/miltank/normal.gbapal.lz
tools/gbagfx/gbagfx graphics/pokemon/miltank/shiny.gbapal graphics/pokemon/miltank/shiny.gbapal.lz
tools/gbagfx/gbagfx graphics/pokemon/mime_jr/back.4bpp graphics/pokemon/mime_jr/back.4bpp.lz
tools/gbagfx/gbagfx graphics/pokemon/mime_jr/front.4bpp graphics/pokemon/mime_jr/front.4bpp.lz
tools/gbagfx/gbagfx graphics/pokemon/mime_jr/normal.gbapal graphics/pokemon/mime_jr/normal.gbapal.lz
tools/gbagfx/gbagfx graphics/pokemon/mime_jr/shiny.gbapal graphics/pokemon/mime_jr/shiny.gbapal.lz
tools/gbagfx/gbagfx graphics/pokemon/mimikyu/back.4bpp graphics/pokemon/mimikyu/back.4bpp.lz
tools/gbagfx/gbagfx graphics/pokemon/mimikyu/front.4bpp graphics/pokemon/mimikyu/front.4bpp.lz
tools/gbagfx/gbagfx graphics/pokemon/mimikyu/normal.gbapal graphics/pokemon/mimikyu/normal.gbapal.lz
tools/gbagfx/gbagfx graphics/pokemon/mimikyu/shiny.gbapal graphics/pokemon/mimikyu/shiny.gbapal.lz
tools/gbagfx/gbagfx graphics/pokemon/minccino/back.4bpp graphics/pokemon/minccino/back.4bpp.lz
tools/gbagfx/gbagfx graphics/pokemon/minccino/front.4bpp graphics/pokemon/minccino/front.4bpp.lz
tools/gbagfx/gbagfx graphics/pokemon/minccino/normal.gbapal graphics/pokemon/minccino/normal.gbapal.lz
tools/gbagfx/gbagfx graphics/pokemon/minccino/shiny.gbapal graphics/pokemon/minccino/shiny.gbapal.lz
tools/gbagfx/gbagfx graphics/pokemon/minior/back.4bpp graphics/pokemon/minior/back.4bpp.lz
tools/gbagfx/gbagfx graphics/pokemon/minior/core/back.4bpp graphics/pokemon/minior/core/back.4bpp.lz
tools/gbagfx/gbagfx graphics/pokemon/minior/core/blue/normal.gbapal graphics/pokemon/minior/core/blue/normal.gbapal.lz
tools/gbagfx/gbagfx graphics/pokemon/minior/core/front.4bpp graphics/pokemon/minior/core/front.4bpp.lz
tools/gbagfx/gbagfx graphics/pokemon/minior/core/green/normal.gbapal graphics/pokemon/minior/core/green/normal.gbapal.lz
tools/gbagfx/gbagfx graphics/pokemon/minior/core/indigo/normal.gbapal graphics/pokemon/minior/core/indigo/normal.gbapal.lz
tools/gbagfx/gbagfx graphics/pokemon/minior/core/orange/normal.gbapal graphics/pokemon/minior/core/orange/normal.gbapal.lz
tools/gbagfx/gbagfx graphics/pokemon/minior/core/red/normal.gbapal graphics/pokemon/minior/core/red/normal.gbapal.lz
tools/gbagfx/gbagfx graphics/pokemon/minior/core/shiny.gbapal graphics/pokemon/minior/core/shiny.gbapal.lz
tools/gbagfx/gbagfx graphics/pokemon/minior/core/violet/normal.gbapal graphics/pokemon/minior/core/violet/normal.gbapal.lz
tools/gbagfx/gbagfx graphics/pokemon/minior/core/yellow/normal.gbapal graphics/pokemon/minior/core/yellow/normal.gbapal.lz
tools/gbagfx/gbagfx graphics/pokemon/minior/front.4bpp graphics/pokemon/minior/front.4bpp.lz
tools/gbagfx/gbagfx graphics/pokemon/minior/normal.gbapal graphics/pokemon/minior/normal.gbapal.lz
tools/gbagfx/gbagfx graphics/pokemon/minior/shiny.gbapal graphics/pokemon/minior/shiny.gbapal.lz
tools/gbagfx/gbagfx graphics/pokemon/minun/back.4bpp graphics/pokemon/minun/back.4bpp.lz
tools/gbagfx/gbagfx graphics/pokemon/minun/front.4bpp graphics/pokemon/minun/front.4bpp.lz
tools/gbagfx/gbagfx graphics/pokemon/minun/normal.gbapal graphics/pokemon/minun/normal.gbapal.lz
tools/gbagfx/gbagfx graphics/pokemon/minun/shiny.gbapal graphics/pokemon/minun/shiny.gbapal.lz
tools/gbagfx/gbagfx graphics/pokemon/miraidon/back.4bpp graphics/pokemon/miraidon/back.4bpp.lz
tools/gbagfx/gbagfx graphics/pokemon/miraidon/front.4bpp graphics/pokemon/miraidon/front.4bpp.lz
tools/gbagfx/gbagfx graphics/pokemon/miraidon/normal.gbapal graphics/pokemon/miraidon/normal.gbapal.lz
tools/gbagfx/gbagfx graphics/pokemon/miraidon/shiny.gbapal graphics/pokemon/miraidon/shiny.gbapal.lz
tools/gbagfx/gbagfx graphics/pokemon/misdreavus/back.4bpp graphics/pokemon/misdreavus/back.4bpp.lz
tools/gbagfx/gbagfx graphics/pokemon/misdreavus/front.4bpp graphics/pokemon/misdreavus/front.4bpp.lz
tools/gbagfx/gbagfx graphics/pokemon/misdreavus/normal.gbapal graphics/pokemon/misdreavus/normal.gbapal.lz
tools/gbagfx/gbagfx graphics/pokemon/misdreavus/shiny.gbapal graphics/pokemon/misdreavus/shiny.gbapal.lz
tools/gbagfx/gbagfx graphics/pokemon/mismagius/back.4bpp graphics/pokemon/mismagius/back.4bpp.lz
tools/gbagfx/gbagfx graphics/pokemon/mismagius/front.4bpp graphics/pokemon/mismagius/front.4bpp.lz
tools/gbagfx/gbagfx graphics/pokemon/mismagius/normal.gbapal graphics/pokemon/mismagius/normal.gbapal.lz
tools/gbagfx/gbagfx graphics/pokemon/mismagius/shiny.gbapal graphics/pokemon/mismagius/shiny.gbapal.lz
tools/gbagfx/gbagfx graphics/pokemon/moltres/back.4bpp graphics/pokemon/moltres/back.4bpp.lz
tools/gbagfx/gbagfx graphics/pokemon/moltres/front.4bpp graphics/pokemon/moltres/front.4bpp.lz
tools/gbagfx/gbagfx graphics/pokemon/moltres/galarian/back.4bpp graphics/pokemon/moltres/galarian/back.4bpp.lz
tools/gbagfx/gbagfx graphics/pokemon/moltres/galarian/front.4bpp graphics/pokemon/moltres/galarian/front.4bpp.lz
tools/gbagfx/gbagfx graphics/pokemon/moltres/galarian/normal.gbapal graphics/pokemon/moltres/galarian/normal.gbapal.lz
tools/gbagfx/gbagfx graphics/pokemon/moltres/galarian/shiny.gbapal graphics/pokemon/moltres/galarian/shiny.gbapal.lz
tools/gbagfx/gbagfx graphics/pokemon/moltres/normal.gbapal graphics/pokemon/moltres/normal.gbapal.lz
tools/gbagfx/gbagfx graphics/pokemon/moltres/shiny.gbapal graphics/pokemon/moltres/shiny.gbapal.lz
tools/gbagfx/gbagfx graphics/pokemon/monferno/back.4bpp graphics/pokemon/monferno/back.4bpp.lz
tools/gbagfx/gbagfx graphics/pokemon/monferno/front.4bpp graphics/pokemon/monferno/front.4bpp.lz
tools/gbagfx/gbagfx graphics/pokemon/monferno/normal.gbapal graphics/pokemon/monferno/normal.gbapal.lz
tools/gbagfx/gbagfx graphics/pokemon/monferno/shiny.gbapal graphics/pokemon/monferno/shiny.gbapal.lz
tools/gbagfx/gbagfx graphics/pokemon/morelull/back.4bpp graphics/pokemon/morelull/back.4bpp.lz
tools/gbagfx/gbagfx graphics/pokemon/morelull/front.4bpp graphics/pokemon/morelull/front.4bpp.lz
tools/gbagfx/gbagfx graphics/pokemon/morelull/normal.gbapal graphics/pokemon/morelull/normal.gbapal.lz
tools/gbagfx/gbagfx graphics/pokemon/morelull/shiny.gbapal graphics/pokemon/morelull/shiny.gbapal.lz
tools/gbagfx/gbagfx graphics/pokemon/morgrem/back.4bpp graphics/pokemon/morgrem/back.4bpp.lz
tools/gbagfx/gbagfx graphics/pokemon/morgrem/front.4bpp graphics/pokemon/morgrem/front.4bpp.lz
tools/gbagfx/gbagfx graphics/pokemon/morgrem/normal.gbapal graphics/pokemon/morgrem/normal.gbapal.lz
tools/gbagfx/gbagfx graphics/pokemon/morgrem/shiny.gbapal graphics/pokemon/morgrem/shiny.gbapal.lz
tools/gbagfx/gbagfx graphics/pokemon/morpeko/back.4bpp graphics/pokemon/morpeko/back.4bpp.lz
tools/gbagfx/gbagfx graphics/pokemon/morpeko/front.4bpp graphics/pokemon/morpeko/front.4bpp.lz
tools/gbagfx/gbagfx graphics/pokemon/morpeko/hangry/back.4bpp graphics/pokemon/morpeko/hangry/back.4bpp.lz
tools/gbagfx/gbagfx graphics/pokemon/morpeko/hangry/front.4bpp graphics/pokemon/morpeko/hangry/front.4bpp.lz
tools/gbagfx/gbagfx graphics/pokemon/morpeko/hangry/normal.gbapal graphics/pokemon/morpeko/hangry/normal.gbapal.lz
tools/gbagfx/gbagfx graphics/pokemon/morpeko/hangry/shiny.gbapal graphics/pokemon/morpeko/hangry/shiny.gbapal.lz
tools/gbagfx/gbagfx graphics/pokemon/morpeko/normal.gbapal graphics/pokemon/morpeko/normal.gbapal.lz
tools/gbagfx/gbagfx graphics/pokemon/morpeko/shiny.gbapal graphics/pokemon/morpeko/shiny.gbapal.lz
tools/gbagfx/gbagfx graphics/pokemon/mothim/back.4bpp graphics/pokemon/mothim/back.4bpp.lz
tools/gbagfx/gbagfx graphics/pokemon/mothim/front.4bpp graphics/pokemon/mothim/front.4bpp.lz
tools/gbagfx/gbagfx graphics/pokemon/mothim/normal.gbapal graphics/pokemon/mothim/normal.gbapal.lz
tools/gbagfx/gbagfx graphics/pokemon/mothim/shiny.gbapal graphics/pokemon/mothim/shiny.gbapal.lz
tools/gbagfx/gbagfx graphics/pokemon/mr_mime/back.4bpp graphics/pokemon/mr_mime/back.4bpp.lz
tools/gbagfx/gbagfx graphics/pokemon/mr_mime/front.4bpp graphics/pokemon/mr_mime/front.4bpp.lz
tools/gbagfx/gbagfx graphics/pokemon/mr_mime/galarian/back.4bpp graphics/pokemon/mr_mime/galarian/back.4bpp.lz
tools/gbagfx/gbagfx graphics/pokemon/mr_mime/galarian/front.4bpp graphics/pokemon/mr_mime/galarian/front.4bpp.lz
tools/gbagfx/gbagfx graphics/pokemon/mr_mime/galarian/normal.gbapal graphics/pokemon/mr_mime/galarian/normal.gbapal.lz
tools/gbagfx/gbagfx graphics/pokemon/mr_mime/galarian/shiny.gbapal graphics/pokemon/mr_mime/galarian/shiny.gbapal.lz
tools/gbagfx/gbagfx graphics/pokemon/mr_mime/normal.gbapal graphics/pokemon/mr_mime/normal.gbapal.lz
tools/gbagfx/gbagfx graphics/pokemon/mr_mime/shiny.gbapal graphics/pokemon/mr_mime/shiny.gbapal.lz
tools/gbagfx/gbagfx graphics/pokemon/mr_rime/back.4bpp graphics/pokemon/mr_rime/back.4bpp.lz
tools/gbagfx/gbagfx graphics/pokemon/mr_rime/front.4bpp graphics/pokemon/mr_rime/front.4bpp.lz
tools/gbagfx/gbagfx graphics/pokemon/mr_rime/normal.gbapal graphics/pokemon/mr_rime/normal.gbapal.lz
tools/gbagfx/gbagfx graphics/pokemon/mr_rime/shiny.gbapal graphics/pokemon/mr_rime/shiny.gbapal.lz
tools/gbagfx/gbagfx graphics/pokemon/mudbray/back.4bpp graphics/pokemon/mudbray/back.4bpp.lz
tools/gbagfx/gbagfx graphics/pokemon/mudbray/front.4bpp graphics/pokemon/mudbray/front.4bpp.lz
tools/gbagfx/gbagfx graphics/pokemon/mudbray/normal.gbapal graphics/pokemon/mudbray/normal.gbapal.lz
tools/gbagfx/gbagfx graphics/pokemon/mudbray/shiny.gbapal graphics/pokemon/mudbray/shiny.gbapal.lz
tools/gbagfx/gbagfx graphics/pokemon/mudkip/back.4bpp graphics/pokemon/mudkip/back.4bpp.lz
tools/gbagfx/gbagfx graphics/pokemon/mudkip/front.4bpp graphics/pokemon/mudkip/front.4bpp.lz
tools/gbagfx/gbagfx graphics/pokemon/mudkip/normal.gbapal graphics/pokemon/mudkip/normal.gbapal.lz
tools/gbagfx/gbagfx graphics/pokemon/mudkip/shiny.gbapal graphics/pokemon/mudkip/shiny.gbapal.lz
tools/gbagfx/gbagfx graphics/pokemon/mudsdale/back.4bpp graphics/pokemon/mudsdale/back.4bpp.lz
tools/gbagfx/gbagfx graphics/pokemon/mudsdale/front.4bpp graphics/pokemon/mudsdale/front.4bpp.lz
tools/gbagfx/gbagfx graphics/pokemon/mudsdale/normal.gbapal graphics/pokemon/mudsdale/normal.gbapal.lz
tools/gbagfx/gbagfx graphics/pokemon/mudsdale/shiny.gbapal graphics/pokemon/mudsdale/shiny.gbapal.lz
tools/gbagfx/gbagfx graphics/pokemon/muk/alolan/back.4bpp graphics/pokemon/muk/alolan/back.4bpp.lz
tools/gbagfx/gbagfx graphics/pokemon/muk/alolan/front.4bpp graphics/pokemon/muk/alolan/front.4bpp.lz
tools/gbagfx/gbagfx graphics/pokemon/muk/alolan/normal.gbapal graphics/pokemon/muk/alolan/normal.gbapal.lz
tools/gbagfx/gbagfx graphics/pokemon/muk/alolan/shiny.gbapal graphics/pokemon/muk/alolan/shiny.gbapal.lz
tools/gbagfx/gbagfx graphics/pokemon/muk/back.4bpp graphics/pokemon/muk/back.4bpp.lz
tools/gbagfx/gbagfx graphics/pokemon/muk/front.4bpp graphics/pokemon/muk/front.4bpp.lz
tools/gbagfx/gbagfx graphics/pokemon/muk/normal.gbapal graphics/pokemon/muk/normal.gbapal.lz
tools/gbagfx/gbagfx graphics/pokemon/muk/shiny.gbapal graphics/pokemon/muk/shiny.gbapal.lz
tools/gbagfx/gbagfx graphics/pokemon/munchlax/back.4bpp graphics/pokemon/munchlax/back.4bpp.lz
tools/gbagfx/gbagfx graphics/pokemon/munchlax/front.4bpp graphics/pokemon/munchlax/front.4bpp.lz
tools/gbagfx/gbagfx graphics/pokemon/munchlax/normal.gbapal graphics/pokemon/munchlax/normal.gbapal.lz
tools/gbagfx/gbagfx graphics/pokemon/munchlax/shiny.gbapal graphics/pokemon/munchlax/shiny.gbapal.lz
tools/gbagfx/gbagfx graphics/pokemon/munkidori/back.4bpp graphics/pokemon/munkidori/back.4bpp.lz
tools/gbagfx/gbagfx graphics/pokemon/munkidori/front.4bpp graphics/pokemon/munkidori/front.4bpp.lz
tools/gbagfx/gbagfx graphics/pokemon/munkidori/normal.gbapal graphics/pokemon/munkidori/normal.gbapal.lz
tools/gbagfx/gbagfx graphics/pokemon/munkidori/shiny.gbapal graphics/pokemon/munkidori/shiny.gbapal.lz
tools/gbagfx/gbagfx graphics/pokemon/munna/back.4bpp graphics/pokemon/munna/back.4bpp.lz
tools/gbagfx/gbagfx graphics/pokemon/munna/front.4bpp graphics/pokemon/munna/front.4bpp.lz
tools/gbagfx/gbagfx graphics/pokemon/munna/normal.gbapal graphics/pokemon/munna/normal.gbapal.lz
tools/gbagfx/gbagfx graphics/pokemon/munna/shiny.gbapal graphics/pokemon/munna/shiny.gbapal.lz
tools/gbagfx/gbagfx graphics/pokemon/murkrow/back.4bpp graphics/pokemon/murkrow/back.4bpp.lz
tools/gbagfx/gbagfx graphics/pokemon/murkrow/backf.4bpp graphics/pokemon/murkrow/backf.4bpp.lz
tools/gbagfx/gbagfx graphics/pokemon/murkrow/front.4bpp graphics/pokemon/murkrow/front.4bpp.lz
tools/gbagfx/gbagfx graphics/pokemon/murkrow/frontf.4bpp graphics/pokemon/murkrow/frontf.4bpp.lz
tools/gbagfx/gbagfx graphics/pokemon/murkrow/normal.gbapal graphics/pokemon/murkrow/normal.gbapal.lz
tools/gbagfx/gbagfx graphics/pokemon/murkrow/shiny.gbapal graphics/pokemon/murkrow/shiny.gbapal.lz
tools/gbagfx/gbagfx graphics/pokemon/musharna/back.4bpp graphics/pokemon/musharna/back.4bpp.lz
tools/gbagfx/gbagfx graphics/pokemon/musharna/front.4bpp graphics/pokemon/musharna/front.4bpp.lz
tools/gbagfx/gbagfx graphics/pokemon/musharna/normal.gbapal graphics/pokemon/musharna/normal.gbapal.lz
tools/gbagfx/gbagfx graphics/pokemon/musharna/shiny.gbapal graphics/pokemon/musharna/shiny.gbapal.lz
tools/gbagfx/gbagfx graphics/pokemon/nacli/back.4bpp graphics/pokemon/nacli/back.4bpp.lz
tools/gbagfx/gbagfx graphics/pokemon/nacli/front.4bpp graphics/pokemon/nacli/front.4bpp.lz
tools/gbagfx/gbagfx graphics/pokemon/nacli/normal.gbapal graphics/pokemon/nacli/normal.gbapal.lz
tools/gbagfx/gbagfx graphics/pokemon/nacli/shiny.gbapal graphics/pokemon/nacli/shiny.gbapal.lz
tools/gbagfx/gbagfx graphics/pokemon/naclstack/back.4bpp graphics/pokemon/naclstack/back.4bpp.lz
tools/gbagfx/gbagfx graphics/pokemon/naclstack/front.4bpp graphics/pokemon/naclstack/front.4bpp.lz
tools/gbagfx/gbagfx graphics/pokemon/naclstack/normal.gbapal graphics/pokemon/naclstack/normal.gbapal.lz
tools/gbagfx/gbagfx graphics/pokemon/naclstack/shiny.gbapal graphics/pokemon/naclstack/shiny.gbapal.lz
tools/gbagfx/gbagfx graphics/pokemon/naganadel/back.4bpp graphics/pokemon/naganadel/back.4bpp.lz
tools/gbagfx/gbagfx graphics/pokemon/naganadel/front.4bpp graphics/pokemon/naganadel/front.4bpp.lz
tools/gbagfx/gbagfx graphics/pokemon/naganadel/normal.gbapal graphics/pokemon/naganadel/normal.gbapal.lz
tools/gbagfx/gbagfx graphics/pokemon/naganadel/shiny.gbapal graphics/pokemon/naganadel/shiny.gbapal.lz
tools/gbagfx/gbagfx graphics/pokemon/natu/back.4bpp graphics/pokemon/natu/back.4bpp.lz
tools/gbagfx/gbagfx graphics/pokemon/natu/front.4bpp graphics/pokemon/natu/front.4bpp.lz
tools/gbagfx/gbagfx graphics/pokemon/natu/normal.gbapal graphics/pokemon/natu/normal.gbapal.lz
tools/gbagfx/gbagfx graphics/pokemon/natu/shiny.gbapal graphics/pokemon/natu/shiny.gbapal.lz
tools/gbagfx/gbagfx graphics/pokemon/necrozma/back.4bpp graphics/pokemon/necrozma/back.4bpp.lz
tools/gbagfx/gbagfx graphics/pokemon/necrozma/dawn_wings/back.4bpp graphics/pokemon/necrozma/dawn_wings/back.4bpp.lz
tools/gbagfx/gbagfx graphics/pokemon/necrozma/dawn_wings/front.4bpp graphics/pokemon/necrozma/dawn_wings/front.4bpp.lz
tools/gbagfx/gbagfx graphics/pokemon/necrozma/dawn_wings/normal.gbapal graphics/pokemon/necrozma/dawn_wings/normal.gbapal.lz
tools/gbagfx/gbagfx graphics/pokemon/necrozma/dawn_wings/shiny.gbapal graphics/pokemon/necrozma/dawn_wings/shiny.gbapal.lz
tools/gbagfx/gbagfx graphics/pokemon/necrozma/dusk_mane/back.4bpp graphics/pokemon/necrozma/dusk_mane/back.4bpp.lz
tools/gbagfx/gbagfx graphics/pokemon/necrozma/dusk_mane/front.4bpp graphics/pokemon/necrozma/dusk_mane/front.4bpp.lz
tools/gbagfx/gbagfx graphics/pokemon/necrozma/dusk_mane/normal.gbapal graphics/pokemon/necrozma/dusk_mane/normal.gbapal.lz
tools/gbagfx/gbagfx graphics/pokemon/necrozma/dusk_mane/shiny.gbapal graphics/pokemon/necrozma/dusk_mane/shiny.gbapal.lz
tools/gbagfx/gbagfx graphics/pokemon/necrozma/front.4bpp graphics/pokemon/necrozma/front.4bpp.lz
tools/gbagfx/gbagfx graphics/pokemon/necrozma/normal.gbapal graphics/pokemon/necrozma/normal.gbapal.lz
tools/gbagfx/gbagfx graphics/pokemon/necrozma/shiny.gbapal graphics/pokemon/necrozma/shiny.gbapal.lz
tools/gbagfx/gbagfx graphics/pokemon/necrozma/ultra/back.4bpp graphics/pokemon/necrozma/ultra/back.4bpp.lz
tools/gbagfx/gbagfx graphics/pokemon/necrozma/ultra/front.4bpp graphics/pokemon/necrozma/ultra/front.4bpp.lz
tools/gbagfx/gbagfx graphics/pokemon/necrozma/ultra/normal.gbapal graphics/pokemon/necrozma/ultra/normal.gbapal.lz
tools/gbagfx/gbagfx graphics/pokemon/necrozma/ultra/shiny.gbapal graphics/pokemon/necrozma/ultra/shiny.gbapal.lz
tools/gbagfx/gbagfx graphics/pokemon/nickit/back.4bpp graphics/pokemon/nickit/back.4bpp.lz
tools/gbagfx/gbagfx graphics/pokemon/nickit/front.4bpp graphics/pokemon/nickit/front.4bpp.lz
tools/gbagfx/gbagfx graphics/pokemon/nickit/normal.gbapal graphics/pokemon/nickit/normal.gbapal.lz
tools/gbagfx/gbagfx graphics/pokemon/nickit/shiny.gbapal graphics/pokemon/nickit/shiny.gbapal.lz
tools/gbagfx/gbagfx graphics/pokemon/nidoking/back.4bpp graphics/pokemon/nidoking/back.4bpp.lz
tools/gbagfx/gbagfx graphics/pokemon/nidoking/front.4bpp graphics/pokemon/nidoking/front.4bpp.lz
tools/gbagfx/gbagfx graphics/pokemon/nidoking/normal.gbapal graphics/pokemon/nidoking/normal.gbapal.lz
tools/gbagfx/gbagfx graphics/pokemon/nidoking/shiny.gbapal graphics/pokemon/nidoking/shiny.gbapal.lz
tools/gbagfx/gbagfx graphics/pokemon/nidoqueen/back.4bpp graphics/pokemon/nidoqueen/back.4bpp.lz
tools/gbagfx/gbagfx graphics/pokemon/nidoqueen/front.4bpp graphics/pokemon/nidoqueen/front.4bpp.lz
tools/gbagfx/gbagfx graphics/pokemon/nidoqueen/normal.gbapal graphics/pokemon/nidoqueen/normal.gbapal.lz
tools/gbagfx/gbagfx graphics/pokemon/nidoqueen/shiny.gbapal graphics/pokemon/nidoqueen/shiny.gbapal.lz
tools/gbagfx/gbagfx graphics/pokemon/nidoran_f/back.4bpp graphics/pokemon/nidoran_f/back.4bpp.lz
tools/gbagfx/gbagfx graphics/pokemon/nidoran_f/front.4bpp graphics/pokemon/nidoran_f/front.4bpp.lz
tools/gbagfx/gbagfx graphics/pokemon/nidoran_f/normal.gbapal graphics/pokemon/nidoran_f/normal.gbapal.lz
tools/gbagfx/gbagfx graphics/pokemon/nidoran_f/shiny.gbapal graphics/pokemon/nidoran_f/shiny.gbapal.lz
tools/gbagfx/gbagfx graphics/pokemon/nidoran_m/back.4bpp graphics/pokemon/nidoran_m/back.4bpp.lz
tools/gbagfx/gbagfx graphics/pokemon/nidoran_m/front.4bpp graphics/pokemon/nidoran_m/front.4bpp.lz
tools/gbagfx/gbagfx graphics/pokemon/nidoran_m/normal.gbapal graphics/pokemon/nidoran_m/normal.gbapal.lz
tools/gbagfx/gbagfx graphics/pokemon/nidoran_m/shiny.gbapal graphics/pokemon/nidoran_m/shiny.gbapal.lz
tools/gbagfx/gbagfx graphics/pokemon/nidorina/back.4bpp graphics/pokemon/nidorina/back.4bpp.lz
tools/gbagfx/gbagfx graphics/pokemon/nidorina/front.4bpp graphics/pokemon/nidorina/front.4bpp.lz
tools/gbagfx/gbagfx graphics/pokemon/nidorina/normal.gbapal graphics/pokemon/nidorina/normal.gbapal.lz
tools/gbagfx/gbagfx graphics/pokemon/nidorina/shiny.gbapal graphics/pokemon/nidorina/shiny.gbapal.lz
tools/gbagfx/gbagfx graphics/pokemon/nidorino/back.4bpp graphics/pokemon/nidorino/back.4bpp.lz
tools/gbagfx/gbagfx graphics/pokemon/nidorino/front.4bpp graphics/pokemon/nidorino/front.4bpp.lz
tools/gbagfx/gbagfx graphics/pokemon/nidorino/normal.gbapal graphics/pokemon/nidorino/normal.gbapal.lz
tools/gbagfx/gbagfx graphics/pokemon/nidorino/shiny.gbapal graphics/pokemon/nidorino/shiny.gbapal.lz
tools/gbagfx/gbagfx graphics/pokemon/nihilego/back.4bpp graphics/pokemon/nihilego/back.4bpp.lz
tools/gbagfx/gbagfx graphics/pokemon/nihilego/front.4bpp graphics/pokemon/nihilego/front.4bpp.lz
tools/gbagfx/gbagfx graphics/pokemon/nihilego/normal.gbapal graphics/pokemon/nihilego/normal.gbapal.lz
tools/gbagfx/gbagfx graphics/pokemon/nihilego/shiny.gbapal graphics/pokemon/nihilego/shiny.gbapal.lz
tools/gbagfx/gbagfx graphics/pokemon/nincada/back.4bpp graphics/pokemon/nincada/back.4bpp.lz
tools/gbagfx/gbagfx graphics/pokemon/nincada/front.4bpp graphics/pokemon/nincada/front.4bpp.lz
tools/gbagfx/gbagfx graphics/pokemon/nincada/normal.gbapal graphics/pokemon/nincada/normal.gbapal.lz
tools/gbagfx/gbagfx graphics/pokemon/nincada/shiny.gbapal graphics/pokemon/nincada/shiny.gbapal.lz
tools/gbagfx/gbagfx graphics/pokemon/ninetales/alolan/back.4bpp graphics/pokemon/ninetales/alolan/back.4bpp.lz
tools/gbagfx/gbagfx graphics/pokemon/ninetales/alolan/front.4bpp graphics/pokemon/ninetales/alolan/front.4bpp.lz
tools/gbagfx/gbagfx graphics/pokemon/ninetales/alolan/normal.gbapal graphics/pokemon/ninetales/alolan/normal.gbapal.lz
tools/gbagfx/gbagfx graphics/pokemon/ninetales/alolan/shiny.gbapal graphics/pokemon/ninetales/alolan/shiny.gbapal.lz
tools/gbagfx/gbagfx graphics/pokemon/ninetales/back.4bpp graphics/pokemon/ninetales/back.4bpp.lz
tools/gbagfx/gbagfx graphics/pokemon/ninetales/front.4bpp graphics/pokemon/ninetales/front.4bpp.lz
tools/gbagfx/gbagfx graphics/pokemon/ninetales/normal.gbapal graphics/pokemon/ninetales/normal.gbapal.lz
tools/gbagfx/gbagfx graphics/pokemon/ninetales/shiny.gbapal graphics/pokemon/ninetales/shiny.gbapal.lz
tools/gbagfx/gbagfx graphics/pokemon/ninjask/back.4bpp graphics/pokemon/ninjask/back.4bpp.lz
tools/gbagfx/gbagfx graphics/pokemon/ninjask/front.4bpp graphics/pokemon/ninjask/front.4bpp.lz
tools/gbagfx/gbagfx graphics/pokemon/ninjask/normal.gbapal graphics/pokemon/ninjask/normal.gbapal.lz
tools/gbagfx/gbagfx graphics/pokemon/ninjask/shiny.gbapal graphics/pokemon/ninjask/shiny.gbapal.lz
tools/gbagfx/gbagfx graphics/pokemon/noctowl/back.4bpp graphics/pokemon/noctowl/back.4bpp.lz
tools/gbagfx/gbagfx graphics/pokemon/noctowl/front.4bpp graphics/pokemon/noctowl/front.4bpp.lz
tools/gbagfx/gbagfx graphics/pokemon/noctowl/normal.gbapal graphics/pokemon/noctowl/normal.gbapal.lz
tools/gbagfx/gbagfx graphics/pokemon/noctowl/shiny.gbapal graphics/pokemon/noctowl/shiny.gbapal.lz
tools/gbagfx/gbagfx graphics/pokemon/noibat/back.4bpp graphics/pokemon/noibat/back.4bpp.lz
tools/gbagfx/gbagfx graphics/pokemon/noibat/front.4bpp graphics/pokemon/noibat/front.4bpp.lz
tools/gbagfx/gbagfx graphics/pokemon/noibat/normal.gbapal graphics/pokemon/noibat/normal.gbapal.lz
tools/gbagfx/gbagfx graphics/pokemon/noibat/shiny.gbapal graphics/pokemon/noibat/shiny.gbapal.lz
tools/gbagfx/gbagfx graphics/pokemon/noivern/back.4bpp graphics/pokemon/noivern/back.4bpp.lz
tools/gbagfx/gbagfx graphics/pokemon/noivern/front.4bpp graphics/pokemon/noivern/front.4bpp.lz
tools/gbagfx/gbagfx graphics/pokemon/noivern/normal.gbapal graphics/pokemon/noivern/normal.gbapal.lz
tools/gbagfx/gbagfx graphics/pokemon/noivern/shiny.gbapal graphics/pokemon/noivern/shiny.gbapal.lz
tools/gbagfx/gbagfx graphics/pokemon/nosepass/back.4bpp graphics/pokemon/nosepass/back.4bpp.lz
tools/gbagfx/gbagfx graphics/pokemon/nosepass/front.4bpp graphics/pokemon/nosepass/front.4bpp.lz
tools/gbagfx/gbagfx graphics/pokemon/nosepass/normal.gbapal graphics/pokemon/nosepass/normal.gbapal.lz
tools/gbagfx/gbagfx graphics/pokemon/nosepass/shiny.gbapal graphics/pokemon/nosepass/shiny.gbapal.lz
tools/gbagfx/gbagfx graphics/pokemon/numel/back.4bpp graphics/pokemon/numel/back.4bpp.lz
tools/gbagfx/gbagfx graphics/pokemon/numel/backf.4bpp graphics/pokemon/numel/backf.4bpp.lz
tools/gbagfx/gbagfx graphics/pokemon/numel/front.4bpp graphics/pokemon/numel/front.4bpp.lz
tools/gbagfx/gbagfx graphics/pokemon/numel/frontf.4bpp graphics/pokemon/numel/frontf.4bpp.lz
tools/gbagfx/gbagfx graphics/pokemon/numel/normal.gbapal graphics/pokemon/numel/normal.gbapal.lz
tools/gbagfx/gbagfx graphics/pokemon/numel/shiny.gbapal graphics/pokemon/numel/shiny.gbapal.lz
tools/gbagfx/gbagfx graphics/pokemon/nuzleaf/back.4bpp graphics/pokemon/nuzleaf/back.4bpp.lz
tools/gbagfx/gbagfx graphics/pokemon/nuzleaf/backf.4bpp graphics/pokemon/nuzleaf/backf.4bpp.lz
tools/gbagfx/gbagfx graphics/pokemon/nuzleaf/front.4bpp graphics/pokemon/nuzleaf/front.4bpp.lz
tools/gbagfx/gbagfx graphics/pokemon/nuzleaf/frontf.4bpp graphics/pokemon/nuzleaf/frontf.4bpp.lz
tools/gbagfx/gbagfx graphics/pokemon/nuzleaf/normal.gbapal graphics/pokemon/nuzleaf/normal.gbapal.lz
tools/gbagfx/gbagfx graphics/pokemon/nuzleaf/shiny.gbapal graphics/pokemon/nuzleaf/shiny.gbapal.lz
tools/gbagfx/gbagfx graphics/pokemon/nymble/back.4bpp graphics/pokemon/nymble/back.4bpp.lz
tools/gbagfx/gbagfx graphics/pokemon/nymble/front.4bpp graphics/pokemon/nymble/front.4bpp.lz
tools/gbagfx/gbagfx graphics/pokemon/nymble/normal.gbapal graphics/pokemon/nymble/normal.gbapal.lz
tools/gbagfx/gbagfx graphics/pokemon/nymble/shiny.gbapal graphics/pokemon/nymble/shiny.gbapal.lz
tools/gbagfx/gbagfx graphics/pokemon/obstagoon/back.4bpp graphics/pokemon/obstagoon/back.4bpp.lz
tools/gbagfx/gbagfx graphics/pokemon/obstagoon/front.4bpp graphics/pokemon/obstagoon/front.4bpp.lz
tools/gbagfx/gbagfx graphics/pokemon/obstagoon/normal.gbapal graphics/pokemon/obstagoon/normal.gbapal.lz
tools/gbagfx/gbagfx graphics/pokemon/obstagoon/shiny.gbapal graphics/pokemon/obstagoon/shiny.gbapal.lz
tools/gbagfx/gbagfx graphics/pokemon/octillery/back.4bpp graphics/pokemon/octillery/back.4bpp.lz
tools/gbagfx/gbagfx graphics/pokemon/octillery/backf.4bpp graphics/pokemon/octillery/backf.4bpp.lz
tools/gbagfx/gbagfx graphics/pokemon/octillery/front.4bpp graphics/pokemon/octillery/front.4bpp.lz
tools/gbagfx/gbagfx graphics/pokemon/octillery/frontf.4bpp graphics/pokemon/octillery/frontf.4bpp.lz
tools/gbagfx/gbagfx graphics/pokemon/octillery/normal.gbapal graphics/pokemon/octillery/normal.gbapal.lz
tools/gbagfx/gbagfx graphics/pokemon/octillery/shiny.gbapal graphics/pokemon/octillery/shiny.gbapal.lz
tools/gbagfx/gbagfx graphics/pokemon/oddish/back.4bpp graphics/pokemon/oddish/back.4bpp.lz
tools/gbagfx/gbagfx graphics/pokemon/oddish/front.4bpp graphics/pokemon/oddish/front.4bpp.lz
tools/gbagfx/gbagfx graphics/pokemon/oddish/normal.gbapal graphics/pokemon/oddish/normal.gbapal.lz
tools/gbagfx/gbagfx graphics/pokemon/oddish/shiny.gbapal graphics/pokemon/oddish/shiny.gbapal.lz
tools/gbagfx/gbagfx graphics/pokemon/ogerpon/back.4bpp graphics/pokemon/ogerpon/back.4bpp.lz
tools/gbagfx/gbagfx graphics/pokemon/ogerpon/cornerstone/back.4bpp graphics/pokemon/ogerpon/cornerstone/back.4bpp.lz
tools/gbagfx/gbagfx graphics/pokemon/ogerpon/cornerstone/front.4bpp graphics/pokemon/ogerpon/cornerstone/front.4bpp.lz
tools/gbagfx/gbagfx graphics/pokemon/ogerpon/cornerstone/normal.gbapal graphics/pokemon/ogerpon/cornerstone/normal.gbapal.lz
tools/gbagfx/gbagfx graphics/pokemon/ogerpon/cornerstone/shiny.gbapal graphics/pokemon/ogerpon/cornerstone/shiny.gbapal.lz
tools/gbagfx/gbagfx graphics/pokemon/ogerpon/front.4bpp graphics/pokemon/ogerpon/front.4bpp.lz
tools/gbagfx/gbagfx graphics/pokemon/ogerpon/hearthflame/back.4bpp graphics/pokemon/ogerpon/hearthflame/back.4bpp.lz
tools/gbagfx/gbagfx graphics/pokemon/ogerpon/hearthflame/front.4bpp graphics/pokemon/ogerpon/hearthflame/front.4bpp.lz
tools/gbagfx/gbagfx graphics/pokemon/ogerpon/hearthflame/normal.gbapal graphics/pokemon/ogerpon/hearthflame/normal.gbapal.lz
tools/gbagfx/gbagfx graphics/pokemon/ogerpon/hearthflame/shiny.gbapal graphics/pokemon/ogerpon/hearthflame/shiny.gbapal.lz
tools/gbagfx/gbagfx graphics/pokemon/ogerpon/normal.gbapal graphics/pokemon/ogerpon/normal.gbapal.lz
tools/gbagfx/gbagfx graphics/pokemon/ogerpon/shiny.gbapal graphics/pokemon/ogerpon/shiny.gbapal.lz
tools/gbagfx/gbagfx graphics/pokemon/ogerpon/wellspring/back.4bpp graphics/pokemon/ogerpon/wellspring/back.4bpp.lz
tools/gbagfx/gbagfx graphics/pokemon/ogerpon/wellspring/front.4bpp graphics/pokemon/ogerpon/wellspring/front.4bpp.lz
tools/gbagfx/gbagfx graphics/pokemon/ogerpon/wellspring/normal.gbapal graphics/pokemon/ogerpon/wellspring/normal.gbapal.lz
tools/gbagfx/gbagfx graphics/pokemon/ogerpon/wellspring/shiny.gbapal graphics/pokemon/ogerpon/wellspring/shiny.gbapal.lz
tools/gbagfx/gbagfx graphics/pokemon/oinkologne/back.4bpp graphics/pokemon/oinkologne/back.4bpp.lz
tools/gbagfx/gbagfx graphics/pokemon/oinkologne/female/back.4bpp graphics/pokemon/oinkologne/female/back.4bpp.lz
tools/gbagfx/gbagfx graphics/pokemon/oinkologne/female/front.4bpp graphics/pokemon/oinkologne/female/front.4bpp.lz
tools/gbagfx/gbagfx graphics/pokemon/oinkologne/female/normal.gbapal graphics/pokemon/oinkologne/female/normal.gbapal.lz
tools/gbagfx/gbagfx graphics/pokemon/oinkologne/female/shiny.gbapal graphics/pokemon/oinkologne/female/shiny.gbapal.lz
tools/gbagfx/gbagfx graphics/pokemon/oinkologne/front.4bpp graphics/pokemon/oinkologne/front.4bpp.lz
tools/gbagfx/gbagfx graphics/pokemon/oinkologne/normal.gbapal graphics/pokemon/oinkologne/normal.gbapal.lz
tools/gbagfx/gbagfx graphics/pokemon/oinkologne/shiny.gbapal graphics/pokemon/oinkologne/shiny.gbapal.lz
tools/gbagfx/gbagfx graphics/pokemon/okidogi/back.4bpp graphics/pokemon/okidogi/back.4bpp.lz
tools/gbagfx/gbagfx graphics/pokemon/okidogi/front.4bpp graphics/pokemon/okidogi/front.4bpp.lz
tools/gbagfx/gbagfx graphics/pokemon/okidogi/normal.gbapal graphics/pokemon/okidogi/normal.gbapal.lz
tools/gbagfx/gbagfx graphics/pokemon/okidogi/shiny.gbapal graphics/pokemon/okidogi/shiny.gbapal.lz
tools/gbagfx/gbagfx graphics/pokemon/omanyte/back.4bpp graphics/pokemon/omanyte/back.4bpp.lz
tools/gbagfx/gbagfx graphics/pokemon/omanyte/front.4bpp graphics/pokemon/omanyte/front.4bpp.lz
tools/gbagfx/gbagfx graphics/pokemon/omanyte/normal.gbapal graphics/pokemon/omanyte/normal.gbapal.lz
tools/gbagfx/gbagfx graphics/pokemon/omanyte/shiny.gbapal graphics/pokemon/omanyte/shiny.gbapal.lz
tools/gbagfx/gbagfx graphics/pokemon/omastar/back.4bpp graphics/pokemon/omastar/back.4bpp.lz
tools/gbagfx/gbagfx graphics/pokemon/omastar/front.4bpp graphics/pokemon/omastar/front.4bpp.lz
tools/gbagfx/gbagfx graphics/pokemon/omastar/normal.gbapal graphics/pokemon/omastar/normal.gbapal.lz
tools/gbagfx/gbagfx graphics/pokemon/omastar/shiny.gbapal graphics/pokemon/omastar/shiny.gbapal.lz
tools/gbagfx/gbagfx graphics/pokemon/onix/back.4bpp graphics/pokemon/onix/back.4bpp.lz
tools/gbagfx/gbagfx graphics/pokemon/onix/front.4bpp graphics/pokemon/onix/front.4bpp.lz
tools/gbagfx/gbagfx graphics/pokemon/onix/normal.gbapal graphics/pokemon/onix/normal.gbapal.lz
tools/gbagfx/gbagfx graphics/pokemon/onix/shiny.gbapal graphics/pokemon/onix/shiny.gbapal.lz
tools/gbagfx/gbagfx graphics/pokemon/oranguru/back.4bpp graphics/pokemon/oranguru/back.4bpp.lz
tools/gbagfx/gbagfx graphics/pokemon/oranguru/front.4bpp graphics/pokemon/oranguru/front.4bpp.lz
tools/gbagfx/gbagfx graphics/pokemon/oranguru/normal.gbapal graphics/pokemon/oranguru/normal.gbapal.lz
tools/gbagfx/gbagfx graphics/pokemon/oranguru/shiny.gbapal graphics/pokemon/oranguru/shiny.gbapal.lz
tools/gbagfx/gbagfx graphics/pokemon/orbeetle/back.4bpp graphics/pokemon/orbeetle/back.4bpp.lz
tools/gbagfx/gbagfx graphics/pokemon/orbeetle/front.4bpp graphics/pokemon/orbeetle/front.4bpp.lz
tools/gbagfx/gbagfx graphics/pokemon/orbeetle/normal.gbapal graphics/pokemon/orbeetle/normal.gbapal.lz
tools/gbagfx/gbagfx graphics/pokemon/orbeetle/shiny.gbapal graphics/pokemon/orbeetle/shiny.gbapal.lz
tools/gbagfx/gbagfx graphics/pokemon/oricorio/back.4bpp graphics/pokemon/oricorio/back.4bpp.lz
tools/gbagfx/gbagfx graphics/pokemon/oricorio/front.4bpp graphics/pokemon/oricorio/front.4bpp.lz
tools/gbagfx/gbagfx graphics/pokemon/oricorio/normal.gbapal graphics/pokemon/oricorio/normal.gbapal.lz
tools/gbagfx/gbagfx graphics/pokemon/oricorio/pau/back.4bpp graphics/pokemon/oricorio/pau/back.4bpp.lz
tools/gbagfx/gbagfx graphics/pokemon/oricorio/pau/front.4bpp graphics/pokemon/oricorio/pau/front.4bpp.lz
tools/gbagfx/gbagfx graphics/pokemon/oricorio/pau/normal.gbapal graphics/pokemon/oricorio/pau/normal.gbapal.lz
tools/gbagfx/gbagfx graphics/pokemon/oricorio/pau/shiny.gbapal graphics/pokemon/oricorio/pau/shiny.gbapal.lz
tools/gbagfx/gbagfx graphics/pokemon/oricorio/pom_pom/back.4bpp graphics/pokemon/oricorio/pom_pom/back.4bpp.lz
tools/gbagfx/gbagfx graphics/pokemon/oricorio/pom_pom/front.4bpp graphics/pokemon/oricorio/pom_pom/front.4bpp.lz
tools/gbagfx/gbagfx graphics/pokemon/oricorio/pom_pom/normal.gbapal graphics/pokemon/oricorio/pom_pom/normal.gbapal.lz
tools/gbagfx/gbagfx graphics/pokemon/oricorio/pom_pom/shiny.gbapal graphics/pokemon/oricorio/pom_pom/shiny.gbapal.lz
tools/gbagfx/gbagfx graphics/pokemon/oricorio/sensu/back.4bpp graphics/pokemon/oricorio/sensu/back.4bpp.lz
tools/gbagfx/gbagfx graphics/pokemon/oricorio/sensu/front.4bpp graphics/pokemon/oricorio/sensu/front.4bpp.lz
tools/gbagfx/gbagfx graphics/pokemon/oricorio/sensu/normal.gbapal graphics/pokemon/oricorio/sensu/normal.gbapal.lz
tools/gbagfx/gbagfx graphics/pokemon/oricorio/sensu/shiny.gbapal graphics/pokemon/oricorio/sensu/shiny.gbapal.lz
tools/gbagfx/gbagfx graphics/pokemon/oricorio/shiny.gbapal graphics/pokemon/oricorio/shiny.gbapal.lz
tools/gbagfx/gbagfx graphics/pokemon/orthworm/back.4bpp graphics/pokemon/orthworm/back.4bpp.lz
tools/gbagfx/gbagfx graphics/pokemon/orthworm/front.4bpp graphics/pokemon/orthworm/front.4bpp.lz
tools/gbagfx/gbagfx graphics/pokemon/orthworm/normal.gbapal graphics/pokemon/orthworm/normal.gbapal.lz
tools/gbagfx/gbagfx graphics/pokemon/orthworm/shiny.gbapal graphics/pokemon/orthworm/shiny.gbapal.lz
tools/gbagfx/gbagfx graphics/pokemon/oshawott/back.4bpp graphics/pokemon/oshawott/back.4bpp.lz
tools/gbagfx/gbagfx graphics/pokemon/oshawott/front.4bpp graphics/pokemon/oshawott/front.4bpp.lz
tools/gbagfx/gbagfx graphics/pokemon/oshawott/normal.gbapal graphics/pokemon/oshawott/normal.gbapal.lz
tools/gbagfx/gbagfx graphics/pokemon/oshawott/shiny.gbapal graphics/pokemon/oshawott/shiny.gbapal.lz
tools/gbagfx/gbagfx graphics/pokemon/overqwil/back.4bpp graphics/pokemon/overqwil/back.4bpp.lz
tools/gbagfx/gbagfx graphics/pokemon/overqwil/front.4bpp graphics/pokemon/overqwil/front.4bpp.lz
tools/gbagfx/gbagfx graphics/pokemon/overqwil/normal.gbapal graphics/pokemon/overqwil/normal.gbapal.lz
tools/gbagfx/gbagfx graphics/pokemon/overqwil/shiny.gbapal graphics/pokemon/overqwil/shiny.gbapal.lz
tools/gbagfx/gbagfx graphics/pokemon/pachirisu/back.4bpp graphics/pokemon/pachirisu/back.4bpp.lz
tools/gbagfx/gbagfx graphics/pokemon/pachirisu/front.4bpp graphics/pokemon/pachirisu/front.4bpp.lz
tools/gbagfx/gbagfx graphics/pokemon/pachirisu/frontf.4bpp graphics/pokemon/pachirisu/frontf.4bpp.lz
tools/gbagfx/gbagfx graphics/pokemon/pachirisu/normal.gbapal graphics/pokemon/pachirisu/normal.gbapal.lz
tools/gbagfx/gbagfx graphics/pokemon/pachirisu/shiny.gbapal graphics/pokemon/pachirisu/shiny.gbapal.lz
tools/gbagfx/gbagfx graphics/pokemon/palafin/back.4bpp graphics/pokemon/palafin/back.4bpp.lz
tools/gbagfx/gbagfx graphics/pokemon/palafin/front.4bpp graphics/pokemon/palafin/front.4bpp.lz
tools/gbagfx/gbagfx graphics/pokemon/palafin/hero/back.4bpp graphics/pokemon/palafin/hero/back.4bpp.lz
tools/gbagfx/gbagfx graphics/pokemon/palafin/hero/front.4bpp graphics/pokemon/palafin/hero/front.4bpp.lz
tools/gbagfx/gbagfx graphics/pokemon/palafin/hero/normal.gbapal graphics/pokemon/palafin/hero/normal.gbapal.lz
tools/gbagfx/gbagfx graphics/pokemon/palafin/hero/shiny.gbapal graphics/pokemon/palafin/hero/shiny.gbapal.lz
tools/gbagfx/gbagfx graphics/pokemon/palafin/normal.gbapal graphics/pokemon/palafin/normal.gbapal.lz
tools/gbagfx/gbagfx graphics/pokemon/palafin/shiny.gbapal graphics/pokemon/palafin/shiny.gbapal.lz
tools/gbagfx/gbagfx graphics/pokemon/palkia/back.4bpp graphics/pokemon/palkia/back.4bpp.lz
tools/gbagfx/gbagfx graphics/pokemon/palkia/front.4bpp graphics/pokemon/palkia/front.4bpp.lz
tools/gbagfx/gbagfx graphics/pokemon/palkia/normal.gbapal graphics/pokemon/palkia/normal.gbapal.lz
tools/gbagfx/gbagfx graphics/pokemon/palkia/origin/back.4bpp graphics/pokemon/palkia/origin/back.4bpp.lz
tools/gbagfx/gbagfx graphics/pokemon/palkia/origin/front.4bpp graphics/pokemon/palkia/origin/front.4bpp.lz
tools/gbagfx/gbagfx graphics/pokemon/palkia/origin/normal.gbapal graphics/pokemon/palkia/origin/normal.gbapal.lz
tools/gbagfx/gbagfx graphics/pokemon/palkia/origin/shiny.gbapal graphics/pokemon/palkia/origin/shiny.gbapal.lz
tools/gbagfx/gbagfx graphics/pokemon/palkia/shiny.gbapal graphics/pokemon/palkia/shiny.gbapal.lz
tools/gbagfx/gbagfx graphics/pokemon/palossand/back.4bpp graphics/pokemon/palossand/back.4bpp.lz
tools/gbagfx/gbagfx graphics/pokemon/palossand/front.4bpp graphics/pokemon/palossand/front.4bpp.lz
tools/gbagfx/gbagfx graphics/pokemon/palossand/normal.gbapal graphics/pokemon/palossand/normal.gbapal.lz
tools/gbagfx/gbagfx graphics/pokemon/palossand/shiny.gbapal graphics/pokemon/palossand/shiny.gbapal.lz
tools/gbagfx/gbagfx graphics/pokemon/palpitoad/back.4bpp graphics/pokemon/palpitoad/back.4bpp.lz
tools/gbagfx/gbagfx graphics/pokemon/palpitoad/front.4bpp graphics/pokemon/palpitoad/front.4bpp.lz
tools/gbagfx/gbagfx graphics/pokemon/palpitoad/normal.gbapal graphics/pokemon/palpitoad/normal.gbapal.lz
tools/gbagfx/gbagfx graphics/pokemon/palpitoad/shiny.gbapal graphics/pokemon/palpitoad/shiny.gbapal.lz
tools/gbagfx/gbagfx graphics/pokemon/pancham/back.4bpp graphics/pokemon/pancham/back.4bpp.lz
tools/gbagfx/gbagfx graphics/pokemon/pancham/front.4bpp graphics/pokemon/pancham/front.4bpp.lz
tools/gbagfx/gbagfx graphics/pokemon/pancham/normal.gbapal graphics/pokemon/pancham/normal.gbapal.lz
tools/gbagfx/gbagfx graphics/pokemon/pancham/shiny.gbapal graphics/pokemon/pancham/shiny.gbapal.lz
tools/gbagfx/gbagfx graphics/pokemon/pangoro/back.4bpp graphics/pokemon/pangoro/back.4bpp.lz
tools/gbagfx/gbagfx graphics/pokemon/pangoro/front.4bpp graphics/pokemon/pangoro/front.4bpp.lz
tools/gbagfx/gbagfx graphics/pokemon/pangoro/normal.gbapal graphics/pokemon/pangoro/normal.gbapal.lz
tools/gbagfx/gbagfx graphics/pokemon/pangoro/shiny.gbapal graphics/pokemon/pangoro/shiny.gbapal.lz
tools/gbagfx/gbagfx graphics/pokemon/panpour/back.4bpp graphics/pokemon/panpour/back.4bpp.lz
tools/gbagfx/gbagfx graphics/pokemon/panpour/front.4bpp graphics/pokemon/panpour/front.4bpp.lz
tools/gbagfx/gbagfx graphics/pokemon/panpour/normal.gbapal graphics/pokemon/panpour/normal.gbapal.lz
tools/gbagfx/gbagfx graphics/pokemon/panpour/shiny.gbapal graphics/pokemon/panpour/shiny.gbapal.lz
tools/gbagfx/gbagfx graphics/pokemon/pansage/back.4bpp graphics/pokemon/pansage/back.4bpp.lz
tools/gbagfx/gbagfx graphics/pokemon/pansage/front.4bpp graphics/pokemon/pansage/front.4bpp.lz
tools/gbagfx/gbagfx graphics/pokemon/pansage/normal.gbapal graphics/pokemon/pansage/normal.gbapal.lz
tools/gbagfx/gbagfx graphics/pokemon/pansage/shiny.gbapal graphics/pokemon/pansage/shiny.gbapal.lz
tools/gbagfx/gbagfx graphics/pokemon/pansear/back.4bpp graphics/pokemon/pansear/back.4bpp.lz
tools/gbagfx/gbagfx graphics/pokemon/pansear/front.4bpp graphics/pokemon/pansear/front.4bpp.lz
tools/gbagfx/gbagfx graphics/pokemon/pansear/normal.gbapal graphics/pokemon/pansear/normal.gbapal.lz
tools/gbagfx/gbagfx graphics/pokemon/pansear/shiny.gbapal graphics/pokemon/pansear/shiny.gbapal.lz
tools/gbagfx/gbagfx graphics/pokemon/paras/back.4bpp graphics/pokemon/paras/back.4bpp.lz
tools/gbagfx/gbagfx graphics/pokemon/paras/front.4bpp graphics/pokemon/paras/front.4bpp.lz
tools/gbagfx/gbagfx graphics/pokemon/paras/normal.gbapal graphics/pokemon/paras/normal.gbapal.lz
tools/gbagfx/gbagfx graphics/pokemon/paras/shiny.gbapal graphics/pokemon/paras/shiny.gbapal.lz
tools/gbagfx/gbagfx graphics/pokemon/parasect/back.4bpp graphics/pokemon/parasect/back.4bpp.lz
tools/gbagfx/gbagfx graphics/pokemon/parasect/front.4bpp graphics/pokemon/parasect/front.4bpp.lz
tools/gbagfx/gbagfx graphics/pokemon/parasect/normal.gbapal graphics/pokemon/parasect/normal.gbapal.lz
tools/gbagfx/gbagfx graphics/pokemon/parasect/shiny.gbapal graphics/pokemon/parasect/shiny.gbapal.lz
tools/gbagfx/gbagfx graphics/pokemon/passimian/back.4bpp graphics/pokemon/passimian/back.4bpp.lz
tools/gbagfx/gbagfx graphics/pokemon/passimian/front.4bpp graphics/pokemon/passimian/front.4bpp.lz
tools/gbagfx/gbagfx graphics/pokemon/passimian/normal.gbapal graphics/pokemon/passimian/normal.gbapal.lz
tools/gbagfx/gbagfx graphics/pokemon/passimian/shiny.gbapal graphics/pokemon/passimian/shiny.gbapal.lz
tools/gbagfx/gbagfx graphics/pokemon/patrat/back.4bpp graphics/pokemon/patrat/back.4bpp.lz
tools/gbagfx/gbagfx graphics/pokemon/patrat/front.4bpp graphics/pokemon/patrat/front.4bpp.lz
tools/gbagfx/gbagfx graphics/pokemon/patrat/normal.gbapal graphics/pokemon/patrat/normal.gbapal.lz
tools/gbagfx/gbagfx graphics/pokemon/patrat/shiny.gbapal graphics/pokemon/patrat/shiny.gbapal.lz
tools/gbagfx/gbagfx graphics/pokemon/pawmi/back.4bpp graphics/pokemon/pawmi/back.4bpp.lz
tools/gbagfx/gbagfx graphics/pokemon/pawmi/front.4bpp graphics/pokemon/pawmi/front.4bpp.lz
tools/gbagfx/gbagfx graphics/pokemon/pawmi/normal.gbapal graphics/pokemon/pawmi/normal.gbapal.lz
tools/gbagfx/gbagfx graphics/pokemon/pawmi/shiny.gbapal graphics/pokemon/pawmi/shiny.gbapal.lz
tools/gbagfx/gbagfx graphics/pokemon/pawmo/back.4bpp graphics/pokemon/pawmo/back.4bpp.lz
tools/gbagfx/gbagfx graphics/pokemon/pawmo/front.4bpp graphics/pokemon/pawmo/front.4bpp.lz
tools/gbagfx/gbagfx graphics/pokemon/pawmo/normal.gbapal graphics/pokemon/pawmo/normal.gbapal.lz
tools/gbagfx/gbagfx graphics/pokemon/pawmo/shiny.gbapal graphics/pokemon/pawmo/shiny.gbapal.lz
tools/gbagfx/gbagfx graphics/pokemon/pawmot/back.4bpp graphics/pokemon/pawmot/back.4bpp.lz
tools/gbagfx/gbagfx graphics/pokemon/pawmot/front.4bpp graphics/pokemon/pawmot/front.4bpp.lz
tools/gbagfx/gbagfx graphics/pokemon/pawmot/normal.gbapal graphics/pokemon/pawmot/normal.gbapal.lz
tools/gbagfx/gbagfx graphics/pokemon/pawmot/shiny.gbapal graphics/pokemon/pawmot/shiny.gbapal.lz
tools/gbagfx/gbagfx graphics/pokemon/pawniard/back.4bpp graphics/pokemon/pawniard/back.4bpp.lz
tools/gbagfx/gbagfx graphics/pokemon/pawniard/front.4bpp graphics/pokemon/pawniard/front.4bpp.lz
tools/gbagfx/gbagfx graphics/pokemon/pawniard/normal.gbapal graphics/pokemon/pawniard/normal.gbapal.lz
tools/gbagfx/gbagfx graphics/pokemon/pawniard/shiny.gbapal graphics/pokemon/pawniard/shiny.gbapal.lz
tools/gbagfx/gbagfx graphics/pokemon/pecharunt/back.4bpp graphics/pokemon/pecharunt/back.4bpp.lz
tools/gbagfx/gbagfx graphics/pokemon/pecharunt/front.4bpp graphics/pokemon/pecharunt/front.4bpp.lz
tools/gbagfx/gbagfx graphics/pokemon/pecharunt/normal.gbapal graphics/pokemon/pecharunt/normal.gbapal.lz
tools/gbagfx/gbagfx graphics/pokemon/pecharunt/shiny.gbapal graphics/pokemon/pecharunt/shiny.gbapal.lz
tools/gbagfx/gbagfx graphics/pokemon/pelipper/back.4bpp graphics/pokemon/pelipper/back.4bpp.lz
tools/gbagfx/gbagfx graphics/pokemon/pelipper/front.4bpp graphics/pokemon/pelipper/front.4bpp.lz
tools/gbagfx/gbagfx graphics/pokemon/pelipper/normal.gbapal graphics/pokemon/pelipper/normal.gbapal.lz
tools/gbagfx/gbagfx graphics/pokemon/pelipper/shiny.gbapal graphics/pokemon/pelipper/shiny.gbapal.lz
tools/gbagfx/gbagfx graphics/pokemon/perrserker/back.4bpp graphics/pokemon/perrserker/back.4bpp.lz
tools/gbagfx/gbagfx graphics/pokemon/perrserker/front.4bpp graphics/pokemon/perrserker/front.4bpp.lz
tools/gbagfx/gbagfx graphics/pokemon/perrserker/normal.gbapal graphics/pokemon/perrserker/normal.gbapal.lz
tools/gbagfx/gbagfx graphics/pokemon/perrserker/shiny.gbapal graphics/pokemon/perrserker/shiny.gbapal.lz
tools/gbagfx/gbagfx graphics/pokemon/persian/alolan/back.4bpp graphics/pokemon/persian/alolan/back.4bpp.lz
tools/gbagfx/gbagfx graphics/pokemon/persian/alolan/front.4bpp graphics/pokemon/persian/alolan/front.4bpp.lz
tools/gbagfx/gbagfx graphics/pokemon/persian/alolan/normal.gbapal graphics/pokemon/persian/alolan/normal.gbapal.lz
tools/gbagfx/gbagfx graphics/pokemon/persian/alolan/shiny.gbapal graphics/pokemon/persian/alolan/shiny.gbapal.lz
tools/gbagfx/gbagfx graphics/pokemon/persian/back.4bpp graphics/pokemon/persian/back.4bpp.lz
tools/gbagfx/gbagfx graphics/pokemon/persian/front.4bpp graphics/pokemon/persian/front.4bpp.lz
tools/gbagfx/gbagfx graphics/pokemon/persian/normal.gbapal graphics/pokemon/persian/normal.gbapal.lz
tools/gbagfx/gbagfx graphics/pokemon/persian/shiny.gbapal graphics/pokemon/persian/shiny.gbapal.lz
tools/gbagfx/gbagfx graphics/pokemon/petilil/back.4bpp graphics/pokemon/petilil/back.4bpp.lz
tools/gbagfx/gbagfx graphics/pokemon/petilil/front.4bpp graphics/pokemon/petilil/front.4bpp.lz
tools/gbagfx/gbagfx graphics/pokemon/petilil/normal.gbapal graphics/pokemon/petilil/normal.gbapal.lz
tools/gbagfx/gbagfx graphics/pokemon/petilil/shiny.gbapal graphics/pokemon/petilil/shiny.gbapal.lz
tools/gbagfx/gbagfx graphics/pokemon/phanpy/back.4bpp graphics/pokemon/phanpy/back.4bpp.lz
tools/gbagfx/gbagfx graphics/pokemon/phanpy/front.4bpp graphics/pokemon/phanpy/front.4bpp.lz
tools/gbagfx/gbagfx graphics/pokemon/phanpy/normal.gbapal graphics/pokemon/phanpy/normal.gbapal.lz
tools/gbagfx/gbagfx graphics/pokemon/phanpy/shiny.gbapal graphics/pokemon/phanpy/shiny.gbapal.lz
tools/gbagfx/gbagfx graphics/pokemon/phantump/back.4bpp graphics/pokemon/phantump/back.4bpp.lz
tools/gbagfx/gbagfx graphics/pokemon/phantump/front.4bpp graphics/pokemon/phantump/front.4bpp.lz
tools/gbagfx/gbagfx graphics/pokemon/phantump/normal.gbapal graphics/pokemon/phantump/normal.gbapal.lz
tools/gbagfx/gbagfx graphics/pokemon/phantump/shiny.gbapal graphics/pokemon/phantump/shiny.gbapal.lz
tools/gbagfx/gbagfx graphics/pokemon/pheromosa/back.4bpp graphics/pokemon/pheromosa/back.4bpp.lz
tools/gbagfx/gbagfx graphics/pokemon/pheromosa/front.4bpp graphics/pokemon/pheromosa/front.4bpp.lz
tools/gbagfx/gbagfx graphics/pokemon/pheromosa/normal.gbapal graphics/pokemon/pheromosa/normal.gbapal.lz
tools/gbagfx/gbagfx graphics/pokemon/pheromosa/shiny.gbapal graphics/pokemon/pheromosa/shiny.gbapal.lz
tools/gbagfx/gbagfx graphics/pokemon/phione/back.4bpp graphics/pokemon/phione/back.4bpp.lz
tools/gbagfx/gbagfx graphics/pokemon/phione/front.4bpp graphics/pokemon/phione/front.4bpp.lz
tools/gbagfx/gbagfx graphics/pokemon/phione/normal.gbapal graphics/pokemon/phione/normal.gbapal.lz
tools/gbagfx/gbagfx graphics/pokemon/phione/shiny.gbapal graphics/pokemon/phione/shiny.gbapal.lz
tools/gbagfx/gbagfx graphics/pokemon/pichu/back.4bpp graphics/pokemon/pichu/back.4bpp.lz
tools/gbagfx/gbagfx graphics/pokemon/pichu/front.4bpp graphics/pokemon/pichu/front.4bpp.lz
tools/gbagfx/gbagfx graphics/pokemon/pichu/normal.gbapal graphics/pokemon/pichu/normal.gbapal.lz
tools/gbagfx/gbagfx graphics/pokemon/pichu/shiny.gbapal graphics/pokemon/pichu/shiny.gbapal.lz
tools/gbagfx/gbagfx graphics/pokemon/pichu/spiky_eared/back.4bpp graphics/pokemon/pichu/spiky_eared/back.4bpp.lz
tools/gbagfx/gbagfx graphics/pokemon/pichu/spiky_eared/front.4bpp graphics/pokemon/pichu/spiky_eared/front.4bpp.lz
tools/gbagfx/gbagfx graphics/pokemon/pichu/spiky_eared/normal.gbapal graphics/pokemon/pichu/spiky_eared/normal.gbapal.lz
tools/gbagfx/gbagfx graphics/pokemon/pichu/spiky_eared/shiny.gbapal graphics/pokemon/pichu/spiky_eared/shiny.gbapal.lz
tools/gbagfx/gbagfx graphics/pokemon/pidgeot/back.4bpp graphics/pokemon/pidgeot/back.4bpp.lz
tools/gbagfx/gbagfx graphics/pokemon/pidgeot/front.4bpp graphics/pokemon/pidgeot/front.4bpp.lz
tools/gbagfx/gbagfx graphics/pokemon/pidgeot/mega/back.4bpp graphics/pokemon/pidgeot/mega/back.4bpp.lz
tools/gbagfx/gbagfx graphics/pokemon/pidgeot/mega/front.4bpp graphics/pokemon/pidgeot/mega/front.4bpp.lz
tools/gbagfx/gbagfx graphics/pokemon/pidgeot/mega/normal.gbapal graphics/pokemon/pidgeot/mega/normal.gbapal.lz
tools/gbagfx/gbagfx graphics/pokemon/pidgeot/mega/shiny.gbapal graphics/pokemon/pidgeot/mega/shiny.gbapal.lz
tools/gbagfx/gbagfx graphics/pokemon/pidgeot/normal.gbapal graphics/pokemon/pidgeot/normal.gbapal.lz
tools/gbagfx/gbagfx graphics/pokemon/pidgeot/shiny.gbapal graphics/pokemon/pidgeot/shiny.gbapal.lz
tools/gbagfx/gbagfx graphics/pokemon/pidgeotto/back.4bpp graphics/pokemon/pidgeotto/back.4bpp.lz
tools/gbagfx/gbagfx graphics/pokemon/pidgeotto/front.4bpp graphics/pokemon/pidgeotto/front.4bpp.lz
tools/gbagfx/gbagfx graphics/pokemon/pidgeotto/normal.gbapal graphics/pokemon/pidgeotto/normal.gbapal.lz
tools/gbagfx/gbagfx graphics/pokemon/pidgeotto/shiny.gbapal graphics/pokemon/pidgeotto/shiny.gbapal.lz
tools/gbagfx/gbagfx graphics/pokemon/pidgey/back.4bpp graphics/pokemon/pidgey/back.4bpp.lz
tools/gbagfx/gbagfx graphics/pokemon/pidgey/front.4bpp graphics/pokemon/pidgey/front.4bpp.lz
tools/gbagfx/gbagfx graphics/pokemon/pidgey/normal.gbapal graphics/pokemon/pidgey/normal.gbapal.lz
tools/gbagfx/gbagfx graphics/pokemon/pidgey/shiny.gbapal graphics/pokemon/pidgey/shiny.gbapal.lz
tools/gbagfx/gbagfx graphics/pokemon/pidove/back.4bpp graphics/pokemon/pidove/back.4bpp.lz
tools/gbagfx/gbagfx graphics/pokemon/pidove/front.4bpp graphics/pokemon/pidove/front.4bpp.lz
tools/gbagfx/gbagfx graphics/pokemon/pidove/normal.gbapal graphics/pokemon/pidove/normal.gbapal.lz
tools/gbagfx/gbagfx graphics/pokemon/pidove/shiny.gbapal graphics/pokemon/pidove/shiny.gbapal.lz
tools/gbagfx/gbagfx graphics/pokemon/pignite/back.4bpp graphics/pokemon/pignite/back.4bpp.lz
tools/gbagfx/gbagfx graphics/pokemon/pignite/front.4bpp graphics/pokemon/pignite/front.4bpp.lz
tools/gbagfx/gbagfx graphics/pokemon/pignite/normal.gbapal graphics/pokemon/pignite/normal.gbapal.lz
tools/gbagfx/gbagfx graphics/pokemon/pignite/shiny.gbapal graphics/pokemon/pignite/shiny.gbapal.lz
tools/gbagfx/gbagfx graphics/pokemon/pikachu/alola_cap/back.4bpp graphics/pokemon/pikachu/alola_cap/back.4bpp.lz
tools/gbagfx/gbagfx graphics/pokemon/pikachu/alola_cap/front.4bpp graphics/pokemon/pikachu/alola_cap/front.4bpp.lz
tools/gbagfx/gbagfx graphics/pokemon/pikachu/alola_cap/normal.gbapal graphics/pokemon/pikachu/alola_cap/normal.gbapal.lz
tools/gbagfx/gbagfx graphics/pokemon/pikachu/alola_cap/shiny.gbapal graphics/pokemon/pikachu/alola_cap/shiny.gbapal.lz
tools/gbagfx/gbagfx graphics/pokemon/pikachu/back.4bpp graphics/pokemon/pikachu/back.4bpp.lz
tools/gbagfx/gbagfx graphics/pokemon/pikachu/backf.4bpp graphics/pokemon/pikachu/backf.4bpp.lz
tools/gbagfx/gbagfx graphics/pokemon/pikachu/belle/back.4bpp graphics/pokemon/pikachu/belle/back.4bpp.lz
tools/gbagfx/gbagfx graphics/pokemon/pikachu/belle/front.4bpp graphics/pokemon/pikachu/belle/front.4bpp.lz
tools/gbagfx/gbagfx graphics/pokemon/pikachu/belle/normal.gbapal graphics/pokemon/pikachu/belle/normal.gbapal.lz
tools/gbagfx/gbagfx graphics/pokemon/pikachu/belle/shiny.gbapal graphics/pokemon/pikachu/belle/shiny.gbapal.lz
tools/gbagfx/gbagfx graphics/pokemon/pikachu/cosplay/back.4bpp graphics/pokemon/pikachu/cosplay/back.4bpp.lz
tools/gbagfx/gbagfx graphics/pokemon/pikachu/cosplay/front.4bpp graphics/pokemon/pikachu/cosplay/front.4bpp.lz
tools/gbagfx/gbagfx graphics/pokemon/pikachu/cosplay/normal.gbapal graphics/pokemon/pikachu/cosplay/normal.gbapal.lz
tools/gbagfx/gbagfx graphics/pokemon/pikachu/cosplay/shiny.gbapal graphics/pokemon/pikachu/cosplay/shiny.gbapal.lz
tools/gbagfx/gbagfx graphics/pokemon/pikachu/front.4bpp graphics/pokemon/pikachu/front.4bpp.lz
tools/gbagfx/gbagfx graphics/pokemon/pikachu/frontf.4bpp graphics/pokemon/pikachu/frontf.4bpp.lz
tools/gbagfx/gbagfx graphics/pokemon/pikachu/hoenn_cap/back.4bpp graphics/pokemon/pikachu/hoenn_cap/back.4bpp.lz
tools/gbagfx/gbagfx graphics/pokemon/pikachu/hoenn_cap/front.4bpp graphics/pokemon/pikachu/hoenn_cap/front.4bpp.lz
tools/gbagfx/gbagfx graphics/pokemon/pikachu/hoenn_cap/normal.gbapal graphics/pokemon/pikachu/hoenn_cap/normal.gbapal.lz
tools/gbagfx/gbagfx graphics/pokemon/pikachu/hoenn_cap/shiny.gbapal graphics/pokemon/pikachu/hoenn_cap/shiny.gbapal.lz
tools/gbagfx/gbagfx graphics/pokemon/pikachu/kalos_cap/back.4bpp graphics/pokemon/pikachu/kalos_cap/back.4bpp.lz
tools/gbagfx/gbagfx graphics/pokemon/pikachu/kalos_cap/front.4bpp graphics/pokemon/pikachu/kalos_cap/front.4bpp.lz
tools/gbagfx/gbagfx graphics/pokemon/pikachu/kalos_cap/normal.gbapal graphics/pokemon/pikachu/kalos_cap/normal.gbapal.lz
tools/gbagfx/gbagfx graphics/pokemon/pikachu/kalos_cap/shiny.gbapal graphics/pokemon/pikachu/kalos_cap/shiny.gbapal.lz
tools/gbagfx/gbagfx graphics/pokemon/pikachu/libre/back.4bpp graphics/pokemon/pikachu/libre/back.4bpp.lz
tools/gbagfx/gbagfx graphics/pokemon/pikachu/libre/front.4bpp graphics/pokemon/pikachu/libre/front.4bpp.lz
tools/gbagfx/gbagfx graphics/pokemon/pikachu/libre/normal.gbapal graphics/pokemon/pikachu/libre/normal.gbapal.lz
tools/gbagfx/gbagfx graphics/pokemon/pikachu/libre/shiny.gbapal graphics/pokemon/pikachu/libre/shiny.gbapal.lz
tools/gbagfx/gbagfx graphics/pokemon/pikachu/normal.gbapal graphics/pokemon/pikachu/normal.gbapal.lz
tools/gbagfx/gbagfx graphics/pokemon/pikachu/original_cap/back.4bpp graphics/pokemon/pikachu/original_cap/back.4bpp.lz
tools/gbagfx/gbagfx graphics/pokemon/pikachu/original_cap/front.4bpp graphics/pokemon/pikachu/original_cap/front.4bpp.lz
tools/gbagfx/gbagfx graphics/pokemon/pikachu/original_cap/normal.gbapal graphics/pokemon/pikachu/original_cap/normal.gbapal.lz
tools/gbagfx/gbagfx graphics/pokemon/pikachu/original_cap/shiny.gbapal graphics/pokemon/pikachu/original_cap/shiny.gbapal.lz
tools/gbagfx/gbagfx graphics/pokemon/pikachu/partner/back.4bpp graphics/pokemon/pikachu/partner/back.4bpp.lz
tools/gbagfx/gbagfx graphics/pokemon/pikachu/partner/backf.4bpp graphics/pokemon/pikachu/partner/backf.4bpp.lz
tools/gbagfx/gbagfx graphics/pokemon/pikachu/partner/front.4bpp graphics/pokemon/pikachu/partner/front.4bpp.lz
tools/gbagfx/gbagfx graphics/pokemon/pikachu/partner/frontf.4bpp graphics/pokemon/pikachu/partner/frontf.4bpp.lz
tools/gbagfx/gbagfx graphics/pokemon/pikachu/partner/normal.gbapal graphics/pokemon/pikachu/partner/normal.gbapal.lz
tools/gbagfx/gbagfx graphics/pokemon/pikachu/partner/shiny.gbapal graphics/pokemon/pikachu/partner/shiny.gbapal.lz
tools/gbagfx/gbagfx graphics/pokemon/pikachu/partner_cap/back.4bpp graphics/pokemon/pikachu/partner_cap/back.4bpp.lz
tools/gbagfx/gbagfx graphics/pokemon/pikachu/partner_cap/front.4bpp graphics/pokemon/pikachu/partner_cap/front.4bpp.lz
tools/gbagfx/gbagfx graphics/pokemon/pikachu/partner_cap/normal.gbapal graphics/pokemon/pikachu/partner_cap/normal.gbapal.lz
tools/gbagfx/gbagfx graphics/pokemon/pikachu/partner_cap/shiny.gbapal graphics/pokemon/pikachu/partner_cap/shiny.gbapal.lz
tools/gbagfx/gbagfx graphics/pokemon/pikachu/ph_d/back.4bpp graphics/pokemon/pikachu/ph_d/back.4bpp.lz
tools/gbagfx/gbagfx graphics/pokemon/pikachu/ph_d/front.4bpp graphics/pokemon/pikachu/ph_d/front.4bpp.lz
tools/gbagfx/gbagfx graphics/pokemon/pikachu/ph_d/normal.gbapal graphics/pokemon/pikachu/ph_d/normal.gbapal.lz
tools/gbagfx/gbagfx graphics/pokemon/pikachu/ph_d/shiny.gbapal graphics/pokemon/pikachu/ph_d/shiny.gbapal.lz
tools/gbagfx/gbagfx graphics/pokemon/pikachu/pop_star/back.4bpp graphics/pokemon/pikachu/pop_star/back.4bpp.lz
tools/gbagfx/gbagfx graphics/pokemon/pikachu/pop_star/front.4bpp graphics/pokemon/pikachu/pop_star/front.4bpp.lz
tools/gbagfx/gbagfx graphics/pokemon/pikachu/pop_star/normal.gbapal graphics/pokemon/pikachu/pop_star/normal.gbapal.lz
tools/gbagfx/gbagfx graphics/pokemon/pikachu/pop_star/shiny.gbapal graphics/pokemon/pikachu/pop_star/shiny.gbapal.lz
tools/gbagfx/gbagfx graphics/pokemon/pikachu/rock_star/back.4bpp graphics/pokemon/pikachu/rock_star/back.4bpp.lz
tools/gbagfx/gbagfx graphics/pokemon/pikachu/rock_star/front.4bpp graphics/pokemon/pikachu/rock_star/front.4bpp.lz
tools/gbagfx/gbagfx graphics/pokemon/pikachu/rock_star/normal.gbapal graphics/pokemon/pikachu/rock_star/normal.gbapal.lz
tools/gbagfx/gbagfx graphics/pokemon/pikachu/rock_star/shiny.gbapal graphics/pokemon/pikachu/rock_star/shiny.gbapal.lz
tools/gbagfx/gbagfx graphics/pokemon/pikachu/shiny.gbapal graphics/pokemon/pikachu/shiny.gbapal.lz
tools/gbagfx/gbagfx graphics/pokemon/pikachu/sinnoh_cap/back.4bpp graphics/pokemon/pikachu/sinnoh_cap/back.4bpp.lz
tools/gbagfx/gbagfx graphics/pokemon/pikachu/sinnoh_cap/front.4bpp graphics/pokemon/pikachu/sinnoh_cap/front.4bpp.lz
tools/gbagfx/gbagfx graphics/pokemon/pikachu/sinnoh_cap/normal.gbapal graphics/pokemon/pikachu/sinnoh_cap/normal.gbapal.lz
tools/gbagfx/gbagfx graphics/pokemon/pikachu/sinnoh_cap/shiny.gbapal graphics/pokemon/pikachu/sinnoh_cap/shiny.gbapal.lz
tools/gbagfx/gbagfx graphics/pokemon/pikachu/unova_cap/back.4bpp graphics/pokemon/pikachu/unova_cap/back.4bpp.lz
tools/gbagfx/gbagfx graphics/pokemon/pikachu/unova_cap/front.4bpp graphics/pokemon/pikachu/unova_cap/front.4bpp.lz
tools/gbagfx/gbagfx graphics/pokemon/pikachu/unova_cap/normal.gbapal graphics/pokemon/pikachu/unova_cap/normal.gbapal.lz
tools/gbagfx/gbagfx graphics/pokemon/pikachu/unova_cap/shiny.gbapal graphics/pokemon/pikachu/unova_cap/shiny.gbapal.lz
tools/gbagfx/gbagfx graphics/pokemon/pikachu/world_cap/back.4bpp graphics/pokemon/pikachu/world_cap/back.4bpp.lz
tools/gbagfx/gbagfx graphics/pokemon/pikachu/world_cap/front.4bpp graphics/pokemon/pikachu/world_cap/front.4bpp.lz
tools/gbagfx/gbagfx graphics/pokemon/pikachu/world_cap/normal.gbapal graphics/pokemon/pikachu/world_cap/normal.gbapal.lz
tools/gbagfx/gbagfx graphics/pokemon/pikachu/world_cap/shiny.gbapal graphics/pokemon/pikachu/world_cap/shiny.gbapal.lz
tools/gbagfx/gbagfx graphics/pokemon/pikipek/back.4bpp graphics/pokemon/pikipek/back.4bpp.lz
tools/gbagfx/gbagfx graphics/pokemon/pikipek/front.4bpp graphics/pokemon/pikipek/front.4bpp.lz
tools/gbagfx/gbagfx graphics/pokemon/pikipek/normal.gbapal graphics/pokemon/pikipek/normal.gbapal.lz
tools/gbagfx/gbagfx graphics/pokemon/pikipek/shiny.gbapal graphics/pokemon/pikipek/shiny.gbapal.lz
tools/gbagfx/gbagfx graphics/pokemon/piloswine/back.4bpp graphics/pokemon/piloswine/back.4bpp.lz
tools/gbagfx/gbagfx graphics/pokemon/piloswine/backf.4bpp graphics/pokemon/piloswine/backf.4bpp.lz
tools/gbagfx/gbagfx graphics/pokemon/piloswine/front.4bpp graphics/pokemon/piloswine/front.4bpp.lz
tools/gbagfx/gbagfx graphics/pokemon/piloswine/frontf.4bpp graphics/pokemon/piloswine/frontf.4bpp.lz
tools/gbagfx/gbagfx graphics/pokemon/piloswine/normal.gbapal graphics/pokemon/piloswine/normal.gbapal.lz
tools/gbagfx/gbagfx graphics/pokemon/piloswine/shiny.gbapal graphics/pokemon/piloswine/shiny.gbapal.lz
tools/gbagfx/gbagfx graphics/pokemon/pincurchin/back.4bpp graphics/pokemon/pincurchin/back.4bpp.lz
tools/gbagfx/gbagfx graphics/pokemon/pincurchin/front.4bpp graphics/pokemon/pincurchin/front.4bpp.lz
tools/gbagfx/gbagfx graphics/pokemon/pincurchin/normal.gbapal graphics/pokemon/pincurchin/normal.gbapal.lz
tools/gbagfx/gbagfx graphics/pokemon/pincurchin/shiny.gbapal graphics/pokemon/pincurchin/shiny.gbapal.lz
tools/gbagfx/gbagfx graphics/pokemon/pineco/back.4bpp graphics/pokemon/pineco/back.4bpp.lz
tools/gbagfx/gbagfx graphics/pokemon/pineco/front.4bpp graphics/pokemon/pineco/front.4bpp.lz
tools/gbagfx/gbagfx graphics/pokemon/pineco/normal.gbapal graphics/pokemon/pineco/normal.gbapal.lz
tools/gbagfx/gbagfx graphics/pokemon/pineco/shiny.gbapal graphics/pokemon/pineco/shiny.gbapal.lz
tools/gbagfx/gbagfx graphics/pokemon/pinsir/back.4bpp graphics/pokemon/pinsir/back.4bpp.lz
tools/gbagfx/gbagfx graphics/pokemon/pinsir/front.4bpp graphics/pokemon/pinsir/front.4bpp.lz
tools/gbagfx/gbagfx graphics/pokemon/pinsir/mega/back.4bpp graphics/pokemon/pinsir/mega/back.4bpp.lz
tools/gbagfx/gbagfx graphics/pokemon/pinsir/mega/front.4bpp graphics/pokemon/pinsir/mega/front.4bpp.lz
tools/gbagfx/gbagfx graphics/pokemon/pinsir/mega/normal.gbapal graphics/pokemon/pinsir/mega/normal.gbapal.lz
tools/gbagfx/gbagfx graphics/pokemon/pinsir/mega/shiny.gbapal graphics/pokemon/pinsir/mega/shiny.gbapal.lz
tools/gbagfx/gbagfx graphics/pokemon/pinsir/normal.gbapal graphics/pokemon/pinsir/normal.gbapal.lz
tools/gbagfx/gbagfx graphics/pokemon/pinsir/shiny.gbapal graphics/pokemon/pinsir/shiny.gbapal.lz
tools/gbagfx/gbagfx graphics/pokemon/piplup/back.4bpp graphics/pokemon/piplup/back.4bpp.lz
tools/gbagfx/gbagfx graphics/pokemon/piplup/front.4bpp graphics/pokemon/piplup/front.4bpp.lz
tools/gbagfx/gbagfx graphics/pokemon/piplup/normal.gbapal graphics/pokemon/piplup/normal.gbapal.lz
tools/gbagfx/gbagfx graphics/pokemon/piplup/shiny.gbapal graphics/pokemon/piplup/shiny.gbapal.lz
tools/gbagfx/gbagfx graphics/pokemon/plusle/back.4bpp graphics/pokemon/plusle/back.4bpp.lz
tools/gbagfx/gbagfx graphics/pokemon/plusle/front.4bpp graphics/pokemon/plusle/front.4bpp.lz
tools/gbagfx/gbagfx graphics/pokemon/plusle/normal.gbapal graphics/pokemon/plusle/normal.gbapal.lz
tools/gbagfx/gbagfx graphics/pokemon/plusle/shiny.gbapal graphics/pokemon/plusle/shiny.gbapal.lz
tools/gbagfx/gbagfx graphics/pokemon/poipole/back.4bpp graphics/pokemon/poipole/back.4bpp.lz
tools/gbagfx/gbagfx graphics/pokemon/poipole/front.4bpp graphics/pokemon/poipole/front.4bpp.lz
tools/gbagfx/gbagfx graphics/pokemon/poipole/normal.gbapal graphics/pokemon/poipole/normal.gbapal.lz
tools/gbagfx/gbagfx graphics/pokemon/poipole/shiny.gbapal graphics/pokemon/poipole/shiny.gbapal.lz
tools/gbagfx/gbagfx graphics/pokemon/politoed/back.4bpp graphics/pokemon/politoed/back.4bpp.lz
tools/gbagfx/gbagfx graphics/pokemon/politoed/backf.4bpp graphics/pokemon/politoed/backf.4bpp.lz
tools/gbagfx/gbagfx graphics/pokemon/politoed/front.4bpp graphics/pokemon/politoed/front.4bpp.lz
tools/gbagfx/gbagfx graphics/pokemon/politoed/frontf.4bpp graphics/pokemon/politoed/frontf.4bpp.lz
tools/gbagfx/gbagfx graphics/pokemon/politoed/normal.gbapal graphics/pokemon/politoed/normal.gbapal.lz
tools/gbagfx/gbagfx graphics/pokemon/politoed/shiny.gbapal graphics/pokemon/politoed/shiny.gbapal.lz
tools/gbagfx/gbagfx graphics/pokemon/poliwag/back.4bpp graphics/pokemon/poliwag/back.4bpp.lz
tools/gbagfx/gbagfx graphics/pokemon/poliwag/front.4bpp graphics/pokemon/poliwag/front.4bpp.lz
tools/gbagfx/gbagfx graphics/pokemon/poliwag/normal.gbapal graphics/pokemon/poliwag/normal.gbapal.lz
tools/gbagfx/gbagfx graphics/pokemon/poliwag/shiny.gbapal graphics/pokemon/poliwag/shiny.gbapal.lz
tools/gbagfx/gbagfx graphics/pokemon/poliwhirl/back.4bpp graphics/pokemon/poliwhirl/back.4bpp.lz
tools/gbagfx/gbagfx graphics/pokemon/poliwhirl/front.4bpp graphics/pokemon/poliwhirl/front.4bpp.lz
tools/gbagfx/gbagfx graphics/pokemon/poliwhirl/normal.gbapal graphics/pokemon/poliwhirl/normal.gbapal.lz
tools/gbagfx/gbagfx graphics/pokemon/poliwhirl/shiny.gbapal graphics/pokemon/poliwhirl/shiny.gbapal.lz
tools/gbagfx/gbagfx graphics/pokemon/poliwrath/back.4bpp graphics/pokemon/poliwrath/back.4bpp.lz
tools/gbagfx/gbagfx graphics/pokemon/poliwrath/front.4bpp graphics/pokemon/poliwrath/front.4bpp.lz
tools/gbagfx/gbagfx graphics/pokemon/poliwrath/normal.gbapal graphics/pokemon/poliwrath/normal.gbapal.lz
tools/gbagfx/gbagfx graphics/pokemon/poliwrath/shiny.gbapal graphics/pokemon/poliwrath/shiny.gbapal.lz
tools/gbagfx/gbagfx graphics/pokemon/poltchageist/back.4bpp graphics/pokemon/poltchageist/back.4bpp.lz
tools/gbagfx/gbagfx graphics/pokemon/poltchageist/front.4bpp graphics/pokemon/poltchageist/front.4bpp.lz
tools/gbagfx/gbagfx graphics/pokemon/poltchageist/normal.gbapal graphics/pokemon/poltchageist/normal.gbapal.lz
tools/gbagfx/gbagfx graphics/pokemon/poltchageist/shiny.gbapal graphics/pokemon/poltchageist/shiny.gbapal.lz
tools/gbagfx/gbagfx graphics/pokemon/polteageist/back.4bpp graphics/pokemon/polteageist/back.4bpp.lz
tools/gbagfx/gbagfx graphics/pokemon/polteageist/front.4bpp graphics/pokemon/polteageist/front.4bpp.lz
tools/gbagfx/gbagfx graphics/pokemon/polteageist/normal.gbapal graphics/pokemon/polteageist/normal.gbapal.lz
tools/gbagfx/gbagfx graphics/pokemon/polteageist/shiny.gbapal graphics/pokemon/polteageist/shiny.gbapal.lz
tools/gbagfx/gbagfx graphics/pokemon/ponyta/back.4bpp graphics/pokemon/ponyta/back.4bpp.lz
tools/gbagfx/gbagfx graphics/pokemon/ponyta/front.4bpp graphics/pokemon/ponyta/front.4bpp.lz
tools/gbagfx/gbagfx graphics/pokemon/ponyta/galarian/back.4bpp graphics/pokemon/ponyta/galarian/back.4bpp.lz
tools/gbagfx/gbagfx graphics/pokemon/ponyta/galarian/front.4bpp graphics/pokemon/ponyta/galarian/front.4bpp.lz
tools/gbagfx/gbagfx graphics/pokemon/ponyta/galarian/normal.gbapal graphics/pokemon/ponyta/galarian/normal.gbapal.lz
tools/gbagfx/gbagfx graphics/pokemon/ponyta/galarian/shiny.gbapal graphics/pokemon/ponyta/galarian/shiny.gbapal.lz
tools/gbagfx/gbagfx graphics/pokemon/ponyta/normal.gbapal graphics/pokemon/ponyta/normal.gbapal.lz
tools/gbagfx/gbagfx graphics/pokemon/ponyta/shiny.gbapal graphics/pokemon/ponyta/shiny.gbapal.lz
tools/gbagfx/gbagfx graphics/pokemon/poochyena/back.4bpp graphics/pokemon/poochyena/back.4bpp.lz
tools/gbagfx/gbagfx graphics/pokemon/poochyena/front.4bpp graphics/pokemon/poochyena/front.4bpp.lz
tools/gbagfx/gbagfx graphics/pokemon/poochyena/normal.gbapal graphics/pokemon/poochyena/normal.gbapal.lz
tools/gbagfx/gbagfx graphics/pokemon/poochyena/shiny.gbapal graphics/pokemon/poochyena/shiny.gbapal.lz
tools/gbagfx/gbagfx graphics/pokemon/popplio/back.4bpp graphics/pokemon/popplio/back.4bpp.lz
tools/gbagfx/gbagfx graphics/pokemon/popplio/front.4bpp graphics/pokemon/popplio/front.4bpp.lz
tools/gbagfx/gbagfx graphics/pokemon/popplio/normal.gbapal graphics/pokemon/popplio/normal.gbapal.lz
tools/gbagfx/gbagfx graphics/pokemon/popplio/shiny.gbapal graphics/pokemon/popplio/shiny.gbapal.lz
tools/gbagfx/gbagfx graphics/pokemon/porygon/back.4bpp graphics/pokemon/porygon/back.4bpp.lz
tools/gbagfx/gbagfx graphics/pokemon/porygon/front.4bpp graphics/pokemon/porygon/front.4bpp.lz
tools/gbagfx/gbagfx graphics/pokemon/porygon/normal.gbapal graphics/pokemon/porygon/normal.gbapal.lz
tools/gbagfx/gbagfx graphics/pokemon/porygon/shiny.gbapal graphics/pokemon/porygon/shiny.gbapal.lz
tools/gbagfx/gbagfx graphics/pokemon/porygon2/back.4bpp graphics/pokemon/porygon2/back.4bpp.lz
tools/gbagfx/gbagfx graphics/pokemon/porygon2/front.4bpp graphics/pokemon/porygon2/front.4bpp.lz
tools/gbagfx/gbagfx graphics/pokemon/porygon2/normal.gbapal graphics/pokemon/porygon2/normal.gbapal.lz
tools/gbagfx/gbagfx graphics/pokemon/porygon2/shiny.gbapal graphics/pokemon/porygon2/shiny.gbapal.lz
tools/gbagfx/gbagfx graphics/pokemon/porygon_z/back.4bpp graphics/pokemon/porygon_z/back.4bpp.lz
tools/gbagfx/gbagfx graphics/pokemon/porygon_z/front.4bpp graphics/pokemon/porygon_z/front.4bpp.lz
tools/gbagfx/gbagfx graphics/pokemon/porygon_z/normal.gbapal graphics/pokemon/porygon_z/normal.gbapal.lz
tools/gbagfx/gbagfx graphics/pokemon/porygon_z/shiny.gbapal graphics/pokemon/porygon_z/shiny.gbapal.lz
tools/gbagfx/gbagfx graphics/pokemon/primarina/back.4bpp graphics/pokemon/primarina/back.4bpp.lz
tools/gbagfx/gbagfx graphics/pokemon/primarina/front.4bpp graphics/pokemon/primarina/front.4bpp.lz
tools/gbagfx/gbagfx graphics/pokemon/primarina/normal.gbapal graphics/pokemon/primarina/normal.gbapal.lz
tools/gbagfx/gbagfx graphics/pokemon/primarina/shiny.gbapal graphics/pokemon/primarina/shiny.gbapal.lz
tools/gbagfx/gbagfx graphics/pokemon/primeape/back.4bpp graphics/pokemon/primeape/back.4bpp.lz
tools/gbagfx/gbagfx graphics/pokemon/primeape/front.4bpp graphics/pokemon/primeape/front.4bpp.lz
tools/gbagfx/gbagfx graphics/pokemon/primeape/normal.gbapal graphics/pokemon/primeape/normal.gbapal.lz
tools/gbagfx/gbagfx graphics/pokemon/primeape/shiny.gbapal graphics/pokemon/primeape/shiny.gbapal.lz
tools/gbagfx/gbagfx graphics/pokemon/prinplup/back.4bpp graphics/pokemon/prinplup/back.4bpp.lz
tools/gbagfx/gbagfx graphics/pokemon/prinplup/front.4bpp graphics/pokemon/prinplup/front.4bpp.lz
tools/gbagfx/gbagfx graphics/pokemon/prinplup/normal.gbapal graphics/pokemon/prinplup/normal.gbapal.lz
tools/gbagfx/gbagfx graphics/pokemon/prinplup/shiny.gbapal graphics/pokemon/prinplup/shiny.gbapal.lz
tools/gbagfx/gbagfx graphics/pokemon/probopass/back.4bpp graphics/pokemon/probopass/back.4bpp.lz
tools/gbagfx/gbagfx graphics/pokemon/probopass/front.4bpp graphics/pokemon/probopass/front.4bpp.lz
tools/gbagfx/gbagfx graphics/pokemon/probopass/normal.gbapal graphics/pokemon/probopass/normal.gbapal.lz
tools/gbagfx/gbagfx graphics/pokemon/probopass/shiny.gbapal graphics/pokemon/probopass/shiny.gbapal.lz
tools/gbagfx/gbagfx graphics/pokemon/psyduck/back.4bpp graphics/pokemon/psyduck/back.4bpp.lz
tools/gbagfx/gbagfx graphics/pokemon/psyduck/front.4bpp graphics/pokemon/psyduck/front.4bpp.lz
tools/gbagfx/gbagfx graphics/pokemon/psyduck/normal.gbapal graphics/pokemon/psyduck/normal.gbapal.lz
tools/gbagfx/gbagfx graphics/pokemon/psyduck/shiny.gbapal graphics/pokemon/psyduck/shiny.gbapal.lz
tools/gbagfx/gbagfx graphics/pokemon/pumpkaboo/back.4bpp graphics/pokemon/pumpkaboo/back.4bpp.lz
tools/gbagfx/gbagfx graphics/pokemon/pumpkaboo/front.4bpp graphics/pokemon/pumpkaboo/front.4bpp.lz
tools/gbagfx/gbagfx graphics/pokemon/pumpkaboo/large/back.4bpp graphics/pokemon/pumpkaboo/large/back.4bpp.lz
tools/gbagfx/gbagfx graphics/pokemon/pumpkaboo/large/front.4bpp graphics/pokemon/pumpkaboo/large/front.4bpp.lz
tools/gbagfx/gbagfx graphics/pokemon/pumpkaboo/normal.gbapal graphics/pokemon/pumpkaboo/normal.gbapal.lz
tools/gbagfx/gbagfx graphics/pokemon/pumpkaboo/shiny.gbapal graphics/pokemon/pumpkaboo/shiny.gbapal.lz
tools/gbagfx/gbagfx graphics/pokemon/pumpkaboo/small/back.4bpp graphics/pokemon/pumpkaboo/small/back.4bpp.lz
tools/gbagfx/gbagfx graphics/pokemon/pumpkaboo/small/front.4bpp graphics/pokemon/pumpkaboo/small/front.4bpp.lz
tools/gbagfx/gbagfx graphics/pokemon/pumpkaboo/super/back.4bpp graphics/pokemon/pumpkaboo/super/back.4bpp.lz
tools/gbagfx/gbagfx graphics/pokemon/pumpkaboo/super/front.4bpp graphics/pokemon/pumpkaboo/super/front.4bpp.lz
tools/gbagfx/gbagfx graphics/pokemon/pupitar/back.4bpp graphics/pokemon/pupitar/back.4bpp.lz
tools/gbagfx/gbagfx graphics/pokemon/pupitar/front.4bpp graphics/pokemon/pupitar/front.4bpp.lz
tools/gbagfx/gbagfx graphics/pokemon/pupitar/normal.gbapal graphics/pokemon/pupitar/normal.gbapal.lz
tools/gbagfx/gbagfx graphics/pokemon/pupitar/shiny.gbapal graphics/pokemon/pupitar/shiny.gbapal.lz
tools/gbagfx/gbagfx graphics/pokemon/purrloin/back.4bpp graphics/pokemon/purrloin/back.4bpp.lz
tools/gbagfx/gbagfx graphics/pokemon/purrloin/front.4bpp graphics/pokemon/purrloin/front.4bpp.lz
tools/gbagfx/gbagfx graphics/pokemon/purrloin/normal.gbapal graphics/pokemon/purrloin/normal.gbapal.lz
tools/gbagfx/gbagfx graphics/pokemon/purrloin/shiny.gbapal graphics/pokemon/purrloin/shiny.gbapal.lz
tools/gbagfx/gbagfx graphics/pokemon/purugly/back.4bpp graphics/pokemon/purugly/back.4bpp.lz
tools/gbagfx/gbagfx graphics/pokemon/purugly/front.4bpp graphics/pokemon/purugly/front.4bpp.lz
tools/gbagfx/gbagfx graphics/pokemon/purugly/normal.gbapal graphics/pokemon/purugly/normal.gbapal.lz
tools/gbagfx/gbagfx graphics/pokemon/purugly/shiny.gbapal graphics/pokemon/purugly/shiny.gbapal.lz
tools/gbagfx/gbagfx graphics/pokemon/pyroar/back.4bpp graphics/pokemon/pyroar/back.4bpp.lz
tools/gbagfx/gbagfx graphics/pokemon/pyroar/backf.4bpp graphics/pokemon/pyroar/backf.4bpp.lz
tools/gbagfx/gbagfx graphics/pokemon/pyroar/front.4bpp graphics/pokemon/pyroar/front.4bpp.lz
tools/gbagfx/gbagfx graphics/pokemon/pyroar/frontf.4bpp graphics/pokemon/pyroar/frontf.4bpp.lz
tools/gbagfx/gbagfx graphics/pokemon/pyroar/normal.gbapal graphics/pokemon/pyroar/normal.gbapal.lz
tools/gbagfx/gbagfx graphics/pokemon/pyroar/shiny.gbapal graphics/pokemon/pyroar/shiny.gbapal.lz
tools/gbagfx/gbagfx graphics/pokemon/pyukumuku/back.4bpp graphics/pokemon/pyukumuku/back.4bpp.lz
tools/gbagfx/gbagfx graphics/pokemon/pyukumuku/front.4bpp graphics/pokemon/pyukumuku/front.4bpp.lz
tools/gbagfx/gbagfx graphics/pokemon/pyukumuku/normal.gbapal graphics/pokemon/pyukumuku/normal.gbapal.lz
tools/gbagfx/gbagfx graphics/pokemon/pyukumuku/shiny.gbapal graphics/pokemon/pyukumuku/shiny.gbapal.lz
tools/gbagfx/gbagfx graphics/pokemon/quagsire/back.4bpp graphics/pokemon/quagsire/back.4bpp.lz
tools/gbagfx/gbagfx graphics/pokemon/quagsire/backf.4bpp graphics/pokemon/quagsire/backf.4bpp.lz
tools/gbagfx/gbagfx graphics/pokemon/quagsire/front.4bpp graphics/pokemon/quagsire/front.4bpp.lz
tools/gbagfx/gbagfx graphics/pokemon/quagsire/frontf.4bpp graphics/pokemon/quagsire/frontf.4bpp.lz
tools/gbagfx/gbagfx graphics/pokemon/quagsire/normal.gbapal graphics/pokemon/quagsire/normal.gbapal.lz
tools/gbagfx/gbagfx graphics/pokemon/quagsire/shiny.gbapal graphics/pokemon/quagsire/shiny.gbapal.lz
tools/gbagfx/gbagfx graphics/pokemon/quaquaval/back.4bpp graphics/pokemon/quaquaval/back.4bpp.lz
tools/gbagfx/gbagfx graphics/pokemon/quaquaval/front.4bpp graphics/pokemon/quaquaval/front.4bpp.lz
tools/gbagfx/gbagfx graphics/pokemon/quaquaval/normal.gbapal graphics/pokemon/quaquaval/normal.gbapal.lz
tools/gbagfx/gbagfx graphics/pokemon/quaquaval/shiny.gbapal graphics/pokemon/quaquaval/shiny.gbapal.lz
tools/gbagfx/gbagfx graphics/pokemon/quaxly/back.4bpp graphics/pokemon/quaxly/back.4bpp.lz
tools/gbagfx/gbagfx graphics/pokemon/quaxly/front.4bpp graphics/pokemon/quaxly/front.4bpp.lz
tools/gbagfx/gbagfx graphics/pokemon/quaxly/normal.gbapal graphics/pokemon/quaxly/normal.gbapal.lz
tools/gbagfx/gbagfx graphics/pokemon/quaxly/shiny.gbapal graphics/pokemon/quaxly/shiny.gbapal.lz
tools/gbagfx/gbagfx graphics/pokemon/quaxwell/back.4bpp graphics/pokemon/quaxwell/back.4bpp.lz
tools/gbagfx/gbagfx graphics/pokemon/quaxwell/front.4bpp graphics/pokemon/quaxwell/front.4bpp.lz
tools/gbagfx/gbagfx graphics/pokemon/quaxwell/normal.gbapal graphics/pokemon/quaxwell/normal.gbapal.lz
tools/gbagfx/gbagfx graphics/pokemon/quaxwell/shiny.gbapal graphics/pokemon/quaxwell/shiny.gbapal.lz
tools/gbagfx/gbagfx graphics/pokemon/question_mark/circled/back.4bpp graphics/pokemon/question_mark/circled/back.4bpp.lz
tools/gbagfx/gbagfx graphics/pokemon/question_mark/circled/front.4bpp graphics/pokemon/question_mark/circled/front.4bpp.lz
tools/gbagfx/gbagfx graphics/pokemon/question_mark/circled/normal.gbapal graphics/pokemon/question_mark/circled/normal.gbapal.lz
tools/gbagfx/gbagfx graphics/pokemon/question_mark/circled/shiny.gbapal graphics/pokemon/question_mark/circled/shiny.gbapal.lz
tools/gbagfx/gbagfx graphics/pokemon/question_mark/double/back.4bpp graphics/pokemon/question_mark/double/back.4bpp.lz
tools/gbagfx/gbagfx graphics/pokemon/question_mark/double/front.4bpp graphics/pokemon/question_mark/double/front.4bpp.lz
tools/gbagfx/gbagfx graphics/pokemon/question_mark/double/normal.gbapal graphics/pokemon/question_mark/double/normal.gbapal.lz
tools/gbagfx/gbagfx graphics/pokemon/question_mark/double/shiny.gbapal graphics/pokemon/question_mark/double/shiny.gbapal.lz
tools/gbagfx/gbagfx graphics/pokemon/quilava/back.4bpp graphics/pokemon/quilava/back.4bpp.lz
tools/gbagfx/gbagfx graphics/pokemon/quilava/front.4bpp graphics/pokemon/quilava/front.4bpp.lz
tools/gbagfx/gbagfx graphics/pokemon/quilava/normal.gbapal graphics/pokemon/quilava/normal.gbapal.lz
tools/gbagfx/gbagfx graphics/pokemon/quilava/shiny.gbapal graphics/pokemon/quilava/shiny.gbapal.lz
tools/gbagfx/gbagfx graphics/pokemon/quilladin/back.4bpp graphics/pokemon/quilladin/back.4bpp.lz
tools/gbagfx/gbagfx graphics/pokemon/quilladin/front.4bpp graphics/pokemon/quilladin/front.4bpp.lz
tools/gbagfx/gbagfx graphics/pokemon/quilladin/normal.gbapal graphics/pokemon/quilladin/normal.gbapal.lz
tools/gbagfx/gbagfx graphics/pokemon/quilladin/shiny.gbapal graphics/pokemon/quilladin/shiny.gbapal.lz
tools/gbagfx/gbagfx graphics/pokemon/qwilfish/back.4bpp graphics/pokemon/qwilfish/back.4bpp.lz
tools/gbagfx/gbagfx graphics/pokemon/qwilfish/front.4bpp graphics/pokemon/qwilfish/front.4bpp.lz
tools/gbagfx/gbagfx graphics/pokemon/qwilfish/hisuian/back.4bpp graphics/pokemon/qwilfish/hisuian/back.4bpp.lz
tools/gbagfx/gbagfx graphics/pokemon/qwilfish/hisuian/front.4bpp graphics/pokemon/qwilfish/hisuian/front.4bpp.lz
tools/gbagfx/gbagfx graphics/pokemon/qwilfish/hisuian/normal.gbapal graphics/pokemon/qwilfish/hisuian/normal.gbapal.lz
tools/gbagfx/gbagfx graphics/pokemon/qwilfish/hisuian/shiny.gbapal graphics/pokemon/qwilfish/hisuian/shiny.gbapal.lz
tools/gbagfx/gbagfx graphics/pokemon/qwilfish/normal.gbapal graphics/pokemon/qwilfish/normal.gbapal.lz
tools/gbagfx/gbagfx graphics/pokemon/qwilfish/shiny.gbapal graphics/pokemon/qwilfish/shiny.gbapal.lz
tools/gbagfx/gbagfx graphics/pokemon/raboot/back.4bpp graphics/pokemon/raboot/back.4bpp.lz
tools/gbagfx/gbagfx graphics/pokemon/raboot/front.4bpp graphics/pokemon/raboot/front.4bpp.lz
tools/gbagfx/gbagfx graphics/pokemon/raboot/normal.gbapal graphics/pokemon/raboot/normal.gbapal.lz
tools/gbagfx/gbagfx graphics/pokemon/raboot/shiny.gbapal graphics/pokemon/raboot/shiny.gbapal.lz
tools/gbagfx/gbagfx graphics/pokemon/rabsca/back.4bpp graphics/pokemon/rabsca/back.4bpp.lz
tools/gbagfx/gbagfx graphics/pokemon/rabsca/front.4bpp graphics/pokemon/rabsca/front.4bpp.lz
tools/gbagfx/gbagfx graphics/pokemon/rabsca/normal.gbapal graphics/pokemon/rabsca/normal.gbapal.lz
tools/gbagfx/gbagfx graphics/pokemon/rabsca/shiny.gbapal graphics/pokemon/rabsca/shiny.gbapal.lz
tools/gbagfx/gbagfx graphics/pokemon/raging_bolt/back.4bpp graphics/pokemon/raging_bolt/back.4bpp.lz
tools/gbagfx/gbagfx graphics/pokemon/raging_bolt/front.4bpp graphics/pokemon/raging_bolt/front.4bpp.lz
tools/gbagfx/gbagfx graphics/pokemon/raging_bolt/normal.gbapal graphics/pokemon/raging_bolt/normal.gbapal.lz
tools/gbagfx/gbagfx graphics/pokemon/raging_bolt/shiny.gbapal graphics/pokemon/raging_bolt/shiny.gbapal.lz
tools/gbagfx/gbagfx graphics/pokemon/raichu/alolan/back.4bpp graphics/pokemon/raichu/alolan/back.4bpp.lz
tools/gbagfx/gbagfx graphics/pokemon/raichu/alolan/front.4bpp graphics/pokemon/raichu/alolan/front.4bpp.lz
tools/gbagfx/gbagfx graphics/pokemon/raichu/alolan/normal.gbapal graphics/pokemon/raichu/alolan/normal.gbapal.lz
tools/gbagfx/gbagfx graphics/pokemon/raichu/alolan/shiny.gbapal graphics/pokemon/raichu/alolan/shiny.gbapal.lz
tools/gbagfx/gbagfx graphics/pokemon/raichu/back.4bpp graphics/pokemon/raichu/back.4bpp.lz
tools/gbagfx/gbagfx graphics/pokemon/raichu/front.4bpp graphics/pokemon/raichu/front.4bpp.lz
tools/gbagfx/gbagfx graphics/pokemon/raichu/frontf.4bpp graphics/pokemon/raichu/frontf.4bpp.lz
tools/gbagfx/gbagfx graphics/pokemon/raichu/normal.gbapal graphics/pokemon/raichu/normal.gbapal.lz
tools/gbagfx/gbagfx graphics/pokemon/raichu/shiny.gbapal graphics/pokemon/raichu/shiny.gbapal.lz
tools/gbagfx/gbagfx graphics/pokemon/raikou/back.4bpp graphics/pokemon/raikou/back.4bpp.lz
tools/gbagfx/gbagfx graphics/pokemon/raikou/front.4bpp graphics/pokemon/raikou/front.4bpp.lz
tools/gbagfx/gbagfx graphics/pokemon/raikou/normal.gbapal graphics/pokemon/raikou/normal.gbapal.lz
tools/gbagfx/gbagfx graphics/pokemon/raikou/shiny.gbapal graphics/pokemon/raikou/shiny.gbapal.lz
tools/gbagfx/gbagfx graphics/pokemon/ralts/back.4bpp graphics/pokemon/ralts/back.4bpp.lz
tools/gbagfx/gbagfx graphics/pokemon/ralts/front.4bpp graphics/pokemon/ralts/front.4bpp.lz
tools/gbagfx/gbagfx graphics/pokemon/ralts/normal.gbapal graphics/pokemon/ralts/normal.gbapal.lz
tools/gbagfx/gbagfx graphics/pokemon/ralts/shiny.gbapal graphics/pokemon/ralts/shiny.gbapal.lz
tools/gbagfx/gbagfx graphics/pokemon/rampardos/back.4bpp graphics/pokemon/rampardos/back.4bpp.lz
tools/gbagfx/gbagfx graphics/pokemon/rampardos/front.4bpp graphics/pokemon/rampardos/front.4bpp.lz
tools/gbagfx/gbagfx graphics/pokemon/rampardos/normal.gbapal graphics/pokemon/rampardos/normal.gbapal.lz
tools/gbagfx/gbagfx graphics/pokemon/rampardos/shiny.gbapal graphics/pokemon/rampardos/shiny.gbapal.lz
tools/gbagfx/gbagfx graphics/pokemon/rapidash/back.4bpp graphics/pokemon/rapidash/back.4bpp.lz
tools/gbagfx/gbagfx graphics/pokemon/rapidash/front.4bpp graphics/pokemon/rapidash/front.4bpp.lz
tools/gbagfx/gbagfx graphics/pokemon/rapidash/galarian/back.4bpp graphics/pokemon/rapidash/galarian/back.4bpp.lz
tools/gbagfx/gbagfx graphics/pokemon/rapidash/galarian/front.4bpp graphics/pokemon/rapidash/galarian/front.4bpp.lz
tools/gbagfx/gbagfx graphics/pokemon/rapidash/galarian/normal.gbapal graphics/pokemon/rapidash/galarian/normal.gbapal.lz
tools/gbagfx/gbagfx graphics/pokemon/rapidash/galarian/shiny.gbapal graphics/pokemon/rapidash/galarian/shiny.gbapal.lz
tools/gbagfx/gbagfx graphics/pokemon/rapidash/normal.gbapal graphics/pokemon/rapidash/normal.gbapal.lz
tools/gbagfx/gbagfx graphics/pokemon/rapidash/shiny.gbapal graphics/pokemon/rapidash/shiny.gbapal.lz
tools/gbagfx/gbagfx graphics/pokemon/raticate/alolan/back.4bpp graphics/pokemon/raticate/alolan/back.4bpp.lz
tools/gbagfx/gbagfx graphics/pokemon/raticate/alolan/front.4bpp graphics/pokemon/raticate/alolan/front.4bpp.lz
tools/gbagfx/gbagfx graphics/pokemon/raticate/alolan/normal.gbapal graphics/pokemon/raticate/alolan/normal.gbapal.lz
tools/gbagfx/gbagfx graphics/pokemon/raticate/alolan/shiny.gbapal graphics/pokemon/raticate/alolan/shiny.gbapal.lz
tools/gbagfx/gbagfx graphics/pokemon/raticate/back.4bpp graphics/pokemon/raticate/back.4bpp.lz
tools/gbagfx/gbagfx graphics/pokemon/raticate/backf.4bpp graphics/pokemon/raticate/backf.4bpp.lz
tools/gbagfx/gbagfx graphics/pokemon/raticate/front.4bpp graphics/pokemon/raticate/front.4bpp.lz
tools/gbagfx/gbagfx graphics/pokemon/raticate/frontf.4bpp graphics/pokemon/raticate/frontf.4bpp.lz
tools/gbagfx/gbagfx graphics/pokemon/raticate/normal.gbapal graphics/pokemon/raticate/normal.gbapal.lz
tools/gbagfx/gbagfx graphics/pokemon/raticate/shiny.gbapal graphics/pokemon/raticate/shiny.gbapal.lz
tools/gbagfx/gbagfx graphics/pokemon/rattata/alolan/back.4bpp graphics/pokemon/rattata/alolan/back.4bpp.lz
tools/gbagfx/gbagfx graphics/pokemon/rattata/alolan/front.4bpp graphics/pokemon/rattata/alolan/front.4bpp.lz
tools/gbagfx/gbagfx graphics/pokemon/rattata/alolan/normal.gbapal graphics/pokemon/rattata/alolan/normal.gbapal.lz
tools/gbagfx/gbagfx graphics/pokemon/rattata/alolan/shiny.gbapal graphics/pokemon/rattata/alolan/shiny.gbapal.lz
tools/gbagfx/gbagfx graphics/pokemon/rattata/back.4bpp graphics/pokemon/rattata/back.4bpp.lz
tools/gbagfx/gbagfx graphics/pokemon/rattata/backf.4bpp graphics/pokemon/rattata/backf.4bpp.lz
tools/gbagfx/gbagfx graphics/pokemon/rattata/front.4bpp graphics/pokemon/rattata/front.4bpp.lz
tools/gbagfx/gbagfx graphics/pokemon/rattata/frontf.4bpp graphics/pokemon/rattata/frontf.4bpp.lz
tools/gbagfx/gbagfx graphics/pokemon/rattata/normal.gbapal graphics/pokemon/rattata/normal.gbapal.lz
tools/gbagfx/gbagfx graphics/pokemon/rattata/shiny.gbapal graphics/pokemon/rattata/shiny.gbapal.lz
tools/gbagfx/gbagfx graphics/pokemon/rayquaza/back.4bpp graphics/pokemon/rayquaza/back.4bpp.lz
tools/gbagfx/gbagfx graphics/pokemon/rayquaza/front.4bpp graphics/pokemon/rayquaza/front.4bpp.lz
tools/gbagfx/gbagfx graphics/pokemon/rayquaza/mega/back.4bpp graphics/pokemon/rayquaza/mega/back.4bpp.lz
tools/gbagfx/gbagfx graphics/pokemon/rayquaza/mega/front.4bpp graphics/pokemon/rayquaza/mega/front.4bpp.lz
tools/gbagfx/gbagfx graphics/pokemon/rayquaza/mega/normal.gbapal graphics/pokemon/rayquaza/mega/normal.gbapal.lz
tools/gbagfx/gbagfx graphics/pokemon/rayquaza/mega/shiny.gbapal graphics/pokemon/rayquaza/mega/shiny.gbapal.lz
tools/gbagfx/gbagfx graphics/pokemon/rayquaza/normal.gbapal graphics/pokemon/rayquaza/normal.gbapal.lz
tools/gbagfx/gbagfx graphics/pokemon/rayquaza/shiny.gbapal graphics/pokemon/rayquaza/shiny.gbapal.lz
tools/gbagfx/gbagfx graphics/pokemon/regice/back.4bpp graphics/pokemon/regice/back.4bpp.lz
tools/gbagfx/gbagfx graphics/pokemon/regice/front.4bpp graphics/pokemon/regice/front.4bpp.lz
tools/gbagfx/gbagfx graphics/pokemon/regice/normal.gbapal graphics/pokemon/regice/normal.gbapal.lz
tools/gbagfx/gbagfx graphics/pokemon/regice/shiny.gbapal graphics/pokemon/regice/shiny.gbapal.lz
tools/gbagfx/gbagfx graphics/pokemon/regidrago/back.4bpp graphics/pokemon/regidrago/back.4bpp.lz
tools/gbagfx/gbagfx graphics/pokemon/regidrago/front.4bpp graphics/pokemon/regidrago/front.4bpp.lz
tools/gbagfx/gbagfx graphics/pokemon/regidrago/normal.gbapal graphics/pokemon/regidrago/normal.gbapal.lz
tools/gbagfx/gbagfx graphics/pokemon/regidrago/shiny.gbapal graphics/pokemon/regidrago/shiny.gbapal.lz
tools/gbagfx/gbagfx graphics/pokemon/regieleki/back.4bpp graphics/pokemon/regieleki/back.4bpp.lz
tools/gbagfx/gbagfx graphics/pokemon/regieleki/front.4bpp graphics/pokemon/regieleki/front.4bpp.lz
tools/gbagfx/gbagfx graphics/pokemon/regieleki/normal.gbapal graphics/pokemon/regieleki/normal.gbapal.lz
tools/gbagfx/gbagfx graphics/pokemon/regieleki/shiny.gbapal graphics/pokemon/regieleki/shiny.gbapal.lz
tools/gbagfx/gbagfx graphics/pokemon/regigigas/back.4bpp graphics/pokemon/regigigas/back.4bpp.lz
tools/gbagfx/gbagfx graphics/pokemon/regigigas/front.4bpp graphics/pokemon/regigigas/front.4bpp.lz
tools/gbagfx/gbagfx graphics/pokemon/regigigas/normal.gbapal graphics/pokemon/regigigas/normal.gbapal.lz
tools/gbagfx/gbagfx graphics/pokemon/regigigas/shiny.gbapal graphics/pokemon/regigigas/shiny.gbapal.lz
tools/gbagfx/gbagfx graphics/pokemon/regirock/back.4bpp graphics/pokemon/regirock/back.4bpp.lz
tools/gbagfx/gbagfx graphics/pokemon/regirock/front.4bpp graphics/pokemon/regirock/front.4bpp.lz
tools/gbagfx/gbagfx graphics/pokemon/regirock/normal.gbapal graphics/pokemon/regirock/normal.gbapal.lz
tools/gbagfx/gbagfx graphics/pokemon/regirock/shiny.gbapal graphics/pokemon/regirock/shiny.gbapal.lz
tools/gbagfx/gbagfx graphics/pokemon/registeel/back.4bpp graphics/pokemon/registeel/back.4bpp.lz
tools/gbagfx/gbagfx graphics/pokemon/registeel/front.4bpp graphics/pokemon/registeel/front.4bpp.lz
tools/gbagfx/gbagfx graphics/pokemon/registeel/normal.gbapal graphics/pokemon/registeel/normal.gbapal.lz
tools/gbagfx/gbagfx graphics/pokemon/registeel/shiny.gbapal graphics/pokemon/registeel/shiny.gbapal.lz
tools/gbagfx/gbagfx graphics/pokemon/relicanth/back.4bpp graphics/pokemon/relicanth/back.4bpp.lz
tools/gbagfx/gbagfx graphics/pokemon/relicanth/backf.4bpp graphics/pokemon/relicanth/backf.4bpp.lz
tools/gbagfx/gbagfx graphics/pokemon/relicanth/front.4bpp graphics/pokemon/relicanth/front.4bpp.lz
tools/gbagfx/gbagfx graphics/pokemon/relicanth/frontf.4bpp graphics/pokemon/relicanth/frontf.4bpp.lz
tools/gbagfx/gbagfx graphics/pokemon/relicanth/normal.gbapal graphics/pokemon/relicanth/normal.gbapal.lz
tools/gbagfx/gbagfx graphics/pokemon/relicanth/shiny.gbapal graphics/pokemon/relicanth/shiny.gbapal.lz
tools/gbagfx/gbagfx graphics/pokemon/rellor/back.4bpp graphics/pokemon/rellor/back.4bpp.lz
tools/gbagfx/gbagfx graphics/pokemon/rellor/front.4bpp graphics/pokemon/rellor/front.4bpp.lz
tools/gbagfx/gbagfx graphics/pokemon/rellor/normal.gbapal graphics/pokemon/rellor/normal.gbapal.lz
tools/gbagfx/gbagfx graphics/pokemon/rellor/shiny.gbapal graphics/pokemon/rellor/shiny.gbapal.lz
tools/gbagfx/gbagfx graphics/pokemon/remoraid/back.4bpp graphics/pokemon/remoraid/back.4bpp.lz
tools/gbagfx/gbagfx graphics/pokemon/remoraid/front.4bpp graphics/pokemon/remoraid/front.4bpp.lz
tools/gbagfx/gbagfx graphics/pokemon/remoraid/normal.gbapal graphics/pokemon/remoraid/normal.gbapal.lz
tools/gbagfx/gbagfx graphics/pokemon/remoraid/shiny.gbapal graphics/pokemon/remoraid/shiny.gbapal.lz
tools/gbagfx/gbagfx graphics/pokemon/reshiram/back.4bpp graphics/pokemon/reshiram/back.4bpp.lz
tools/gbagfx/gbagfx graphics/pokemon/reshiram/front.4bpp graphics/pokemon/reshiram/front.4bpp.lz
tools/gbagfx/gbagfx graphics/pokemon/reshiram/normal.gbapal graphics/pokemon/reshiram/normal.gbapal.lz
tools/gbagfx/gbagfx graphics/pokemon/reshiram/shiny.gbapal graphics/pokemon/reshiram/shiny.gbapal.lz
tools/gbagfx/gbagfx graphics/pokemon/reuniclus/back.4bpp graphics/pokemon/reuniclus/back.4bpp.lz
tools/gbagfx/gbagfx graphics/pokemon/reuniclus/front.4bpp graphics/pokemon/reuniclus/front.4bpp.lz
tools/gbagfx/gbagfx graphics/pokemon/reuniclus/normal.gbapal graphics/pokemon/reuniclus/normal.gbapal.lz
tools/gbagfx/gbagfx graphics/pokemon/reuniclus/shiny.gbapal graphics/pokemon/reuniclus/shiny.gbapal.lz
tools/gbagfx/gbagfx graphics/pokemon/revavroom/back.4bpp graphics/pokemon/revavroom/back.4bpp.lz
tools/gbagfx/gbagfx graphics/pokemon/revavroom/front.4bpp graphics/pokemon/revavroom/front.4bpp.lz
tools/gbagfx/gbagfx graphics/pokemon/revavroom/normal.gbapal graphics/pokemon/revavroom/normal.gbapal.lz
tools/gbagfx/gbagfx graphics/pokemon/revavroom/shiny.gbapal graphics/pokemon/revavroom/shiny.gbapal.lz
tools/gbagfx/gbagfx graphics/pokemon/rhydon/back.4bpp graphics/pokemon/rhydon/back.4bpp.lz
tools/gbagfx/gbagfx graphics/pokemon/rhydon/backf.4bpp graphics/pokemon/rhydon/backf.4bpp.lz
tools/gbagfx/gbagfx graphics/pokemon/rhydon/front.4bpp graphics/pokemon/rhydon/front.4bpp.lz
tools/gbagfx/gbagfx graphics/pokemon/rhydon/frontf.4bpp graphics/pokemon/rhydon/frontf.4bpp.lz
tools/gbagfx/gbagfx graphics/pokemon/rhydon/normal.gbapal graphics/pokemon/rhydon/normal.gbapal.lz
tools/gbagfx/gbagfx graphics/pokemon/rhydon/shiny.gbapal graphics/pokemon/rhydon/shiny.gbapal.lz
tools/gbagfx/gbagfx graphics/pokemon/rhyhorn/back.4bpp graphics/pokemon/rhyhorn/back.4bpp.lz
tools/gbagfx/gbagfx graphics/pokemon/rhyhorn/backf.4bpp graphics/pokemon/rhyhorn/backf.4bpp.lz
tools/gbagfx/gbagfx graphics/pokemon/rhyhorn/front.4bpp graphics/pokemon/rhyhorn/front.4bpp.lz
tools/gbagfx/gbagfx graphics/pokemon/rhyhorn/frontf.4bpp graphics/pokemon/rhyhorn/frontf.4bpp.lz
tools/gbagfx/gbagfx graphics/pokemon/rhyhorn/normal.gbapal graphics/pokemon/rhyhorn/normal.gbapal.lz
tools/gbagfx/gbagfx graphics/pokemon/rhyhorn/shiny.gbapal graphics/pokemon/rhyhorn/shiny.gbapal.lz
tools/gbagfx/gbagfx graphics/pokemon/rhyperior/back.4bpp graphics/pokemon/rhyperior/back.4bpp.lz
tools/gbagfx/gbagfx graphics/pokemon/rhyperior/backf.4bpp graphics/pokemon/rhyperior/backf.4bpp.lz
tools/gbagfx/gbagfx graphics/pokemon/rhyperior/front.4bpp graphics/pokemon/rhyperior/front.4bpp.lz
tools/gbagfx/gbagfx graphics/pokemon/rhyperior/frontf.4bpp graphics/pokemon/rhyperior/frontf.4bpp.lz
tools/gbagfx/gbagfx graphics/pokemon/rhyperior/normal.gbapal graphics/pokemon/rhyperior/normal.gbapal.lz
tools/gbagfx/gbagfx graphics/pokemon/rhyperior/shiny.gbapal graphics/pokemon/rhyperior/shiny.gbapal.lz
tools/gbagfx/gbagfx graphics/pokemon/ribombee/back.4bpp graphics/pokemon/ribombee/back.4bpp.lz
tools/gbagfx/gbagfx graphics/pokemon/ribombee/front.4bpp graphics/pokemon/ribombee/front.4bpp.lz
tools/gbagfx/gbagfx graphics/pokemon/ribombee/normal.gbapal graphics/pokemon/ribombee/normal.gbapal.lz
tools/gbagfx/gbagfx graphics/pokemon/ribombee/shiny.gbapal graphics/pokemon/ribombee/shiny.gbapal.lz
tools/gbagfx/gbagfx graphics/pokemon/rillaboom/back.4bpp graphics/pokemon/rillaboom/back.4bpp.lz
tools/gbagfx/gbagfx graphics/pokemon/rillaboom/front.4bpp graphics/pokemon/rillaboom/front.4bpp.lz
tools/gbagfx/gbagfx graphics/pokemon/rillaboom/normal.gbapal graphics/pokemon/rillaboom/normal.gbapal.lz
tools/gbagfx/gbagfx graphics/pokemon/rillaboom/shiny.gbapal graphics/pokemon/rillaboom/shiny.gbapal.lz
tools/gbagfx/gbagfx graphics/pokemon/riolu/back.4bpp graphics/pokemon/riolu/back.4bpp.lz
tools/gbagfx/gbagfx graphics/pokemon/riolu/front.4bpp graphics/pokemon/riolu/front.4bpp.lz
tools/gbagfx/gbagfx graphics/pokemon/riolu/normal.gbapal graphics/pokemon/riolu/normal.gbapal.lz
tools/gbagfx/gbagfx graphics/pokemon/riolu/shiny.gbapal graphics/pokemon/riolu/shiny.gbapal.lz
tools/gbagfx/gbagfx graphics/pokemon/roaring_moon/back.4bpp graphics/pokemon/roaring_moon/back.4bpp.lz
tools/gbagfx/gbagfx graphics/pokemon/roaring_moon/front.4bpp graphics/pokemon/roaring_moon/front.4bpp.lz
tools/gbagfx/gbagfx graphics/pokemon/roaring_moon/normal.gbapal graphics/pokemon/roaring_moon/normal.gbapal.lz
tools/gbagfx/gbagfx graphics/pokemon/roaring_moon/shiny.gbapal graphics/pokemon/roaring_moon/shiny.gbapal.lz
tools/gbagfx/gbagfx graphics/pokemon/rockruff/back.4bpp graphics/pokemon/rockruff/back.4bpp.lz
tools/gbagfx/gbagfx graphics/pokemon/rockruff/front.4bpp graphics/pokemon/rockruff/front.4bpp.lz
tools/gbagfx/gbagfx graphics/pokemon/rockruff/normal.gbapal graphics/pokemon/rockruff/normal.gbapal.lz
tools/gbagfx/gbagfx graphics/pokemon/rockruff/shiny.gbapal graphics/pokemon/rockruff/shiny.gbapal.lz
tools/gbagfx/gbagfx graphics/pokemon/roggenrola/back.4bpp graphics/pokemon/roggenrola/back.4bpp.lz
tools/gbagfx/gbagfx graphics/pokemon/roggenrola/front.4bpp graphics/pokemon/roggenrola/front.4bpp.lz
tools/gbagfx/gbagfx graphics/pokemon/roggenrola/normal.gbapal graphics/pokemon/roggenrola/normal.gbapal.lz
tools/gbagfx/gbagfx graphics/pokemon/roggenrola/shiny.gbapal graphics/pokemon/roggenrola/shiny.gbapal.lz
tools/gbagfx/gbagfx graphics/pokemon/rolycoly/back.4bpp graphics/pokemon/rolycoly/back.4bpp.lz
tools/gbagfx/gbagfx graphics/pokemon/rolycoly/front.4bpp graphics/pokemon/rolycoly/front.4bpp.lz
tools/gbagfx/gbagfx graphics/pokemon/rolycoly/normal.gbapal graphics/pokemon/rolycoly/normal.gbapal.lz
tools/gbagfx/gbagfx graphics/pokemon/rolycoly/shiny.gbapal graphics/pokemon/rolycoly/shiny.gbapal.lz
tools/gbagfx/gbagfx graphics/pokemon/rookidee/back.4bpp graphics/pokemon/rookidee/back.4bpp.lz
tools/gbagfx/gbagfx graphics/pokemon/rookidee/front.4bpp graphics/pokemon/rookidee/front.4bpp.lz
tools/gbagfx/gbagfx graphics/pokemon/rookidee/normal.gbapal graphics/pokemon/rookidee/normal.gbapal.lz
tools/gbagfx/gbagfx graphics/pokemon/rookidee/shiny.gbapal graphics/pokemon/rookidee/shiny.gbapal.lz
tools/gbagfx/gbagfx graphics/pokemon/roselia/back.4bpp graphics/pokemon/roselia/back.4bpp.lz
tools/gbagfx/gbagfx graphics/pokemon/roselia/backf.4bpp graphics/pokemon/roselia/backf.4bpp.lz
tools/gbagfx/gbagfx graphics/pokemon/roselia/front.4bpp graphics/pokemon/roselia/front.4bpp.lz
tools/gbagfx/gbagfx graphics/pokemon/roselia/frontf.4bpp graphics/pokemon/roselia/frontf.4bpp.lz
tools/gbagfx/gbagfx graphics/pokemon/roselia/normal.gbapal graphics/pokemon/roselia/normal.gbapal.lz
tools/gbagfx/gbagfx graphics/pokemon/roselia/shiny.gbapal graphics/pokemon/roselia/shiny.gbapal.lz
tools/gbagfx/gbagfx graphics/pokemon/roserade/back.4bpp graphics/pokemon/roserade/back.4bpp.lz
tools/gbagfx/gbagfx graphics/pokemon/roserade/backf.4bpp graphics/pokemon/roserade/backf.4bpp.lz
tools/gbagfx/gbagfx graphics/pokemon/roserade/front.4bpp graphics/pokemon/roserade/front.4bpp.lz
tools/gbagfx/gbagfx graphics/pokemon/roserade/frontf.4bpp graphics/pokemon/roserade/frontf.4bpp.lz
tools/gbagfx/gbagfx graphics/pokemon/roserade/normal.gbapal graphics/pokemon/roserade/normal.gbapal.lz
tools/gbagfx/gbagfx graphics/pokemon/roserade/shiny.gbapal graphics/pokemon/roserade/shiny.gbapal.lz
tools/gbagfx/gbagfx graphics/pokemon/rotom/back.4bpp graphics/pokemon/rotom/back.4bpp.lz
tools/gbagfx/gbagfx graphics/pokemon/rotom/fan/back.4bpp graphics/pokemon/rotom/fan/back.4bpp.lz
tools/gbagfx/gbagfx graphics/pokemon/rotom/fan/front.4bpp graphics/pokemon/rotom/fan/front.4bpp.lz
tools/gbagfx/gbagfx graphics/pokemon/rotom/fan/normal.gbapal graphics/pokemon/rotom/fan/normal.gbapal.lz
tools/gbagfx/gbagfx graphics/pokemon/rotom/fan/shiny.gbapal graphics/pokemon/rotom/fan/shiny.gbapal.lz
tools/gbagfx/gbagfx graphics/pokemon/rotom/front.4bpp graphics/pokemon/rotom/front.4bpp.lz
tools/gbagfx/gbagfx graphics/pokemon/rotom/frost/back.4bpp graphics/pokemon/rotom/frost/back.4bpp.lz
tools/gbagfx/gbagfx graphics/pokemon/rotom/frost/front.4bpp graphics/pokemon/rotom/frost/front.4bpp.lz
tools/gbagfx/gbagfx graphics/pokemon/rotom/frost/normal.gbapal graphics/pokemon/rotom/frost/normal.gbapal.lz
tools/gbagfx/gbagfx graphics/pokemon/rotom/frost/shiny.gbapal graphics/pokemon/rotom/frost/shiny.gbapal.lz
tools/gbagfx/gbagfx graphics/pokemon/rotom/heat/back.4bpp graphics/pokemon/rotom/heat/back.4bpp.lz
tools/gbagfx/gbagfx graphics/pokemon/rotom/heat/front.4bpp graphics/pokemon/rotom/heat/front.4bpp.lz
tools/gbagfx/gbagfx graphics/pokemon/rotom/heat/normal.gbapal graphics/pokemon/rotom/heat/normal.gbapal.lz
tools/gbagfx/gbagfx graphics/pokemon/rotom/heat/shiny.gbapal graphics/pokemon/rotom/heat/shiny.gbapal.lz
tools/gbagfx/gbagfx graphics/pokemon/rotom/mow/back.4bpp graphics/pokemon/rotom/mow/back.4bpp.lz
tools/gbagfx/gbagfx graphics/pokemon/rotom/mow/front.4bpp graphics/pokemon/rotom/mow/front.4bpp.lz
tools/gbagfx/gbagfx graphics/pokemon/rotom/mow/normal.gbapal graphics/pokemon/rotom/mow/normal.gbapal.lz
tools/gbagfx/gbagfx graphics/pokemon/rotom/mow/shiny.gbapal graphics/pokemon/rotom/mow/shiny.gbapal.lz
tools/gbagfx/gbagfx graphics/pokemon/rotom/normal.gbapal graphics/pokemon/rotom/normal.gbapal.lz
tools/gbagfx/gbagfx graphics/pokemon/rotom/shiny.gbapal graphics/pokemon/rotom/shiny.gbapal.lz
tools/gbagfx/gbagfx graphics/pokemon/rotom/wash/back.4bpp graphics/pokemon/rotom/wash/back.4bpp.lz
tools/gbagfx/gbagfx graphics/pokemon/rotom/wash/front.4bpp graphics/pokemon/rotom/wash/front.4bpp.lz
tools/gbagfx/gbagfx graphics/pokemon/rotom/wash/normal.gbapal graphics/pokemon/rotom/wash/normal.gbapal.lz
tools/gbagfx/gbagfx graphics/pokemon/rotom/wash/shiny.gbapal graphics/pokemon/rotom/wash/shiny.gbapal.lz
tools/gbagfx/gbagfx graphics/pokemon/rowlet/back.4bpp graphics/pokemon/rowlet/back.4bpp.lz
tools/gbagfx/gbagfx graphics/pokemon/rowlet/front.4bpp graphics/pokemon/rowlet/front.4bpp.lz
tools/gbagfx/gbagfx graphics/pokemon/rowlet/normal.gbapal graphics/pokemon/rowlet/normal.gbapal.lz
tools/gbagfx/gbagfx graphics/pokemon/rowlet/shiny.gbapal graphics/pokemon/rowlet/shiny.gbapal.lz
tools/gbagfx/gbagfx graphics/pokemon/rufflet/back.4bpp graphics/pokemon/rufflet/back.4bpp.lz
tools/gbagfx/gbagfx graphics/pokemon/rufflet/front.4bpp graphics/pokemon/rufflet/front.4bpp.lz
tools/gbagfx/gbagfx graphics/pokemon/rufflet/normal.gbapal graphics/pokemon/rufflet/normal.gbapal.lz
tools/gbagfx/gbagfx graphics/pokemon/rufflet/shiny.gbapal graphics/pokemon/rufflet/shiny.gbapal.lz
tools/gbagfx/gbagfx graphics/pokemon/runerigus/back.4bpp graphics/pokemon/runerigus/back.4bpp.lz
tools/gbagfx/gbagfx graphics/pokemon/runerigus/front.4bpp graphics/pokemon/runerigus/front.4bpp.lz
tools/gbagfx/gbagfx graphics/pokemon/runerigus/normal.gbapal graphics/pokemon/runerigus/normal.gbapal.lz
tools/gbagfx/gbagfx graphics/pokemon/runerigus/shiny.gbapal graphics/pokemon/runerigus/shiny.gbapal.lz
tools/gbagfx/gbagfx graphics/pokemon/sableye/back.4bpp graphics/pokemon/sableye/back.4bpp.lz
tools/gbagfx/gbagfx graphics/pokemon/sableye/front.4bpp graphics/pokemon/sableye/front.4bpp.lz
tools/gbagfx/gbagfx graphics/pokemon/sableye/mega/back.4bpp graphics/pokemon/sableye/mega/back.4bpp.lz
tools/gbagfx/gbagfx graphics/pokemon/sableye/mega/front.4bpp graphics/pokemon/sableye/mega/front.4bpp.lz
tools/gbagfx/gbagfx graphics/pokemon/sableye/mega/normal.gbapal graphics/pokemon/sableye/mega/normal.gbapal.lz
tools/gbagfx/gbagfx graphics/pokemon/sableye/mega/shiny.gbapal graphics/pokemon/sableye/mega/shiny.gbapal.lz
tools/gbagfx/gbagfx graphics/pokemon/sableye/normal.gbapal graphics/pokemon/sableye/normal.gbapal.lz
tools/gbagfx/gbagfx graphics/pokemon/sableye/shiny.gbapal graphics/pokemon/sableye/shiny.gbapal.lz
tools/gbagfx/gbagfx graphics/pokemon/salamence/back.4bpp graphics/pokemon/salamence/back.4bpp.lz
tools/gbagfx/gbagfx graphics/pokemon/salamence/front.4bpp graphics/pokemon/salamence/front.4bpp.lz
tools/gbagfx/gbagfx graphics/pokemon/salamence/mega/back.4bpp graphics/pokemon/salamence/mega/back.4bpp.lz
tools/gbagfx/gbagfx graphics/pokemon/salamence/mega/front.4bpp graphics/pokemon/salamence/mega/front.4bpp.lz
tools/gbagfx/gbagfx graphics/pokemon/salamence/mega/normal.gbapal graphics/pokemon/salamence/mega/normal.gbapal.lz
tools/gbagfx/gbagfx graphics/pokemon/salamence/mega/shiny.gbapal graphics/pokemon/salamence/mega/shiny.gbapal.lz
tools/gbagfx/gbagfx graphics/pokemon/salamence/normal.gbapal graphics/pokemon/salamence/normal.gbapal.lz
tools/gbagfx/gbagfx graphics/pokemon/salamence/shiny.gbapal graphics/pokemon/salamence/shiny.gbapal.lz
tools/gbagfx/gbagfx graphics/pokemon/salandit/back.4bpp graphics/pokemon/salandit/back.4bpp.lz
tools/gbagfx/gbagfx graphics/pokemon/salandit/front.4bpp graphics/pokemon/salandit/front.4bpp.lz
tools/gbagfx/gbagfx graphics/pokemon/salandit/normal.gbapal graphics/pokemon/salandit/normal.gbapal.lz
tools/gbagfx/gbagfx graphics/pokemon/salandit/shiny.gbapal graphics/pokemon/salandit/shiny.gbapal.lz
tools/gbagfx/gbagfx graphics/pokemon/salazzle/back.4bpp graphics/pokemon/salazzle/back.4bpp.lz
tools/gbagfx/gbagfx graphics/pokemon/salazzle/front.4bpp graphics/pokemon/salazzle/front.4bpp.lz
tools/gbagfx/gbagfx graphics/pokemon/salazzle/normal.gbapal graphics/pokemon/salazzle/normal.gbapal.lz
tools/gbagfx/gbagfx graphics/pokemon/salazzle/shiny.gbapal graphics/pokemon/salazzle/shiny.gbapal.lz
tools/gbagfx/gbagfx graphics/pokemon/samurott/back.4bpp graphics/pokemon/samurott/back.4bpp.lz
tools/gbagfx/gbagfx graphics/pokemon/samurott/front.4bpp graphics/pokemon/samurott/front.4bpp.lz
tools/gbagfx/gbagfx graphics/pokemon/samurott/hisuian/back.4bpp graphics/pokemon/samurott/hisuian/back.4bpp.lz
tools/gbagfx/gbagfx graphics/pokemon/samurott/hisuian/front.4bpp graphics/pokemon/samurott/hisuian/front.4bpp.lz
tools/gbagfx/gbagfx graphics/pokemon/samurott/hisuian/normal.gbapal graphics/pokemon/samurott/hisuian/normal.gbapal.lz
tools/gbagfx/gbagfx graphics/pokemon/samurott/hisuian/shiny.gbapal graphics/pokemon/samurott/hisuian/shiny.gbapal.lz
tools/gbagfx/gbagfx graphics/pokemon/samurott/normal.gbapal graphics/pokemon/samurott/normal.gbapal.lz
tools/gbagfx/gbagfx graphics/pokemon/samurott/shiny.gbapal graphics/pokemon/samurott/shiny.gbapal.lz
tools/gbagfx/gbagfx graphics/pokemon/sandaconda/back.4bpp graphics/pokemon/sandaconda/back.4bpp.lz
tools/gbagfx/gbagfx graphics/pokemon/sandaconda/front.4bpp graphics/pokemon/sandaconda/front.4bpp.lz
tools/gbagfx/gbagfx graphics/pokemon/sandaconda/normal.gbapal graphics/pokemon/sandaconda/normal.gbapal.lz
tools/gbagfx/gbagfx graphics/pokemon/sandaconda/shiny.gbapal graphics/pokemon/sandaconda/shiny.gbapal.lz
tools/gbagfx/gbagfx graphics/pokemon/sandile/back.4bpp graphics/pokemon/sandile/back.4bpp.lz
tools/gbagfx/gbagfx graphics/pokemon/sandile/front.4bpp graphics/pokemon/sandile/front.4bpp.lz
tools/gbagfx/gbagfx graphics/pokemon/sandile/normal.gbapal graphics/pokemon/sandile/normal.gbapal.lz
tools/gbagfx/gbagfx graphics/pokemon/sandile/shiny.gbapal graphics/pokemon/sandile/shiny.gbapal.lz
tools/gbagfx/gbagfx graphics/pokemon/sandshrew/alolan/back.4bpp graphics/pokemon/sandshrew/alolan/back.4bpp.lz
tools/gbagfx/gbagfx graphics/pokemon/sandshrew/alolan/front.4bpp graphics/pokemon/sandshrew/alolan/front.4bpp.lz
tools/gbagfx/gbagfx graphics/pokemon/sandshrew/alolan/normal.gbapal graphics/pokemon/sandshrew/alolan/normal.gbapal.lz
tools/gbagfx/gbagfx graphics/pokemon/sandshrew/alolan/shiny.gbapal graphics/pokemon/sandshrew/alolan/shiny.gbapal.lz
tools/gbagfx/gbagfx graphics/pokemon/sandshrew/back.4bpp graphics/pokemon/sandshrew/back.4bpp.lz
tools/gbagfx/gbagfx graphics/pokemon/sandshrew/front.4bpp graphics/pokemon/sandshrew/front.4bpp.lz
tools/gbagfx/gbagfx graphics/pokemon/sandshrew/normal.gbapal graphics/pokemon/sandshrew/normal.gbapal.lz
tools/gbagfx/gbagfx graphics/pokemon/sandshrew/shiny.gbapal graphics/pokemon/sandshrew/shiny.gbapal.lz
tools/gbagfx/gbagfx graphics/pokemon/sandslash/alolan/back.4bpp graphics/pokemon/sandslash/alolan/back.4bpp.lz
tools/gbagfx/gbagfx graphics/pokemon/sandslash/alolan/front.4bpp graphics/pokemon/sandslash/alolan/front.4bpp.lz
tools/gbagfx/gbagfx graphics/pokemon/sandslash/alolan/normal.gbapal graphics/pokemon/sandslash/alolan/normal.gbapal.lz
tools/gbagfx/gbagfx graphics/pokemon/sandslash/alolan/shiny.gbapal graphics/pokemon/sandslash/alolan/shiny.gbapal.lz
tools/gbagfx/gbagfx graphics/pokemon/sandslash/back.4bpp graphics/pokemon/sandslash/back.4bpp.lz
tools/gbagfx/gbagfx graphics/pokemon/sandslash/front.4bpp graphics/pokemon/sandslash/front.4bpp.lz
tools/gbagfx/gbagfx graphics/pokemon/sandslash/normal.gbapal graphics/pokemon/sandslash/normal.gbapal.lz
tools/gbagfx/gbagfx graphics/pokemon/sandslash/shiny.gbapal graphics/pokemon/sandslash/shiny.gbapal.lz
tools/gbagfx/gbagfx graphics/pokemon/sandy_shocks/back.4bpp graphics/pokemon/sandy_shocks/back.4bpp.lz
tools/gbagfx/gbagfx graphics/pokemon/sandy_shocks/front.4bpp graphics/pokemon/sandy_shocks/front.4bpp.lz
tools/gbagfx/gbagfx graphics/pokemon/sandy_shocks/normal.gbapal graphics/pokemon/sandy_shocks/normal.gbapal.lz
tools/gbagfx/gbagfx graphics/pokemon/sandy_shocks/shiny.gbapal graphics/pokemon/sandy_shocks/shiny.gbapal.lz
tools/gbagfx/gbagfx graphics/pokemon/sandygast/back.4bpp graphics/pokemon/sandygast/back.4bpp.lz
tools/gbagfx/gbagfx graphics/pokemon/sandygast/front.4bpp graphics/pokemon/sandygast/front.4bpp.lz
tools/gbagfx/gbagfx graphics/pokemon/sandygast/normal.gbapal graphics/pokemon/sandygast/normal.gbapal.lz
tools/gbagfx/gbagfx graphics/pokemon/sandygast/shiny.gbapal graphics/pokemon/sandygast/shiny.gbapal.lz
tools/gbagfx/gbagfx graphics/pokemon/sawk/back.4bpp graphics/pokemon/sawk/back.4bpp.lz
tools/gbagfx/gbagfx graphics/pokemon/sawk/front.4bpp graphics/pokemon/sawk/front.4bpp.lz
tools/gbagfx/gbagfx graphics/pokemon/sawk/normal.gbapal graphics/pokemon/sawk/normal.gbapal.lz
tools/gbagfx/gbagfx graphics/pokemon/sawk/shiny.gbapal graphics/pokemon/sawk/shiny.gbapal.lz
tools/gbagfx/gbagfx graphics/pokemon/sawsbuck/autumn/back.4bpp graphics/pokemon/sawsbuck/autumn/back.4bpp.lz
tools/gbagfx/gbagfx graphics/pokemon/sawsbuck/autumn/front.4bpp graphics/pokemon/sawsbuck/autumn/front.4bpp.lz
tools/gbagfx/gbagfx graphics/pokemon/sawsbuck/autumn/normal.gbapal graphics/pokemon/sawsbuck/autumn/normal.gbapal.lz
tools/gbagfx/gbagfx graphics/pokemon/sawsbuck/autumn/shiny.gbapal graphics/pokemon/sawsbuck/autumn/shiny.gbapal.lz
tools/gbagfx/gbagfx graphics/pokemon/sawsbuck/back.4bpp graphics/pokemon/sawsbuck/back.4bpp.lz
tools/gbagfx/gbagfx graphics/pokemon/sawsbuck/front.4bpp graphics/pokemon/sawsbuck/front.4bpp.lz
tools/gbagfx/gbagfx graphics/pokemon/sawsbuck/normal.gbapal graphics/pokemon/sawsbuck/normal.gbapal.lz
tools/gbagfx/gbagfx graphics/pokemon/sawsbuck/shiny.gbapal graphics/pokemon/sawsbuck/shiny.gbapal.lz
tools/gbagfx/gbagfx graphics/pokemon/sawsbuck/summer/back.4bpp graphics/pokemon/sawsbuck/summer/back.4bpp.lz
tools/gbagfx/gbagfx graphics/pokemon/sawsbuck/summer/front.4bpp graphics/pokemon/sawsbuck/summer/front.4bpp.lz
tools/gbagfx/gbagfx graphics/pokemon/sawsbuck/summer/normal.gbapal graphics/pokemon/sawsbuck/summer/normal.gbapal.lz
tools/gbagfx/gbagfx graphics/pokemon/sawsbuck/summer/shiny.gbapal graphics/pokemon/sawsbuck/summer/shiny.gbapal.lz
tools/gbagfx/gbagfx graphics/pokemon/sawsbuck/winter/back.4bpp graphics/pokemon/sawsbuck/winter/back.4bpp.lz
tools/gbagfx/gbagfx graphics/pokemon/sawsbuck/winter/front.4bpp graphics/pokemon/sawsbuck/winter/front.4bpp.lz
tools/gbagfx/gbagfx graphics/pokemon/sawsbuck/winter/normal.gbapal graphics/pokemon/sawsbuck/winter/normal.gbapal.lz
tools/gbagfx/gbagfx graphics/pokemon/sawsbuck/winter/shiny.gbapal graphics/pokemon/sawsbuck/winter/shiny.gbapal.lz
tools/gbagfx/gbagfx graphics/pokemon/scatterbug/back.4bpp graphics/pokemon/scatterbug/back.4bpp.lz
tools/gbagfx/gbagfx graphics/pokemon/scatterbug/front.4bpp graphics/pokemon/scatterbug/front.4bpp.lz
tools/gbagfx/gbagfx graphics/pokemon/scatterbug/normal.gbapal graphics/pokemon/scatterbug/normal.gbapal.lz
tools/gbagfx/gbagfx graphics/pokemon/scatterbug/shiny.gbapal graphics/pokemon/scatterbug/shiny.gbapal.lz
tools/gbagfx/gbagfx graphics/pokemon/sceptile/back.4bpp graphics/pokemon/sceptile/back.4bpp.lz
tools/gbagfx/gbagfx graphics/pokemon/sceptile/front.4bpp graphics/pokemon/sceptile/front.4bpp.lz
tools/gbagfx/gbagfx graphics/pokemon/sceptile/mega/back.4bpp graphics/pokemon/sceptile/mega/back.4bpp.lz
tools/gbagfx/gbagfx graphics/pokemon/sceptile/mega/front.4bpp graphics/pokemon/sceptile/mega/front.4bpp.lz
tools/gbagfx/gbagfx graphics/pokemon/sceptile/mega/normal.gbapal graphics/pokemon/sceptile/mega/normal.gbapal.lz
tools/gbagfx/gbagfx graphics/pokemon/sceptile/mega/shiny.gbapal graphics/pokemon/sceptile/mega/shiny.gbapal.lz
tools/gbagfx/gbagfx graphics/pokemon/sceptile/normal.gbapal graphics/pokemon/sceptile/normal.gbapal.lz
tools/gbagfx/gbagfx graphics/pokemon/sceptile/shiny.gbapal graphics/pokemon/sceptile/shiny.gbapal.lz
tools/gbagfx/gbagfx graphics/pokemon/scizor/back.4bpp graphics/pokemon/scizor/back.4bpp.lz
tools/gbagfx/gbagfx graphics/pokemon/scizor/front.4bpp graphics/pokemon/scizor/front.4bpp.lz
tools/gbagfx/gbagfx graphics/pokemon/scizor/frontf.4bpp graphics/pokemon/scizor/frontf.4bpp.lz
tools/gbagfx/gbagfx graphics/pokemon/scizor/mega/back.4bpp graphics/pokemon/scizor/mega/back.4bpp.lz
tools/gbagfx/gbagfx graphics/pokemon/scizor/mega/front.4bpp graphics/pokemon/scizor/mega/front.4bpp.lz
tools/gbagfx/gbagfx graphics/pokemon/scizor/mega/normal.gbapal graphics/pokemon/scizor/mega/normal.gbapal.lz
tools/gbagfx/gbagfx graphics/pokemon/scizor/mega/shiny.gbapal graphics/pokemon/scizor/mega/shiny.gbapal.lz
tools/gbagfx/gbagfx graphics/pokemon/scizor/normal.gbapal graphics/pokemon/scizor/normal.gbapal.lz
tools/gbagfx/gbagfx graphics/pokemon/scizor/shiny.gbapal graphics/pokemon/scizor/shiny.gbapal.lz
tools/gbagfx/gbagfx graphics/pokemon/scolipede/back.4bpp graphics/pokemon/scolipede/back.4bpp.lz
tools/gbagfx/gbagfx graphics/pokemon/scolipede/front.4bpp graphics/pokemon/scolipede/front.4bpp.lz
tools/gbagfx/gbagfx graphics/pokemon/scolipede/normal.gbapal graphics/pokemon/scolipede/normal.gbapal.lz
tools/gbagfx/gbagfx graphics/pokemon/scolipede/shiny.gbapal graphics/pokemon/scolipede/shiny.gbapal.lz
tools/gbagfx/gbagfx graphics/pokemon/scorbunny/back.4bpp graphics/pokemon/scorbunny/back.4bpp.lz
tools/gbagfx/gbagfx graphics/pokemon/scorbunny/front.4bpp graphics/pokemon/scorbunny/front.4bpp.lz
tools/gbagfx/gbagfx graphics/pokemon/scorbunny/normal.gbapal graphics/pokemon/scorbunny/normal.gbapal.lz
tools/gbagfx/gbagfx graphics/pokemon/scorbunny/shiny.gbapal graphics/pokemon/scorbunny/shiny.gbapal.lz
tools/gbagfx/gbagfx graphics/pokemon/scovillain/back.4bpp graphics/pokemon/scovillain/back.4bpp.lz
tools/gbagfx/gbagfx graphics/pokemon/scovillain/front.4bpp graphics/pokemon/scovillain/front.4bpp.lz
tools/gbagfx/gbagfx graphics/pokemon/scovillain/normal.gbapal graphics/pokemon/scovillain/normal.gbapal.lz
tools/gbagfx/gbagfx graphics/pokemon/scovillain/shiny.gbapal graphics/pokemon/scovillain/shiny.gbapal.lz
tools/gbagfx/gbagfx graphics/pokemon/scrafty/back.4bpp graphics/pokemon/scrafty/back.4bpp.lz
tools/gbagfx/gbagfx graphics/pokemon/scrafty/front.4bpp graphics/pokemon/scrafty/front.4bpp.lz
tools/gbagfx/gbagfx graphics/pokemon/scrafty/normal.gbapal graphics/pokemon/scrafty/normal.gbapal.lz
tools/gbagfx/gbagfx graphics/pokemon/scrafty/shiny.gbapal graphics/pokemon/scrafty/shiny.gbapal.lz
tools/gbagfx/gbagfx graphics/pokemon/scraggy/back.4bpp graphics/pokemon/scraggy/back.4bpp.lz
tools/gbagfx/gbagfx graphics/pokemon/scraggy/front.4bpp graphics/pokemon/scraggy/front.4bpp.lz
tools/gbagfx/gbagfx graphics/pokemon/scraggy/normal.gbapal graphics/pokemon/scraggy/normal.gbapal.lz
tools/gbagfx/gbagfx graphics/pokemon/scraggy/shiny.gbapal graphics/pokemon/scraggy/shiny.gbapal.lz
tools/gbagfx/gbagfx graphics/pokemon/scream_tail/back.4bpp graphics/pokemon/scream_tail/back.4bpp.lz
tools/gbagfx/gbagfx graphics/pokemon/scream_tail/front.4bpp graphics/pokemon/scream_tail/front.4bpp.lz
tools/gbagfx/gbagfx graphics/pokemon/scream_tail/normal.gbapal graphics/pokemon/scream_tail/normal.gbapal.lz
tools/gbagfx/gbagfx graphics/pokemon/scream_tail/shiny.gbapal graphics/pokemon/scream_tail/shiny.gbapal.lz
tools/gbagfx/gbagfx graphics/pokemon/scyther/back.4bpp graphics/pokemon/scyther/back.4bpp.lz
tools/gbagfx/gbagfx graphics/pokemon/scyther/front.4bpp graphics/pokemon/scyther/front.4bpp.lz
tools/gbagfx/gbagfx graphics/pokemon/scyther/frontf.4bpp graphics/pokemon/scyther/frontf.4bpp.lz
tools/gbagfx/gbagfx graphics/pokemon/scyther/normal.gbapal graphics/pokemon/scyther/normal.gbapal.lz
tools/gbagfx/gbagfx graphics/pokemon/scyther/shiny.gbapal graphics/pokemon/scyther/shiny.gbapal.lz
tools/gbagfx/gbagfx graphics/pokemon/seadra/back.4bpp graphics/pokemon/seadra/back.4bpp.lz
tools/gbagfx/gbagfx graphics/pokemon/seadra/front.4bpp graphics/pokemon/seadra/front.4bpp.lz
tools/gbagfx/gbagfx graphics/pokemon/seadra/normal.gbapal graphics/pokemon/seadra/normal.gbapal.lz
tools/gbagfx/gbagfx graphics/pokemon/seadra/shiny.gbapal graphics/pokemon/seadra/shiny.gbapal.lz
tools/gbagfx/gbagfx graphics/pokemon/seaking/back.4bpp graphics/pokemon/seaking/back.4bpp.lz
tools/gbagfx/gbagfx graphics/pokemon/seaking/backf.4bpp graphics/pokemon/seaking/backf.4bpp.lz
tools/gbagfx/gbagfx graphics/pokemon/seaking/front.4bpp graphics/pokemon/seaking/front.4bpp.lz
tools/gbagfx/gbagfx graphics/pokemon/seaking/frontf.4bpp graphics/pokemon/seaking/frontf.4bpp.lz
tools/gbagfx/gbagfx graphics/pokemon/seaking/normal.gbapal graphics/pokemon/seaking/normal.gbapal.lz
tools/gbagfx/gbagfx graphics/pokemon/seaking/shiny.gbapal graphics/pokemon/seaking/shiny.gbapal.lz
tools/gbagfx/gbagfx graphics/pokemon/sealeo/back.4bpp graphics/pokemon/sealeo/back.4bpp.lz
tools/gbagfx/gbagfx graphics/pokemon/sealeo/front.4bpp graphics/pokemon/sealeo/front.4bpp.lz
tools/gbagfx/gbagfx graphics/pokemon/sealeo/normal.gbapal graphics/pokemon/sealeo/normal.gbapal.lz
tools/gbagfx/gbagfx graphics/pokemon/sealeo/shiny.gbapal graphics/pokemon/sealeo/shiny.gbapal.lz
tools/gbagfx/gbagfx graphics/pokemon/seedot/back.4bpp graphics/pokemon/seedot/back.4bpp.lz
tools/gbagfx/gbagfx graphics/pokemon/seedot/front.4bpp graphics/pokemon/seedot/front.4bpp.lz
tools/gbagfx/gbagfx graphics/pokemon/seedot/normal.gbapal graphics/pokemon/seedot/normal.gbapal.lz
tools/gbagfx/gbagfx graphics/pokemon/seedot/shiny.gbapal graphics/pokemon/seedot/shiny.gbapal.lz
tools/gbagfx/gbagfx graphics/pokemon/seel/back.4bpp graphics/pokemon/seel/back.4bpp.lz
tools/gbagfx/gbagfx graphics/pokemon/seel/front.4bpp graphics/pokemon/seel/front.4bpp.lz
tools/gbagfx/gbagfx graphics/pokemon/seel/normal.gbapal graphics/pokemon/seel/normal.gbapal.lz
tools/gbagfx/gbagfx graphics/pokemon/seel/shiny.gbapal graphics/pokemon/seel/shiny.gbapal.lz
tools/gbagfx/gbagfx graphics/pokemon/seismitoad/back.4bpp graphics/pokemon/seismitoad/back.4bpp.lz
tools/gbagfx/gbagfx graphics/pokemon/seismitoad/front.4bpp graphics/pokemon/seismitoad/front.4bpp.lz
tools/gbagfx/gbagfx graphics/pokemon/seismitoad/normal.gbapal graphics/pokemon/seismitoad/normal.gbapal.lz
tools/gbagfx/gbagfx graphics/pokemon/seismitoad/shiny.gbapal graphics/pokemon/seismitoad/shiny.gbapal.lz
tools/gbagfx/gbagfx graphics/pokemon/sentret/back.4bpp graphics/pokemon/sentret/back.4bpp.lz
tools/gbagfx/gbagfx graphics/pokemon/sentret/front.4bpp graphics/pokemon/sentret/front.4bpp.lz
tools/gbagfx/gbagfx graphics/pokemon/sentret/normal.gbapal graphics/pokemon/sentret/normal.gbapal.lz
tools/gbagfx/gbagfx graphics/pokemon/sentret/shiny.gbapal graphics/pokemon/sentret/shiny.gbapal.lz
tools/gbagfx/gbagfx graphics/pokemon/serperior/back.4bpp graphics/pokemon/serperior/back.4bpp.lz
tools/gbagfx/gbagfx graphics/pokemon/serperior/front.4bpp graphics/pokemon/serperior/front.4bpp.lz
tools/gbagfx/gbagfx graphics/pokemon/serperior/normal.gbapal graphics/pokemon/serperior/normal.gbapal.lz
tools/gbagfx/gbagfx graphics/pokemon/serperior/shiny.gbapal graphics/pokemon/serperior/shiny.gbapal.lz
tools/gbagfx/gbagfx graphics/pokemon/servine/back.4bpp graphics/pokemon/servine/back.4bpp.lz
tools/gbagfx/gbagfx graphics/pokemon/servine/front.4bpp graphics/pokemon/servine/front.4bpp.lz
tools/gbagfx/gbagfx graphics/pokemon/servine/normal.gbapal graphics/pokemon/servine/normal.gbapal.lz
tools/gbagfx/gbagfx graphics/pokemon/servine/shiny.gbapal graphics/pokemon/servine/shiny.gbapal.lz
tools/gbagfx/gbagfx graphics/pokemon/seviper/back.4bpp graphics/pokemon/seviper/back.4bpp.lz
tools/gbagfx/gbagfx graphics/pokemon/seviper/front.4bpp graphics/pokemon/seviper/front.4bpp.lz
tools/gbagfx/gbagfx graphics/pokemon/seviper/normal.gbapal graphics/pokemon/seviper/normal.gbapal.lz
tools/gbagfx/gbagfx graphics/pokemon/seviper/shiny.gbapal graphics/pokemon/seviper/shiny.gbapal.lz
tools/gbagfx/gbagfx graphics/pokemon/sewaddle/back.4bpp graphics/pokemon/sewaddle/back.4bpp.lz
tools/gbagfx/gbagfx graphics/pokemon/sewaddle/front.4bpp graphics/pokemon/sewaddle/front.4bpp.lz
tools/gbagfx/gbagfx graphics/pokemon/sewaddle/normal.gbapal graphics/pokemon/sewaddle/normal.gbapal.lz
tools/gbagfx/gbagfx graphics/pokemon/sewaddle/shiny.gbapal graphics/pokemon/sewaddle/shiny.gbapal.lz
tools/gbagfx/gbagfx graphics/pokemon/sharpedo/back.4bpp graphics/pokemon/sharpedo/back.4bpp.lz
tools/gbagfx/gbagfx graphics/pokemon/sharpedo/front.4bpp graphics/pokemon/sharpedo/front.4bpp.lz
tools/gbagfx/gbagfx graphics/pokemon/sharpedo/mega/back.4bpp graphics/pokemon/sharpedo/mega/back.4bpp.lz
tools/gbagfx/gbagfx graphics/pokemon/sharpedo/mega/front.4bpp graphics/pokemon/sharpedo/mega/front.4bpp.lz
tools/gbagfx/gbagfx graphics/pokemon/sharpedo/mega/normal.gbapal graphics/pokemon/sharpedo/mega/normal.gbapal.lz
tools/gbagfx/gbagfx graphics/pokemon/sharpedo/mega/shiny.gbapal graphics/pokemon/sharpedo/mega/shiny.gbapal.lz
tools/gbagfx/gbagfx graphics/pokemon/sharpedo/normal.gbapal graphics/pokemon/sharpedo/normal.gbapal.lz
tools/gbagfx/gbagfx graphics/pokemon/sharpedo/shiny.gbapal graphics/pokemon/sharpedo/shiny.gbapal.lz
tools/gbagfx/gbagfx graphics/pokemon/shaymin/back.4bpp graphics/pokemon/shaymin/back.4bpp.lz
tools/gbagfx/gbagfx graphics/pokemon/shaymin/front.4bpp graphics/pokemon/shaymin/front.4bpp.lz
tools/gbagfx/gbagfx graphics/pokemon/shaymin/normal.gbapal graphics/pokemon/shaymin/normal.gbapal.lz
tools/gbagfx/gbagfx graphics/pokemon/shaymin/shiny.gbapal graphics/pokemon/shaymin/shiny.gbapal.lz
tools/gbagfx/gbagfx graphics/pokemon/shaymin/sky/back.4bpp graphics/pokemon/shaymin/sky/back.4bpp.lz
tools/gbagfx/gbagfx graphics/pokemon/shaymin/sky/front.4bpp graphics/pokemon/shaymin/sky/front.4bpp.lz
tools/gbagfx/gbagfx graphics/pokemon/shaymin/sky/normal.gbapal graphics/pokemon/shaymin/sky/normal.gbapal.lz
tools/gbagfx/gbagfx graphics/pokemon/shaymin/sky/shiny.gbapal graphics/pokemon/shaymin/sky/shiny.gbapal.lz
tools/gbagfx/gbagfx graphics/pokemon/shedinja/back.4bpp graphics/pokemon/shedinja/back.4bpp.lz
tools/gbagfx/gbagfx graphics/pokemon/shedinja/front.4bpp graphics/pokemon/shedinja/front.4bpp.lz
tools/gbagfx/gbagfx graphics/pokemon/shedinja/normal.gbapal graphics/pokemon/shedinja/normal.gbapal.lz
tools/gbagfx/gbagfx graphics/pokemon/shedinja/shiny.gbapal graphics/pokemon/shedinja/shiny.gbapal.lz
tools/gbagfx/gbagfx graphics/pokemon/shelgon/back.4bpp graphics/pokemon/shelgon/back.4bpp.lz
tools/gbagfx/gbagfx graphics/pokemon/shelgon/front.4bpp graphics/pokemon/shelgon/front.4bpp.lz
tools/gbagfx/gbagfx graphics/pokemon/shelgon/normal.gbapal graphics/pokemon/shelgon/normal.gbapal.lz
tools/gbagfx/gbagfx graphics/pokemon/shelgon/shiny.gbapal graphics/pokemon/shelgon/shiny.gbapal.lz
tools/gbagfx/gbagfx graphics/pokemon/shellder/back.4bpp graphics/pokemon/shellder/back.4bpp.lz
tools/gbagfx/gbagfx graphics/pokemon/shellder/front.4bpp graphics/pokemon/shellder/front.4bpp.lz
tools/gbagfx/gbagfx graphics/pokemon/shellder/normal.gbapal graphics/pokemon/shellder/normal.gbapal.lz
tools/gbagfx/gbagfx graphics/pokemon/shellder/shiny.gbapal graphics/pokemon/shellder/shiny.gbapal.lz
tools/gbagfx/gbagfx graphics/pokemon/shellos/back.4bpp graphics/pokemon/shellos/back.4bpp.lz
tools/gbagfx/gbagfx graphics/pokemon/shellos/east_sea/back.4bpp graphics/pokemon/shellos/east_sea/back.4bpp.lz
tools/gbagfx/gbagfx graphics/pokemon/shellos/east_sea/front.4bpp graphics/pokemon/shellos/east_sea/front.4bpp.lz
tools/gbagfx/gbagfx graphics/pokemon/shellos/east_sea/normal.gbapal graphics/pokemon/shellos/east_sea/normal.gbapal.lz
tools/gbagfx/gbagfx graphics/pokemon/shellos/east_sea/shiny.gbapal graphics/pokemon/shellos/east_sea/shiny.gbapal.lz
tools/gbagfx/gbagfx graphics/pokemon/shellos/front.4bpp graphics/pokemon/shellos/front.4bpp.lz
tools/gbagfx/gbagfx graphics/pokemon/shellos/normal.gbapal graphics/pokemon/shellos/normal.gbapal.lz
tools/gbagfx/gbagfx graphics/pokemon/shellos/shiny.gbapal graphics/pokemon/shellos/shiny.gbapal.lz
tools/gbagfx/gbagfx graphics/pokemon/shelmet/back.4bpp graphics/pokemon/shelmet/back.4bpp.lz
tools/gbagfx/gbagfx graphics/pokemon/shelmet/front.4bpp graphics/pokemon/shelmet/front.4bpp.lz
tools/gbagfx/gbagfx graphics/pokemon/shelmet/normal.gbapal graphics/pokemon/shelmet/normal.gbapal.lz
tools/gbagfx/gbagfx graphics/pokemon/shelmet/shiny.gbapal graphics/pokemon/shelmet/shiny.gbapal.lz
tools/gbagfx/gbagfx graphics/pokemon/shieldon/back.4bpp graphics/pokemon/shieldon/back.4bpp.lz
tools/gbagfx/gbagfx graphics/pokemon/shieldon/front.4bpp graphics/pokemon/shieldon/front.4bpp.lz
tools/gbagfx/gbagfx graphics/pokemon/shieldon/normal.gbapal graphics/pokemon/shieldon/normal.gbapal.lz
tools/gbagfx/gbagfx graphics/pokemon/shieldon/shiny.gbapal graphics/pokemon/shieldon/shiny.gbapal.lz
tools/gbagfx/gbagfx graphics/pokemon/shiftry/back.4bpp graphics/pokemon/shiftry/back.4bpp.lz
tools/gbagfx/gbagfx graphics/pokemon/shiftry/backf.4bpp graphics/pokemon/shiftry/backf.4bpp.lz
tools/gbagfx/gbagfx graphics/pokemon/shiftry/front.4bpp graphics/pokemon/shiftry/front.4bpp.lz
tools/gbagfx/gbagfx graphics/pokemon/shiftry/frontf.4bpp graphics/pokemon/shiftry/frontf.4bpp.lz
tools/gbagfx/gbagfx graphics/pokemon/shiftry/normal.gbapal graphics/pokemon/shiftry/normal.gbapal.lz
tools/gbagfx/gbagfx graphics/pokemon/shiftry/shiny.gbapal graphics/pokemon/shiftry/shiny.gbapal.lz
tools/gbagfx/gbagfx graphics/pokemon/shiinotic/back.4bpp graphics/pokemon/shiinotic/back.4bpp.lz
tools/gbagfx/gbagfx graphics/pokemon/shiinotic/front.4bpp graphics/pokemon/shiinotic/front.4bpp.lz
tools/gbagfx/gbagfx graphics/pokemon/shiinotic/normal.gbapal graphics/pokemon/shiinotic/normal.gbapal.lz
tools/gbagfx/gbagfx graphics/pokemon/shiinotic/shiny.gbapal graphics/pokemon/shiinotic/shiny.gbapal.lz
tools/gbagfx/gbagfx graphics/pokemon/shinx/back.4bpp graphics/pokemon/shinx/back.4bpp.lz
tools/gbagfx/gbagfx graphics/pokemon/shinx/backf.4bpp graphics/pokemon/shinx/backf.4bpp.lz
tools/gbagfx/gbagfx graphics/pokemon/shinx/front.4bpp graphics/pokemon/shinx/front.4bpp.lz
tools/gbagfx/gbagfx graphics/pokemon/shinx/frontf.4bpp graphics/pokemon/shinx/frontf.4bpp.lz
tools/gbagfx/gbagfx graphics/pokemon/shinx/normal.gbapal graphics/pokemon/shinx/normal.gbapal.lz
tools/gbagfx/gbagfx graphics/pokemon/shinx/shiny.gbapal graphics/pokemon/shinx/shiny.gbapal.lz
tools/gbagfx/gbagfx graphics/pokemon/shroodle/back.4bpp graphics/pokemon/shroodle/back.4bpp.lz
tools/gbagfx/gbagfx graphics/pokemon/shroodle/front.4bpp graphics/pokemon/shroodle/front.4bpp.lz
tools/gbagfx/gbagfx graphics/pokemon/shroodle/normal.gbapal graphics/pokemon/shroodle/normal.gbapal.lz
tools/gbagfx/gbagfx graphics/pokemon/shroodle/shiny.gbapal graphics/pokemon/shroodle/shiny.gbapal.lz
tools/gbagfx/gbagfx graphics/pokemon/shroomish/back.4bpp graphics/pokemon/shroomish/back.4bpp.lz
tools/gbagfx/gbagfx graphics/pokemon/shroomish/front.4bpp graphics/pokemon/shroomish/front.4bpp.lz
tools/gbagfx/gbagfx graphics/pokemon/shroomish/normal.gbapal graphics/pokemon/shroomish/normal.gbapal.lz
tools/gbagfx/gbagfx graphics/pokemon/shroomish/shiny.gbapal graphics/pokemon/shroomish/shiny.gbapal.lz
tools/gbagfx/gbagfx graphics/pokemon/shuckle/back.4bpp graphics/pokemon/shuckle/back.4bpp.lz
tools/gbagfx/gbagfx graphics/pokemon/shuckle/front.4bpp graphics/pokemon/shuckle/front.4bpp.lz
tools/gbagfx/gbagfx graphics/pokemon/shuckle/normal.gbapal graphics/pokemon/shuckle/normal.gbapal.lz
tools/gbagfx/gbagfx graphics/pokemon/shuckle/shiny.gbapal graphics/pokemon/shuckle/shiny.gbapal.lz
tools/gbagfx/gbagfx graphics/pokemon/shuppet/back.4bpp graphics/pokemon/shuppet/back.4bpp.lz
tools/gbagfx/gbagfx graphics/pokemon/shuppet/front.4bpp graphics/pokemon/shuppet/front.4bpp.lz
tools/gbagfx/gbagfx graphics/pokemon/shuppet/normal.gbapal graphics/pokemon/shuppet/normal.gbapal.lz
tools/gbagfx/gbagfx graphics/pokemon/shuppet/shiny.gbapal graphics/pokemon/shuppet/shiny.gbapal.lz
tools/gbagfx/gbagfx graphics/pokemon/sigilyph/back.4bpp graphics/pokemon/sigilyph/back.4bpp.lz
tools/gbagfx/gbagfx graphics/pokemon/sigilyph/front.4bpp graphics/pokemon/sigilyph/front.4bpp.lz
tools/gbagfx/gbagfx graphics/pokemon/sigilyph/normal.gbapal graphics/pokemon/sigilyph/normal.gbapal.lz
tools/gbagfx/gbagfx graphics/pokemon/sigilyph/shiny.gbapal graphics/pokemon/sigilyph/shiny.gbapal.lz
tools/gbagfx/gbagfx graphics/pokemon/silcoon/back.4bpp graphics/pokemon/silcoon/back.4bpp.lz
tools/gbagfx/gbagfx graphics/pokemon/silcoon/front.4bpp graphics/pokemon/silcoon/front.4bpp.lz
tools/gbagfx/gbagfx graphics/pokemon/silcoon/normal.gbapal graphics/pokemon/silcoon/normal.gbapal.lz
tools/gbagfx/gbagfx graphics/pokemon/silcoon/shiny.gbapal graphics/pokemon/silcoon/shiny.gbapal.lz
tools/gbagfx/gbagfx graphics/pokemon/silicobra/back.4bpp graphics/pokemon/silicobra/back.4bpp.lz
tools/gbagfx/gbagfx graphics/pokemon/silicobra/front.4bpp graphics/pokemon/silicobra/front.4bpp.lz
tools/gbagfx/gbagfx graphics/pokemon/silicobra/normal.gbapal graphics/pokemon/silicobra/normal.gbapal.lz
tools/gbagfx/gbagfx graphics/pokemon/silicobra/shiny.gbapal graphics/pokemon/silicobra/shiny.gbapal.lz
tools/gbagfx/gbagfx graphics/pokemon/silvally/back.4bpp graphics/pokemon/silvally/back.4bpp.lz
tools/gbagfx/gbagfx graphics/pokemon/silvally/front.4bpp graphics/pokemon/silvally/front.4bpp.lz
tools/gbagfx/gbagfx graphics/pokemon/silvally/normal.gbapal graphics/pokemon/silvally/normal.gbapal.lz
tools/gbagfx/gbagfx graphics/pokemon/silvally/shiny.gbapal graphics/pokemon/silvally/shiny.gbapal.lz
tools/gbagfx/gbagfx graphics/pokemon/simipour/back.4bpp graphics/pokemon/simipour/back.4bpp.lz
tools/gbagfx/gbagfx graphics/pokemon/simipour/front.4bpp graphics/pokemon/simipour/front.4bpp.lz
tools/gbagfx/gbagfx graphics/pokemon/simipour/normal.gbapal graphics/pokemon/simipour/normal.gbapal.lz
tools/gbagfx/gbagfx graphics/pokemon/simipour/shiny.gbapal graphics/pokemon/simipour/shiny.gbapal.lz
tools/gbagfx/gbagfx graphics/pokemon/simisage/back.4bpp graphics/pokemon/simisage/back.4bpp.lz
tools/gbagfx/gbagfx graphics/pokemon/simisage/front.4bpp graphics/pokemon/simisage/front.4bpp.lz
tools/gbagfx/gbagfx graphics/pokemon/simisage/normal.gbapal graphics/pokemon/simisage/normal.gbapal.lz
tools/gbagfx/gbagfx graphics/pokemon/simisage/shiny.gbapal graphics/pokemon/simisage/shiny.gbapal.lz
tools/gbagfx/gbagfx graphics/pokemon/simisear/back.4bpp graphics/pokemon/simisear/back.4bpp.lz
tools/gbagfx/gbagfx graphics/pokemon/simisear/front.4bpp graphics/pokemon/simisear/front.4bpp.lz
tools/gbagfx/gbagfx graphics/pokemon/simisear/normal.gbapal graphics/pokemon/simisear/normal.gbapal.lz
tools/gbagfx/gbagfx graphics/pokemon/simisear/shiny.gbapal graphics/pokemon/simisear/shiny.gbapal.lz
tools/gbagfx/gbagfx graphics/pokemon/sinistcha/back.4bpp graphics/pokemon/sinistcha/back.4bpp.lz
tools/gbagfx/gbagfx graphics/pokemon/sinistcha/front.4bpp graphics/pokemon/sinistcha/front.4bpp.lz
tools/gbagfx/gbagfx graphics/pokemon/sinistcha/normal.gbapal graphics/pokemon/sinistcha/normal.gbapal.lz
tools/gbagfx/gbagfx graphics/pokemon/sinistcha/shiny.gbapal graphics/pokemon/sinistcha/shiny.gbapal.lz
tools/gbagfx/gbagfx graphics/pokemon/sinistea/back.4bpp graphics/pokemon/sinistea/back.4bpp.lz
tools/gbagfx/gbagfx graphics/pokemon/sinistea/front.4bpp graphics/pokemon/sinistea/front.4bpp.lz
tools/gbagfx/gbagfx graphics/pokemon/sinistea/normal.gbapal graphics/pokemon/sinistea/normal.gbapal.lz
tools/gbagfx/gbagfx graphics/pokemon/sinistea/shiny.gbapal graphics/pokemon/sinistea/shiny.gbapal.lz
tools/gbagfx/gbagfx graphics/pokemon/sirfetchd/back.4bpp graphics/pokemon/sirfetchd/back.4bpp.lz
tools/gbagfx/gbagfx graphics/pokemon/sirfetchd/front.4bpp graphics/pokemon/sirfetchd/front.4bpp.lz
tools/gbagfx/gbagfx graphics/pokemon/sirfetchd/normal.gbapal graphics/pokemon/sirfetchd/normal.gbapal.lz
tools/gbagfx/gbagfx graphics/pokemon/sirfetchd/shiny.gbapal graphics/pokemon/sirfetchd/shiny.gbapal.lz
tools/gbagfx/gbagfx graphics/pokemon/sizzlipede/back.4bpp graphics/pokemon/sizzlipede/back.4bpp.lz
tools/gbagfx/gbagfx graphics/pokemon/sizzlipede/front.4bpp graphics/pokemon/sizzlipede/front.4bpp.lz
tools/gbagfx/gbagfx graphics/pokemon/sizzlipede/normal.gbapal graphics/pokemon/sizzlipede/normal.gbapal.lz
tools/gbagfx/gbagfx graphics/pokemon/sizzlipede/shiny.gbapal graphics/pokemon/sizzlipede/shiny.gbapal.lz
tools/gbagfx/gbagfx graphics/pokemon/skarmory/back.4bpp graphics/pokemon/skarmory/back.4bpp.lz
tools/gbagfx/gbagfx graphics/pokemon/skarmory/front.4bpp graphics/pokemon/skarmory/front.4bpp.lz
tools/gbagfx/gbagfx graphics/pokemon/skarmory/normal.gbapal graphics/pokemon/skarmory/normal.gbapal.lz
tools/gbagfx/gbagfx graphics/pokemon/skarmory/shiny.gbapal graphics/pokemon/skarmory/shiny.gbapal.lz
tools/gbagfx/gbagfx graphics/pokemon/skeledirge/back.4bpp graphics/pokemon/skeledirge/back.4bpp.lz
tools/gbagfx/gbagfx graphics/pokemon/skeledirge/front.4bpp graphics/pokemon/skeledirge/front.4bpp.lz
tools/gbagfx/gbagfx graphics/pokemon/skeledirge/normal.gbapal graphics/pokemon/skeledirge/normal.gbapal.lz
tools/gbagfx/gbagfx graphics/pokemon/skeledirge/shiny.gbapal graphics/pokemon/skeledirge/shiny.gbapal.lz
tools/gbagfx/gbagfx graphics/pokemon/skiddo/back.4bpp graphics/pokemon/skiddo/back.4bpp.lz
tools/gbagfx/gbagfx graphics/pokemon/skiddo/front.4bpp graphics/pokemon/skiddo/front.4bpp.lz
tools/gbagfx/gbagfx graphics/pokemon/skiddo/normal.gbapal graphics/pokemon/skiddo/normal.gbapal.lz
tools/gbagfx/gbagfx graphics/pokemon/skiddo/shiny.gbapal graphics/pokemon/skiddo/shiny.gbapal.lz
tools/gbagfx/gbagfx graphics/pokemon/skiploom/back.4bpp graphics/pokemon/skiploom/back.4bpp.lz
tools/gbagfx/gbagfx graphics/pokemon/skiploom/front.4bpp graphics/pokemon/skiploom/front.4bpp.lz
tools/gbagfx/gbagfx graphics/pokemon/skiploom/normal.gbapal graphics/pokemon/skiploom/normal.gbapal.lz
tools/gbagfx/gbagfx graphics/pokemon/skiploom/shiny.gbapal graphics/pokemon/skiploom/shiny.gbapal.lz
tools/gbagfx/gbagfx graphics/pokemon/skitty/back.4bpp graphics/pokemon/skitty/back.4bpp.lz
tools/gbagfx/gbagfx graphics/pokemon/skitty/front.4bpp graphics/pokemon/skitty/front.4bpp.lz
tools/gbagfx/gbagfx graphics/pokemon/skitty/normal.gbapal graphics/pokemon/skitty/normal.gbapal.lz
tools/gbagfx/gbagfx graphics/pokemon/skitty/shiny.gbapal graphics/pokemon/skitty/shiny.gbapal.lz
tools/gbagfx/gbagfx graphics/pokemon/skorupi/back.4bpp graphics/pokemon/skorupi/back.4bpp.lz
tools/gbagfx/gbagfx graphics/pokemon/skorupi/front.4bpp graphics/pokemon/skorupi/front.4bpp.lz
tools/gbagfx/gbagfx graphics/pokemon/skorupi/normal.gbapal graphics/pokemon/skorupi/normal.gbapal.lz
tools/gbagfx/gbagfx graphics/pokemon/skorupi/shiny.gbapal graphics/pokemon/skorupi/shiny.gbapal.lz
tools/gbagfx/gbagfx graphics/pokemon/skrelp/back.4bpp graphics/pokemon/skrelp/back.4bpp.lz
tools/gbagfx/gbagfx graphics/pokemon/skrelp/front.4bpp graphics/pokemon/skrelp/front.4bpp.lz
tools/gbagfx/gbagfx graphics/pokemon/skrelp/normal.gbapal graphics/pokemon/skrelp/normal.gbapal.lz
tools/gbagfx/gbagfx graphics/pokemon/skrelp/shiny.gbapal graphics/pokemon/skrelp/shiny.gbapal.lz
tools/gbagfx/gbagfx graphics/pokemon/skuntank/back.4bpp graphics/pokemon/skuntank/back.4bpp.lz
tools/gbagfx/gbagfx graphics/pokemon/skuntank/front.4bpp graphics/pokemon/skuntank/front.4bpp.lz
tools/gbagfx/gbagfx graphics/pokemon/skuntank/normal.gbapal graphics/pokemon/skuntank/normal.gbapal.lz
tools/gbagfx/gbagfx graphics/pokemon/skuntank/shiny.gbapal graphics/pokemon/skuntank/shiny.gbapal.lz
tools/gbagfx/gbagfx graphics/pokemon/skwovet/back.4bpp graphics/pokemon/skwovet/back.4bpp.lz
tools/gbagfx/gbagfx graphics/pokemon/skwovet/front.4bpp graphics/pokemon/skwovet/front.4bpp.lz
tools/gbagfx/gbagfx graphics/pokemon/skwovet/normal.gbapal graphics/pokemon/skwovet/normal.gbapal.lz
tools/gbagfx/gbagfx graphics/pokemon/skwovet/shiny.gbapal graphics/pokemon/skwovet/shiny.gbapal.lz
tools/gbagfx/gbagfx graphics/pokemon/slaking/back.4bpp graphics/pokemon/slaking/back.4bpp.lz
tools/gbagfx/gbagfx graphics/pokemon/slaking/front.4bpp graphics/pokemon/slaking/front.4bpp.lz
tools/gbagfx/gbagfx graphics/pokemon/slaking/normal.gbapal graphics/pokemon/slaking/normal.gbapal.lz
tools/gbagfx/gbagfx graphics/pokemon/slaking/shiny.gbapal graphics/pokemon/slaking/shiny.gbapal.lz
tools/gbagfx/gbagfx graphics/pokemon/slakoth/back.4bpp graphics/pokemon/slakoth/back.4bpp.lz
tools/gbagfx/gbagfx graphics/pokemon/slakoth/front.4bpp graphics/pokemon/slakoth/front.4bpp.lz
tools/gbagfx/gbagfx graphics/pokemon/slakoth/normal.gbapal graphics/pokemon/slakoth/normal.gbapal.lz
tools/gbagfx/gbagfx graphics/pokemon/slakoth/shiny.gbapal graphics/pokemon/slakoth/shiny.gbapal.lz
tools/gbagfx/gbagfx graphics/pokemon/sliggoo/back.4bpp graphics/pokemon/sliggoo/back.4bpp.lz
tools/gbagfx/gbagfx graphics/pokemon/sliggoo/front.4bpp graphics/pokemon/sliggoo/front.4bpp.lz
tools/gbagfx/gbagfx graphics/pokemon/sliggoo/hisuian/back.4bpp graphics/pokemon/sliggoo/hisuian/back.4bpp.lz
tools/gbagfx/gbagfx graphics/pokemon/sliggoo/hisuian/front.4bpp graphics/pokemon/sliggoo/hisuian/front.4bpp.lz
tools/gbagfx/gbagfx graphics/pokemon/sliggoo/hisuian/normal.gbapal graphics/pokemon/sliggoo/hisuian/normal.gbapal.lz
tools/gbagfx/gbagfx graphics/pokemon/sliggoo/hisuian/shiny.gbapal graphics/pokemon/sliggoo/hisuian/shiny.gbapal.lz
tools/gbagfx/gbagfx graphics/pokemon/sliggoo/normal.gbapal graphics/pokemon/sliggoo/normal.gbapal.lz
tools/gbagfx/gbagfx graphics/pokemon/sliggoo/shiny.gbapal graphics/pokemon/sliggoo/shiny.gbapal.lz
tools/gbagfx/gbagfx graphics/pokemon/slither_wing/back.4bpp graphics/pokemon/slither_wing/back.4bpp.lz
tools/gbagfx/gbagfx graphics/pokemon/slither_wing/front.4bpp graphics/pokemon/slither_wing/front.4bpp.lz
tools/gbagfx/gbagfx graphics/pokemon/slither_wing/normal.gbapal graphics/pokemon/slither_wing/normal.gbapal.lz
tools/gbagfx/gbagfx graphics/pokemon/slither_wing/shiny.gbapal graphics/pokemon/slither_wing/shiny.gbapal.lz
tools/gbagfx/gbagfx graphics/pokemon/slowbro/back.4bpp graphics/pokemon/slowbro/back.4bpp.lz
tools/gbagfx/gbagfx graphics/pokemon/slowbro/front.4bpp graphics/pokemon/slowbro/front.4bpp.lz
tools/gbagfx/gbagfx graphics/pokemon/slowbro/galarian/back.4bpp graphics/pokemon/slowbro/galarian/back.4bpp.lz
tools/gbagfx/gbagfx graphics/pokemon/slowbro/galarian/front.4bpp graphics/pokemon/slowbro/galarian/front.4bpp.lz
tools/gbagfx/gbagfx graphics/pokemon/slowbro/galarian/normal.gbapal graphics/pokemon/slowbro/galarian/normal.gbapal.lz
tools/gbagfx/gbagfx graphics/pokemon/slowbro/galarian/shiny.gbapal graphics/pokemon/slowbro/galarian/shiny.gbapal.lz
tools/gbagfx/gbagfx graphics/pokemon/slowbro/mega/back.4bpp graphics/pokemon/slowbro/mega/back.4bpp.lz
tools/gbagfx/gbagfx graphics/pokemon/slowbro/mega/front.4bpp graphics/pokemon/slowbro/mega/front.4bpp.lz
tools/gbagfx/gbagfx graphics/pokemon/slowbro/mega/normal.gbapal graphics/pokemon/slowbro/mega/normal.gbapal.lz
tools/gbagfx/gbagfx graphics/pokemon/slowbro/mega/shiny.gbapal graphics/pokemon/slowbro/mega/shiny.gbapal.lz
tools/gbagfx/gbagfx graphics/pokemon/slowbro/normal.gbapal graphics/pokemon/slowbro/normal.gbapal.lz
tools/gbagfx/gbagfx graphics/pokemon/slowbro/shiny.gbapal graphics/pokemon/slowbro/shiny.gbapal.lz
tools/gbagfx/gbagfx graphics/pokemon/slowking/back.4bpp graphics/pokemon/slowking/back.4bpp.lz
tools/gbagfx/gbagfx graphics/pokemon/slowking/front.4bpp graphics/pokemon/slowking/front.4bpp.lz
tools/gbagfx/gbagfx graphics/pokemon/slowking/galarian/back.4bpp graphics/pokemon/slowking/galarian/back.4bpp.lz
tools/gbagfx/gbagfx graphics/pokemon/slowking/galarian/front.4bpp graphics/pokemon/slowking/galarian/front.4bpp.lz
tools/gbagfx/gbagfx graphics/pokemon/slowking/galarian/normal.gbapal graphics/pokemon/slowking/galarian/normal.gbapal.lz
tools/gbagfx/gbagfx graphics/pokemon/slowking/galarian/shiny.gbapal graphics/pokemon/slowking/galarian/shiny.gbapal.lz
tools/gbagfx/gbagfx graphics/pokemon/slowking/normal.gbapal graphics/pokemon/slowking/normal.gbapal.lz
tools/gbagfx/gbagfx graphics/pokemon/slowking/shiny.gbapal graphics/pokemon/slowking/shiny.gbapal.lz
tools/gbagfx/gbagfx graphics/pokemon/slowpoke/back.4bpp graphics/pokemon/slowpoke/back.4bpp.lz
tools/gbagfx/gbagfx graphics/pokemon/slowpoke/front.4bpp graphics/pokemon/slowpoke/front.4bpp.lz
tools/gbagfx/gbagfx graphics/pokemon/slowpoke/galarian/back.4bpp graphics/pokemon/slowpoke/galarian/back.4bpp.lz
tools/gbagfx/gbagfx graphics/pokemon/slowpoke/galarian/front.4bpp graphics/pokemon/slowpoke/galarian/front.4bpp.lz
tools/gbagfx/gbagfx graphics/pokemon/slowpoke/galarian/normal.gbapal graphics/pokemon/slowpoke/galarian/normal.gbapal.lz
tools/gbagfx/gbagfx graphics/pokemon/slowpoke/galarian/shiny.gbapal graphics/pokemon/slowpoke/galarian/shiny.gbapal.lz
tools/gbagfx/gbagfx graphics/pokemon/slowpoke/normal.gbapal graphics/pokemon/slowpoke/normal.gbapal.lz
tools/gbagfx/gbagfx graphics/pokemon/slowpoke/shiny.gbapal graphics/pokemon/slowpoke/shiny.gbapal.lz
tools/gbagfx/gbagfx graphics/pokemon/slugma/back.4bpp graphics/pokemon/slugma/back.4bpp.lz
tools/gbagfx/gbagfx graphics/pokemon/slugma/front.4bpp graphics/pokemon/slugma/front.4bpp.lz
tools/gbagfx/gbagfx graphics/pokemon/slugma/normal.gbapal graphics/pokemon/slugma/normal.gbapal.lz
tools/gbagfx/gbagfx graphics/pokemon/slugma/shiny.gbapal graphics/pokemon/slugma/shiny.gbapal.lz
tools/gbagfx/gbagfx graphics/pokemon/slurpuff/back.4bpp graphics/pokemon/slurpuff/back.4bpp.lz
tools/gbagfx/gbagfx graphics/pokemon/slurpuff/front.4bpp graphics/pokemon/slurpuff/front.4bpp.lz
tools/gbagfx/gbagfx graphics/pokemon/slurpuff/normal.gbapal graphics/pokemon/slurpuff/normal.gbapal.lz
tools/gbagfx/gbagfx graphics/pokemon/slurpuff/shiny.gbapal graphics/pokemon/slurpuff/shiny.gbapal.lz
tools/gbagfx/gbagfx graphics/pokemon/smeargle/back.4bpp graphics/pokemon/smeargle/back.4bpp.lz
tools/gbagfx/gbagfx graphics/pokemon/smeargle/front.4bpp graphics/pokemon/smeargle/front.4bpp.lz
tools/gbagfx/gbagfx graphics/pokemon/smeargle/normal.gbapal graphics/pokemon/smeargle/normal.gbapal.lz
tools/gbagfx/gbagfx graphics/pokemon/smeargle/shiny.gbapal graphics/pokemon/smeargle/shiny.gbapal.lz
tools/gbagfx/gbagfx graphics/pokemon/smoliv/back.4bpp graphics/pokemon/smoliv/back.4bpp.lz
tools/gbagfx/gbagfx graphics/pokemon/smoliv/front.4bpp graphics/pokemon/smoliv/front.4bpp.lz
tools/gbagfx/gbagfx graphics/pokemon/smoliv/normal.gbapal graphics/pokemon/smoliv/normal.gbapal.lz
tools/gbagfx/gbagfx graphics/pokemon/smoliv/shiny.gbapal graphics/pokemon/smoliv/shiny.gbapal.lz
tools/gbagfx/gbagfx graphics/pokemon/smoochum/back.4bpp graphics/pokemon/smoochum/back.4bpp.lz
tools/gbagfx/gbagfx graphics/pokemon/smoochum/front.4bpp graphics/pokemon/smoochum/front.4bpp.lz
tools/gbagfx/gbagfx graphics/pokemon/smoochum/normal.gbapal graphics/pokemon/smoochum/normal.gbapal.lz
tools/gbagfx/gbagfx graphics/pokemon/smoochum/shiny.gbapal graphics/pokemon/smoochum/shiny.gbapal.lz
tools/gbagfx/gbagfx graphics/pokemon/sneasel/back.4bpp graphics/pokemon/sneasel/back.4bpp.lz
tools/gbagfx/gbagfx graphics/pokemon/sneasel/backf.4bpp graphics/pokemon/sneasel/backf.4bpp.lz
tools/gbagfx/gbagfx graphics/pokemon/sneasel/front.4bpp graphics/pokemon/sneasel/front.4bpp.lz
tools/gbagfx/gbagfx graphics/pokemon/sneasel/frontf.4bpp graphics/pokemon/sneasel/frontf.4bpp.lz
tools/gbagfx/gbagfx graphics/pokemon/sneasel/hisuian/back.4bpp graphics/pokemon/sneasel/hisuian/back.4bpp.lz
tools/gbagfx/gbagfx graphics/pokemon/sneasel/hisuian/backf.4bpp graphics/pokemon/sneasel/hisuian/backf.4bpp.lz
tools/gbagfx/gbagfx graphics/pokemon/sneasel/hisuian/front.4bpp graphics/pokemon/sneasel/hisuian/front.4bpp.lz
tools/gbagfx/gbagfx graphics/pokemon/sneasel/hisuian/frontf.4bpp graphics/pokemon/sneasel/hisuian/frontf.4bpp.lz
tools/gbagfx/gbagfx graphics/pokemon/sneasel/hisuian/normal.gbapal graphics/pokemon/sneasel/hisuian/normal.gbapal.lz
tools/gbagfx/gbagfx graphics/pokemon/sneasel/hisuian/shiny.gbapal graphics/pokemon/sneasel/hisuian/shiny.gbapal.lz
tools/gbagfx/gbagfx graphics/pokemon/sneasel/normal.gbapal graphics/pokemon/sneasel/normal.gbapal.lz
tools/gbagfx/gbagfx graphics/pokemon/sneasel/shiny.gbapal graphics/pokemon/sneasel/shiny.gbapal.lz
tools/gbagfx/gbagfx graphics/pokemon/sneasler/back.4bpp graphics/pokemon/sneasler/back.4bpp.lz
tools/gbagfx/gbagfx graphics/pokemon/sneasler/front.4bpp graphics/pokemon/sneasler/front.4bpp.lz
tools/gbagfx/gbagfx graphics/pokemon/sneasler/normal.gbapal graphics/pokemon/sneasler/normal.gbapal.lz
tools/gbagfx/gbagfx graphics/pokemon/sneasler/shiny.gbapal graphics/pokemon/sneasler/shiny.gbapal.lz
tools/gbagfx/gbagfx graphics/pokemon/snivy/back.4bpp graphics/pokemon/snivy/back.4bpp.lz
tools/gbagfx/gbagfx graphics/pokemon/snivy/front.4bpp graphics/pokemon/snivy/front.4bpp.lz
tools/gbagfx/gbagfx graphics/pokemon/snivy/normal.gbapal graphics/pokemon/snivy/normal.gbapal.lz
tools/gbagfx/gbagfx graphics/pokemon/snivy/shiny.gbapal graphics/pokemon/snivy/shiny.gbapal.lz
tools/gbagfx/gbagfx graphics/pokemon/snom/back.4bpp graphics/pokemon/snom/back.4bpp.lz
tools/gbagfx/gbagfx graphics/pokemon/snom/front.4bpp graphics/pokemon/snom/front.4bpp.lz
tools/gbagfx/gbagfx graphics/pokemon/snom/normal.gbapal graphics/pokemon/snom/normal.gbapal.lz
tools/gbagfx/gbagfx graphics/pokemon/snom/shiny.gbapal graphics/pokemon/snom/shiny.gbapal.lz
tools/gbagfx/gbagfx graphics/pokemon/snorlax/back.4bpp graphics/pokemon/snorlax/back.4bpp.lz
tools/gbagfx/gbagfx graphics/pokemon/snorlax/front.4bpp graphics/pokemon/snorlax/front.4bpp.lz
tools/gbagfx/gbagfx graphics/pokemon/snorlax/normal.gbapal graphics/pokemon/snorlax/normal.gbapal.lz
tools/gbagfx/gbagfx graphics/pokemon/snorlax/shiny.gbapal graphics/pokemon/snorlax/shiny.gbapal.lz
tools/gbagfx/gbagfx graphics/pokemon/snorunt/back.4bpp graphics/pokemon/snorunt/back.4bpp.lz
tools/gbagfx/gbagfx graphics/pokemon/snorunt/front.4bpp graphics/pokemon/snorunt/front.4bpp.lz
tools/gbagfx/gbagfx graphics/pokemon/snorunt/normal.gbapal graphics/pokemon/snorunt/normal.gbapal.lz
tools/gbagfx/gbagfx graphics/pokemon/snorunt/shiny.gbapal graphics/pokemon/snorunt/shiny.gbapal.lz
tools/gbagfx/gbagfx graphics/pokemon/snover/back.4bpp graphics/pokemon/snover/back.4bpp.lz
tools/gbagfx/gbagfx graphics/pokemon/snover/backf.4bpp graphics/pokemon/snover/backf.4bpp.lz
tools/gbagfx/gbagfx graphics/pokemon/snover/front.4bpp graphics/pokemon/snover/front.4bpp.lz
tools/gbagfx/gbagfx graphics/pokemon/snover/frontf.4bpp graphics/pokemon/snover/frontf.4bpp.lz
tools/gbagfx/gbagfx graphics/pokemon/snover/normal.gbapal graphics/pokemon/snover/normal.gbapal.lz
tools/gbagfx/gbagfx graphics/pokemon/snover/shiny.gbapal graphics/pokemon/snover/shiny.gbapal.lz
tools/gbagfx/gbagfx graphics/pokemon/snubbull/back.4bpp graphics/pokemon/snubbull/back.4bpp.lz
tools/gbagfx/gbagfx graphics/pokemon/snubbull/front.4bpp graphics/pokemon/snubbull/front.4bpp.lz
tools/gbagfx/gbagfx graphics/pokemon/snubbull/normal.gbapal graphics/pokemon/snubbull/normal.gbapal.lz
tools/gbagfx/gbagfx graphics/pokemon/snubbull/shiny.gbapal graphics/pokemon/snubbull/shiny.gbapal.lz
tools/gbagfx/gbagfx graphics/pokemon/sobble/back.4bpp graphics/pokemon/sobble/back.4bpp.lz
tools/gbagfx/gbagfx graphics/pokemon/sobble/front.4bpp graphics/pokemon/sobble/front.4bpp.lz
tools/gbagfx/gbagfx graphics/pokemon/sobble/normal.gbapal graphics/pokemon/sobble/normal.gbapal.lz
tools/gbagfx/gbagfx graphics/pokemon/sobble/shiny.gbapal graphics/pokemon/sobble/shiny.gbapal.lz
tools/gbagfx/gbagfx graphics/pokemon/solgaleo/back.4bpp graphics/pokemon/solgaleo/back.4bpp.lz
tools/gbagfx/gbagfx graphics/pokemon/solgaleo/front.4bpp graphics/pokemon/solgaleo/front.4bpp.lz
tools/gbagfx/gbagfx graphics/pokemon/solgaleo/normal.gbapal graphics/pokemon/solgaleo/normal.gbapal.lz
tools/gbagfx/gbagfx graphics/pokemon/solgaleo/shiny.gbapal graphics/pokemon/solgaleo/shiny.gbapal.lz
tools/gbagfx/gbagfx graphics/pokemon/solosis/back.4bpp graphics/pokemon/solosis/back.4bpp.lz
tools/gbagfx/gbagfx graphics/pokemon/solosis/front.4bpp graphics/pokemon/solosis/front.4bpp.lz
tools/gbagfx/gbagfx graphics/pokemon/solosis/normal.gbapal graphics/pokemon/solosis/normal.gbapal.lz
tools/gbagfx/gbagfx graphics/pokemon/solosis/shiny.gbapal graphics/pokemon/solosis/shiny.gbapal.lz
tools/gbagfx/gbagfx graphics/pokemon/solrock/back.4bpp graphics/pokemon/solrock/back.4bpp.lz
tools/gbagfx/gbagfx graphics/pokemon/solrock/front.4bpp graphics/pokemon/solrock/front.4bpp.lz
tools/gbagfx/gbagfx graphics/pokemon/solrock/normal.gbapal graphics/pokemon/solrock/normal.gbapal.lz
tools/gbagfx/gbagfx graphics/pokemon/solrock/shiny.gbapal graphics/pokemon/solrock/shiny.gbapal.lz
tools/gbagfx/gbagfx graphics/pokemon/spearow/back.4bpp graphics/pokemon/spearow/back.4bpp.lz
tools/gbagfx/gbagfx graphics/pokemon/spearow/front.4bpp graphics/pokemon/spearow/front.4bpp.lz
tools/gbagfx/gbagfx graphics/pokemon/spearow/normal.gbapal graphics/pokemon/spearow/normal.gbapal.lz
tools/gbagfx/gbagfx graphics/pokemon/spearow/shiny.gbapal graphics/pokemon/spearow/shiny.gbapal.lz
tools/gbagfx/gbagfx graphics/pokemon/spectrier/back.4bpp graphics/pokemon/spectrier/back.4bpp.lz
tools/gbagfx/gbagfx graphics/pokemon/spectrier/front.4bpp graphics/pokemon/spectrier/front.4bpp.lz
tools/gbagfx/gbagfx graphics/pokemon/spectrier/normal.gbapal graphics/pokemon/spectrier/normal.gbapal.lz
tools/gbagfx/gbagfx graphics/pokemon/spectrier/shiny.gbapal graphics/pokemon/spectrier/shiny.gbapal.lz
tools/gbagfx/gbagfx graphics/pokemon/spewpa/back.4bpp graphics/pokemon/spewpa/back.4bpp.lz
tools/gbagfx/gbagfx graphics/pokemon/spewpa/front.4bpp graphics/pokemon/spewpa/front.4bpp.lz
tools/gbagfx/gbagfx graphics/pokemon/spewpa/normal.gbapal graphics/pokemon/spewpa/normal.gbapal.lz
tools/gbagfx/gbagfx graphics/pokemon/spewpa/shiny.gbapal graphics/pokemon/spewpa/shiny.gbapal.lz
tools/gbagfx/gbagfx graphics/pokemon/spheal/back.4bpp graphics/pokemon/spheal/back.4bpp.lz
tools/gbagfx/gbagfx graphics/pokemon/spheal/front.4bpp graphics/pokemon/spheal/front.4bpp.lz
tools/gbagfx/gbagfx graphics/pokemon/spheal/normal.gbapal graphics/pokemon/spheal/normal.gbapal.lz
tools/gbagfx/gbagfx graphics/pokemon/spheal/shiny.gbapal graphics/pokemon/spheal/shiny.gbapal.lz
tools/gbagfx/gbagfx graphics/pokemon/spidops/back.4bpp graphics/pokemon/spidops/back.4bpp.lz
tools/gbagfx/gbagfx graphics/pokemon/spidops/front.4bpp graphics/pokemon/spidops/front.4bpp.lz
tools/gbagfx/gbagfx graphics/pokemon/spidops/normal.gbapal graphics/pokemon/spidops/normal.gbapal.lz
tools/gbagfx/gbagfx graphics/pokemon/spidops/shiny.gbapal graphics/pokemon/spidops/shiny.gbapal.lz
tools/gbagfx/gbagfx graphics/pokemon/spinarak/back.4bpp graphics/pokemon/spinarak/back.4bpp.lz
tools/gbagfx/gbagfx graphics/pokemon/spinarak/front.4bpp graphics/pokemon/spinarak/front.4bpp.lz
tools/gbagfx/gbagfx graphics/pokemon/spinarak/normal.gbapal graphics/pokemon/spinarak/normal.gbapal.lz
tools/gbagfx/gbagfx graphics/pokemon/spinarak/shiny.gbapal graphics/pokemon/spinarak/shiny.gbapal.lz
tools/gbagfx/gbagfx graphics/pokemon/spinda/back.4bpp graphics/pokemon/spinda/back.4bpp.lz
tools/gbagfx/gbagfx graphics/pokemon/spinda/front.4bpp graphics/pokemon/spinda/front.4bpp.lz
tools/gbagfx/gbagfx graphics/pokemon/spinda/normal.gbapal graphics/pokemon/spinda/normal.gbapal.lz
tools/gbagfx/gbagfx graphics/pokemon/spinda/shiny.gbapal graphics/pokemon/spinda/shiny.gbapal.lz
tools/gbagfx/gbagfx graphics/pokemon/spiritomb/back.4bpp graphics/pokemon/spiritomb/back.4bpp.lz
tools/gbagfx/gbagfx graphics/pokemon/spiritomb/front.4bpp graphics/pokemon/spiritomb/front.4bpp.lz
tools/gbagfx/gbagfx graphics/pokemon/spiritomb/normal.gbapal graphics/pokemon/spiritomb/normal.gbapal.lz
tools/gbagfx/gbagfx graphics/pokemon/spiritomb/shiny.gbapal graphics/pokemon/spiritomb/shiny.gbapal.lz
tools/gbagfx/gbagfx graphics/pokemon/spoink/back.4bpp graphics/pokemon/spoink/back.4bpp.lz
tools/gbagfx/gbagfx graphics/pokemon/spoink/front.4bpp graphics/pokemon/spoink/front.4bpp.lz
tools/gbagfx/gbagfx graphics/pokemon/spoink/normal.gbapal graphics/pokemon/spoink/normal.gbapal.lz
tools/gbagfx/gbagfx graphics/pokemon/spoink/shiny.gbapal graphics/pokemon/spoink/shiny.gbapal.lz
tools/gbagfx/gbagfx graphics/pokemon/sprigatito/back.4bpp graphics/pokemon/sprigatito/back.4bpp.lz
tools/gbagfx/gbagfx graphics/pokemon/sprigatito/front.4bpp graphics/pokemon/sprigatito/front.4bpp.lz
tools/gbagfx/gbagfx graphics/pokemon/sprigatito/normal.gbapal graphics/pokemon/sprigatito/normal.gbapal.lz
tools/gbagfx/gbagfx graphics/pokemon/sprigatito/shiny.gbapal graphics/pokemon/sprigatito/shiny.gbapal.lz
tools/gbagfx/gbagfx graphics/pokemon/spritzee/back.4bpp graphics/pokemon/spritzee/back.4bpp.lz
tools/gbagfx/gbagfx graphics/pokemon/spritzee/front.4bpp graphics/pokemon/spritzee/front.4bpp.lz
tools/gbagfx/gbagfx graphics/pokemon/spritzee/normal.gbapal graphics/pokemon/spritzee/normal.gbapal.lz
tools/gbagfx/gbagfx graphics/pokemon/spritzee/shiny.gbapal graphics/pokemon/spritzee/shiny.gbapal.lz
tools/gbagfx/gbagfx graphics/pokemon/squawkabilly/back.4bpp graphics/pokemon/squawkabilly/back.4bpp.lz
tools/gbagfx/gbagfx graphics/pokemon/squawkabilly/blue_plumage/normal.gbapal graphics/pokemon/squawkabilly/blue_plumage/normal.gbapal.lz
tools/gbagfx/gbagfx graphics/pokemon/squawkabilly/blue_plumage/shiny.gbapal graphics/pokemon/squawkabilly/blue_plumage/shiny.gbapal.lz
tools/gbagfx/gbagfx graphics/pokemon/squawkabilly/front.4bpp graphics/pokemon/squawkabilly/front.4bpp.lz
tools/gbagfx/gbagfx graphics/pokemon/squawkabilly/green_plumage/normal.gbapal graphics/pokemon/squawkabilly/green_plumage/normal.gbapal.lz
tools/gbagfx/gbagfx graphics/pokemon/squawkabilly/green_plumage/shiny.gbapal graphics/pokemon/squawkabilly/green_plumage/shiny.gbapal.lz
tools/gbagfx/gbagfx graphics/pokemon/squawkabilly/white_plumage/normal.gbapal graphics/pokemon/squawkabilly/white_plumage/normal.gbapal.lz
tools/gbagfx/gbagfx graphics/pokemon/squawkabilly/white_plumage/shiny.gbapal graphics/pokemon/squawkabilly/white_plumage/shiny.gbapal.lz
tools/gbagfx/gbagfx graphics/pokemon/squawkabilly/yellow_plumage/normal.gbapal graphics/pokemon/squawkabilly/yellow_plumage/normal.gbapal.lz
tools/gbagfx/gbagfx graphics/pokemon/squawkabilly/yellow_plumage/shiny.gbapal graphics/pokemon/squawkabilly/yellow_plumage/shiny.gbapal.lz
tools/gbagfx/gbagfx graphics/pokemon/squirtle/back.4bpp graphics/pokemon/squirtle/back.4bpp.lz
tools/gbagfx/gbagfx graphics/pokemon/squirtle/front.4bpp graphics/pokemon/squirtle/front.4bpp.lz
tools/gbagfx/gbagfx graphics/pokemon/squirtle/normal.gbapal graphics/pokemon/squirtle/normal.gbapal.lz
tools/gbagfx/gbagfx graphics/pokemon/squirtle/shiny.gbapal graphics/pokemon/squirtle/shiny.gbapal.lz
tools/gbagfx/gbagfx graphics/pokemon/stakataka/back.4bpp graphics/pokemon/stakataka/back.4bpp.lz
tools/gbagfx/gbagfx graphics/pokemon/stakataka/front.4bpp graphics/pokemon/stakataka/front.4bpp.lz
tools/gbagfx/gbagfx graphics/pokemon/stakataka/normal.gbapal graphics/pokemon/stakataka/normal.gbapal.lz
tools/gbagfx/gbagfx graphics/pokemon/stakataka/shiny.gbapal graphics/pokemon/stakataka/shiny.gbapal.lz
tools/gbagfx/gbagfx graphics/pokemon/stantler/back.4bpp graphics/pokemon/stantler/back.4bpp.lz
tools/gbagfx/gbagfx graphics/pokemon/stantler/front.4bpp graphics/pokemon/stantler/front.4bpp.lz
tools/gbagfx/gbagfx graphics/pokemon/stantler/normal.gbapal graphics/pokemon/stantler/normal.gbapal.lz
tools/gbagfx/gbagfx graphics/pokemon/stantler/shiny.gbapal graphics/pokemon/stantler/shiny.gbapal.lz
tools/gbagfx/gbagfx graphics/pokemon/staraptor/back.4bpp graphics/pokemon/staraptor/back.4bpp.lz
tools/gbagfx/gbagfx graphics/pokemon/staraptor/front.4bpp graphics/pokemon/staraptor/front.4bpp.lz
tools/gbagfx/gbagfx graphics/pokemon/staraptor/frontf.4bpp graphics/pokemon/staraptor/frontf.4bpp.lz
tools/gbagfx/gbagfx graphics/pokemon/staraptor/normal.gbapal graphics/pokemon/staraptor/normal.gbapal.lz
tools/gbagfx/gbagfx graphics/pokemon/staraptor/shiny.gbapal graphics/pokemon/staraptor/shiny.gbapal.lz
tools/gbagfx/gbagfx graphics/pokemon/staravia/back.4bpp graphics/pokemon/staravia/back.4bpp.lz
tools/gbagfx/gbagfx graphics/pokemon/staravia/backf.4bpp graphics/pokemon/staravia/backf.4bpp.lz
tools/gbagfx/gbagfx graphics/pokemon/staravia/front.4bpp graphics/pokemon/staravia/front.4bpp.lz
tools/gbagfx/gbagfx graphics/pokemon/staravia/frontf.4bpp graphics/pokemon/staravia/frontf.4bpp.lz
tools/gbagfx/gbagfx graphics/pokemon/staravia/normal.gbapal graphics/pokemon/staravia/normal.gbapal.lz
tools/gbagfx/gbagfx graphics/pokemon/staravia/shiny.gbapal graphics/pokemon/staravia/shiny.gbapal.lz
tools/gbagfx/gbagfx graphics/pokemon/starly/back.4bpp graphics/pokemon/starly/back.4bpp.lz
tools/gbagfx/gbagfx graphics/pokemon/starly/backf.4bpp graphics/pokemon/starly/backf.4bpp.lz
tools/gbagfx/gbagfx graphics/pokemon/starly/front.4bpp graphics/pokemon/starly/front.4bpp.lz
tools/gbagfx/gbagfx graphics/pokemon/starly/frontf.4bpp graphics/pokemon/starly/frontf.4bpp.lz
tools/gbagfx/gbagfx graphics/pokemon/starly/normal.gbapal graphics/pokemon/starly/normal.gbapal.lz
tools/gbagfx/gbagfx graphics/pokemon/starly/shiny.gbapal graphics/pokemon/starly/shiny.gbapal.lz
tools/gbagfx/gbagfx graphics/pokemon/starmie/back.4bpp graphics/pokemon/starmie/back.4bpp.lz
tools/gbagfx/gbagfx graphics/pokemon/starmie/front.4bpp graphics/pokemon/starmie/front.4bpp.lz
tools/gbagfx/gbagfx graphics/pokemon/starmie/normal.gbapal graphics/pokemon/starmie/normal.gbapal.lz
tools/gbagfx/gbagfx graphics/pokemon/starmie/shiny.gbapal graphics/pokemon/starmie/shiny.gbapal.lz
tools/gbagfx/gbagfx graphics/pokemon/staryu/back.4bpp graphics/pokemon/staryu/back.4bpp.lz
tools/gbagfx/gbagfx graphics/pokemon/staryu/front.4bpp graphics/pokemon/staryu/front.4bpp.lz
tools/gbagfx/gbagfx graphics/pokemon/staryu/normal.gbapal graphics/pokemon/staryu/normal.gbapal.lz
tools/gbagfx/gbagfx graphics/pokemon/staryu/shiny.gbapal graphics/pokemon/staryu/shiny.gbapal.lz
tools/gbagfx/gbagfx graphics/pokemon/steelix/back.4bpp graphics/pokemon/steelix/back.4bpp.lz
tools/gbagfx/gbagfx graphics/pokemon/steelix/backf.4bpp graphics/pokemon/steelix/backf.4bpp.lz
tools/gbagfx/gbagfx graphics/pokemon/steelix/front.4bpp graphics/pokemon/steelix/front.4bpp.lz
tools/gbagfx/gbagfx graphics/pokemon/steelix/frontf.4bpp graphics/pokemon/steelix/frontf.4bpp.lz
tools/gbagfx/gbagfx graphics/pokemon/steelix/mega/back.4bpp graphics/pokemon/steelix/mega/back.4bpp.lz
tools/gbagfx/gbagfx graphics/pokemon/steelix/mega/front.4bpp graphics/pokemon/steelix/mega/front.4bpp.lz
tools/gbagfx/gbagfx graphics/pokemon/steelix/mega/normal.gbapal graphics/pokemon/steelix/mega/normal.gbapal.lz
tools/gbagfx/gbagfx graphics/pokemon/steelix/mega/shiny.gbapal graphics/pokemon/steelix/mega/shiny.gbapal.lz
tools/gbagfx/gbagfx graphics/pokemon/steelix/normal.gbapal graphics/pokemon/steelix/normal.gbapal.lz
tools/gbagfx/gbagfx graphics/pokemon/steelix/shiny.gbapal graphics/pokemon/steelix/shiny.gbapal.lz
tools/gbagfx/gbagfx graphics/pokemon/steenee/back.4bpp graphics/pokemon/steenee/back.4bpp.lz
tools/gbagfx/gbagfx graphics/pokemon/steenee/front.4bpp graphics/pokemon/steenee/front.4bpp.lz
tools/gbagfx/gbagfx graphics/pokemon/steenee/normal.gbapal graphics/pokemon/steenee/normal.gbapal.lz
tools/gbagfx/gbagfx graphics/pokemon/steenee/shiny.gbapal graphics/pokemon/steenee/shiny.gbapal.lz
tools/gbagfx/gbagfx graphics/pokemon/stonjourner/back.4bpp graphics/pokemon/stonjourner/back.4bpp.lz
tools/gbagfx/gbagfx graphics/pokemon/stonjourner/front.4bpp graphics/pokemon/stonjourner/front.4bpp.lz
tools/gbagfx/gbagfx graphics/pokemon/stonjourner/normal.gbapal graphics/pokemon/stonjourner/normal.gbapal.lz
tools/gbagfx/gbagfx graphics/pokemon/stonjourner/shiny.gbapal graphics/pokemon/stonjourner/shiny.gbapal.lz
tools/gbagfx/gbagfx graphics/pokemon/stoutland/back.4bpp graphics/pokemon/stoutland/back.4bpp.lz
tools/gbagfx/gbagfx graphics/pokemon/stoutland/front.4bpp graphics/pokemon/stoutland/front.4bpp.lz
tools/gbagfx/gbagfx graphics/pokemon/stoutland/normal.gbapal graphics/pokemon/stoutland/normal.gbapal.lz
tools/gbagfx/gbagfx graphics/pokemon/stoutland/shiny.gbapal graphics/pokemon/stoutland/shiny.gbapal.lz
tools/gbagfx/gbagfx graphics/pokemon/stufful/back.4bpp graphics/pokemon/stufful/back.4bpp.lz
tools/gbagfx/gbagfx graphics/pokemon/stufful/front.4bpp graphics/pokemon/stufful/front.4bpp.lz
tools/gbagfx/gbagfx graphics/pokemon/stufful/normal.gbapal graphics/pokemon/stufful/normal.gbapal.lz
tools/gbagfx/gbagfx graphics/pokemon/stufful/shiny.gbapal graphics/pokemon/stufful/shiny.gbapal.lz
tools/gbagfx/gbagfx graphics/pokemon/stunfisk/back.4bpp graphics/pokemon/stunfisk/back.4bpp.lz
tools/gbagfx/gbagfx graphics/pokemon/stunfisk/front.4bpp graphics/pokemon/stunfisk/front.4bpp.lz
tools/gbagfx/gbagfx graphics/pokemon/stunfisk/galarian/back.4bpp graphics/pokemon/stunfisk/galarian/back.4bpp.lz
tools/gbagfx/gbagfx graphics/pokemon/stunfisk/galarian/front.4bpp graphics/pokemon/stunfisk/galarian/front.4bpp.lz
tools/gbagfx/gbagfx graphics/pokemon/stunfisk/galarian/normal.gbapal graphics/pokemon/stunfisk/galarian/normal.gbapal.lz
tools/gbagfx/gbagfx graphics/pokemon/stunfisk/galarian/shiny.gbapal graphics/pokemon/stunfisk/galarian/shiny.gbapal.lz
tools/gbagfx/gbagfx graphics/pokemon/stunfisk/normal.gbapal graphics/pokemon/stunfisk/normal.gbapal.lz
tools/gbagfx/gbagfx graphics/pokemon/stunfisk/shiny.gbapal graphics/pokemon/stunfisk/shiny.gbapal.lz
tools/gbagfx/gbagfx graphics/pokemon/stunky/back.4bpp graphics/pokemon/stunky/back.4bpp.lz
tools/gbagfx/gbagfx graphics/pokemon/stunky/front.4bpp graphics/pokemon/stunky/front.4bpp.lz
tools/gbagfx/gbagfx graphics/pokemon/stunky/normal.gbapal graphics/pokemon/stunky/normal.gbapal.lz
tools/gbagfx/gbagfx graphics/pokemon/stunky/shiny.gbapal graphics/pokemon/stunky/shiny.gbapal.lz
tools/gbagfx/gbagfx graphics/pokemon/sudowoodo/back.4bpp graphics/pokemon/sudowoodo/back.4bpp.lz
tools/gbagfx/gbagfx graphics/pokemon/sudowoodo/backf.4bpp graphics/pokemon/sudowoodo/backf.4bpp.lz
tools/gbagfx/gbagfx graphics/pokemon/sudowoodo/front.4bpp graphics/pokemon/sudowoodo/front.4bpp.lz
tools/gbagfx/gbagfx graphics/pokemon/sudowoodo/frontf.4bpp graphics/pokemon/sudowoodo/frontf.4bpp.lz
tools/gbagfx/gbagfx graphics/pokemon/sudowoodo/normal.gbapal graphics/pokemon/sudowoodo/normal.gbapal.lz
tools/gbagfx/gbagfx graphics/pokemon/sudowoodo/shiny.gbapal graphics/pokemon/sudowoodo/shiny.gbapal.lz
tools/gbagfx/gbagfx graphics/pokemon/suicune/back.4bpp graphics/pokemon/suicune/back.4bpp.lz
tools/gbagfx/gbagfx graphics/pokemon/suicune/front.4bpp graphics/pokemon/suicune/front.4bpp.lz
tools/gbagfx/gbagfx graphics/pokemon/suicune/normal.gbapal graphics/pokemon/suicune/normal.gbapal.lz
tools/gbagfx/gbagfx graphics/pokemon/suicune/shiny.gbapal graphics/pokemon/suicune/shiny.gbapal.lz
tools/gbagfx/gbagfx graphics/pokemon/sunflora/back.4bpp graphics/pokemon/sunflora/back.4bpp.lz
tools/gbagfx/gbagfx graphics/pokemon/sunflora/front.4bpp graphics/pokemon/sunflora/front.4bpp.lz
tools/gbagfx/gbagfx graphics/pokemon/sunflora/normal.gbapal graphics/pokemon/sunflora/normal.gbapal.lz
tools/gbagfx/gbagfx graphics/pokemon/sunflora/shiny.gbapal graphics/pokemon/sunflora/shiny.gbapal.lz
tools/gbagfx/gbagfx graphics/pokemon/sunkern/back.4bpp graphics/pokemon/sunkern/back.4bpp.lz
tools/gbagfx/gbagfx graphics/pokemon/sunkern/front.4bpp graphics/pokemon/sunkern/front.4bpp.lz
tools/gbagfx/gbagfx graphics/pokemon/sunkern/normal.gbapal graphics/pokemon/sunkern/normal.gbapal.lz
tools/gbagfx/gbagfx graphics/pokemon/sunkern/shiny.gbapal graphics/pokemon/sunkern/shiny.gbapal.lz
tools/gbagfx/gbagfx graphics/pokemon/surskit/back.4bpp graphics/pokemon/surskit/back.4bpp.lz
tools/gbagfx/gbagfx graphics/pokemon/surskit/front.4bpp graphics/pokemon/surskit/front.4bpp.lz
tools/gbagfx/gbagfx graphics/pokemon/surskit/normal.gbapal graphics/pokemon/surskit/normal.gbapal.lz
tools/gbagfx/gbagfx graphics/pokemon/surskit/shiny.gbapal graphics/pokemon/surskit/shiny.gbapal.lz
tools/gbagfx/gbagfx graphics/pokemon/swablu/back.4bpp graphics/pokemon/swablu/back.4bpp.lz
tools/gbagfx/gbagfx graphics/pokemon/swablu/front.4bpp graphics/pokemon/swablu/front.4bpp.lz
tools/gbagfx/gbagfx graphics/pokemon/swablu/normal.gbapal graphics/pokemon/swablu/normal.gbapal.lz
tools/gbagfx/gbagfx graphics/pokemon/swablu/shiny.gbapal graphics/pokemon/swablu/shiny.gbapal.lz
tools/gbagfx/gbagfx graphics/pokemon/swadloon/back.4bpp graphics/pokemon/swadloon/back.4bpp.lz
tools/gbagfx/gbagfx graphics/pokemon/swadloon/front.4bpp graphics/pokemon/swadloon/front.4bpp.lz
tools/gbagfx/gbagfx graphics/pokemon/swadloon/normal.gbapal graphics/pokemon/swadloon/normal.gbapal.lz
tools/gbagfx/gbagfx graphics/pokemon/swadloon/shiny.gbapal graphics/pokemon/swadloon/shiny.gbapal.lz
tools/gbagfx/gbagfx graphics/pokemon/swalot/back.4bpp graphics/pokemon/swalot/back.4bpp.lz
tools/gbagfx/gbagfx graphics/pokemon/swalot/backf.4bpp graphics/pokemon/swalot/backf.4bpp.lz
tools/gbagfx/gbagfx graphics/pokemon/swalot/front.4bpp graphics/pokemon/swalot/front.4bpp.lz
tools/gbagfx/gbagfx graphics/pokemon/swalot/frontf.4bpp graphics/pokemon/swalot/frontf.4bpp.lz
tools/gbagfx/gbagfx graphics/pokemon/swalot/normal.gbapal graphics/pokemon/swalot/normal.gbapal.lz
tools/gbagfx/gbagfx graphics/pokemon/swalot/shiny.gbapal graphics/pokemon/swalot/shiny.gbapal.lz
tools/gbagfx/gbagfx graphics/pokemon/swampert/back.4bpp graphics/pokemon/swampert/back.4bpp.lz
tools/gbagfx/gbagfx graphics/pokemon/swampert/front.4bpp graphics/pokemon/swampert/front.4bpp.lz
tools/gbagfx/gbagfx graphics/pokemon/swampert/mega/back.4bpp graphics/pokemon/swampert/mega/back.4bpp.lz
tools/gbagfx/gbagfx graphics/pokemon/swampert/mega/front.4bpp graphics/pokemon/swampert/mega/front.4bpp.lz
tools/gbagfx/gbagfx graphics/pokemon/swampert/mega/normal.gbapal graphics/pokemon/swampert/mega/normal.gbapal.lz
tools/gbagfx/gbagfx graphics/pokemon/swampert/mega/shiny.gbapal graphics/pokemon/swampert/mega/shiny.gbapal.lz
tools/gbagfx/gbagfx graphics/pokemon/swampert/normal.gbapal graphics/pokemon/swampert/normal.gbapal.lz
tools/gbagfx/gbagfx graphics/pokemon/swampert/shiny.gbapal graphics/pokemon/swampert/shiny.gbapal.lz
tools/gbagfx/gbagfx graphics/pokemon/swanna/back.4bpp graphics/pokemon/swanna/back.4bpp.lz
tools/gbagfx/gbagfx graphics/pokemon/swanna/front.4bpp graphics/pokemon/swanna/front.4bpp.lz
tools/gbagfx/gbagfx graphics/pokemon/swanna/normal.gbapal graphics/pokemon/swanna/normal.gbapal.lz
tools/gbagfx/gbagfx graphics/pokemon/swanna/shiny.gbapal graphics/pokemon/swanna/shiny.gbapal.lz
tools/gbagfx/gbagfx graphics/pokemon/swellow/back.4bpp graphics/pokemon/swellow/back.4bpp.lz
tools/gbagfx/gbagfx graphics/pokemon/swellow/front.4bpp graphics/pokemon/swellow/front.4bpp.lz
tools/gbagfx/gbagfx graphics/pokemon/swellow/normal.gbapal graphics/pokemon/swellow/normal.gbapal.lz
tools/gbagfx/gbagfx graphics/pokemon/swellow/shiny.gbapal graphics/pokemon/swellow/shiny.gbapal.lz
tools/gbagfx/gbagfx graphics/pokemon/swinub/back.4bpp graphics/pokemon/swinub/back.4bpp.lz
tools/gbagfx/gbagfx graphics/pokemon/swinub/front.4bpp graphics/pokemon/swinub/front.4bpp.lz
tools/gbagfx/gbagfx graphics/pokemon/swinub/normal.gbapal graphics/pokemon/swinub/normal.gbapal.lz
tools/gbagfx/gbagfx graphics/pokemon/swinub/shiny.gbapal graphics/pokemon/swinub/shiny.gbapal.lz
tools/gbagfx/gbagfx graphics/pokemon/swirlix/back.4bpp graphics/pokemon/swirlix/back.4bpp.lz
tools/gbagfx/gbagfx graphics/pokemon/swirlix/front.4bpp graphics/pokemon/swirlix/front.4bpp.lz
tools/gbagfx/gbagfx graphics/pokemon/swirlix/normal.gbapal graphics/pokemon/swirlix/normal.gbapal.lz
tools/gbagfx/gbagfx graphics/pokemon/swirlix/shiny.gbapal graphics/pokemon/swirlix/shiny.gbapal.lz
tools/gbagfx/gbagfx graphics/pokemon/swoobat/back.4bpp graphics/pokemon/swoobat/back.4bpp.lz
tools/gbagfx/gbagfx graphics/pokemon/swoobat/front.4bpp graphics/pokemon/swoobat/front.4bpp.lz
tools/gbagfx/gbagfx graphics/pokemon/swoobat/normal.gbapal graphics/pokemon/swoobat/normal.gbapal.lz
tools/gbagfx/gbagfx graphics/pokemon/swoobat/shiny.gbapal graphics/pokemon/swoobat/shiny.gbapal.lz
tools/gbagfx/gbagfx graphics/pokemon/sylveon/back.4bpp graphics/pokemon/sylveon/back.4bpp.lz
tools/gbagfx/gbagfx graphics/pokemon/sylveon/front.4bpp graphics/pokemon/sylveon/front.4bpp.lz
tools/gbagfx/gbagfx graphics/pokemon/sylveon/normal.gbapal graphics/pokemon/sylveon/normal.gbapal.lz
tools/gbagfx/gbagfx graphics/pokemon/sylveon/shiny.gbapal graphics/pokemon/sylveon/shiny.gbapal.lz
tools/gbagfx/gbagfx graphics/pokemon/tadbulb/back.4bpp graphics/pokemon/tadbulb/back.4bpp.lz
tools/gbagfx/gbagfx graphics/pokemon/tadbulb/front.4bpp graphics/pokemon/tadbulb/front.4bpp.lz
tools/gbagfx/gbagfx graphics/pokemon/tadbulb/normal.gbapal graphics/pokemon/tadbulb/normal.gbapal.lz
tools/gbagfx/gbagfx graphics/pokemon/tadbulb/shiny.gbapal graphics/pokemon/tadbulb/shiny.gbapal.lz
tools/gbagfx/gbagfx graphics/pokemon/taillow/back.4bpp graphics/pokemon/taillow/back.4bpp.lz
tools/gbagfx/gbagfx graphics/pokemon/taillow/front.4bpp graphics/pokemon/taillow/front.4bpp.lz
tools/gbagfx/gbagfx graphics/pokemon/taillow/normal.gbapal graphics/pokemon/taillow/normal.gbapal.lz
tools/gbagfx/gbagfx graphics/pokemon/taillow/shiny.gbapal graphics/pokemon/taillow/shiny.gbapal.lz
tools/gbagfx/gbagfx graphics/pokemon/talonflame/back.4bpp graphics/pokemon/talonflame/back.4bpp.lz
tools/gbagfx/gbagfx graphics/pokemon/talonflame/front.4bpp graphics/pokemon/talonflame/front.4bpp.lz
tools/gbagfx/gbagfx graphics/pokemon/talonflame/normal.gbapal graphics/pokemon/talonflame/normal.gbapal.lz
tools/gbagfx/gbagfx graphics/pokemon/talonflame/shiny.gbapal graphics/pokemon/talonflame/shiny.gbapal.lz
tools/gbagfx/gbagfx graphics/pokemon/tandemaus/back.4bpp graphics/pokemon/tandemaus/back.4bpp.lz
tools/gbagfx/gbagfx graphics/pokemon/tandemaus/front.4bpp graphics/pokemon/tandemaus/front.4bpp.lz
tools/gbagfx/gbagfx graphics/pokemon/tandemaus/normal.gbapal graphics/pokemon/tandemaus/normal.gbapal.lz
tools/gbagfx/gbagfx graphics/pokemon/tandemaus/shiny.gbapal graphics/pokemon/tandemaus/shiny.gbapal.lz
tools/gbagfx/gbagfx graphics/pokemon/tangela/back.4bpp graphics/pokemon/tangela/back.4bpp.lz
tools/gbagfx/gbagfx graphics/pokemon/tangela/front.4bpp graphics/pokemon/tangela/front.4bpp.lz
tools/gbagfx/gbagfx graphics/pokemon/tangela/normal.gbapal graphics/pokemon/tangela/normal.gbapal.lz
tools/gbagfx/gbagfx graphics/pokemon/tangela/shiny.gbapal graphics/pokemon/tangela/shiny.gbapal.lz
tools/gbagfx/gbagfx graphics/pokemon/tangrowth/back.4bpp graphics/pokemon/tangrowth/back.4bpp.lz
tools/gbagfx/gbagfx graphics/pokemon/tangrowth/front.4bpp graphics/pokemon/tangrowth/front.4bpp.lz
tools/gbagfx/gbagfx graphics/pokemon/tangrowth/frontf.4bpp graphics/pokemon/tangrowth/frontf.4bpp.lz
tools/gbagfx/gbagfx graphics/pokemon/tangrowth/normal.gbapal graphics/pokemon/tangrowth/normal.gbapal.lz
tools/gbagfx/gbagfx graphics/pokemon/tangrowth/shiny.gbapal graphics/pokemon/tangrowth/shiny.gbapal.lz
tools/gbagfx/gbagfx graphics/pokemon/tapu_bulu/back.4bpp graphics/pokemon/tapu_bulu/back.4bpp.lz
tools/gbagfx/gbagfx graphics/pokemon/tapu_bulu/front.4bpp graphics/pokemon/tapu_bulu/front.4bpp.lz
tools/gbagfx/gbagfx graphics/pokemon/tapu_bulu/normal.gbapal graphics/pokemon/tapu_bulu/normal.gbapal.lz
tools/gbagfx/gbagfx graphics/pokemon/tapu_bulu/shiny.gbapal graphics/pokemon/tapu_bulu/shiny.gbapal.lz
tools/gbagfx/gbagfx graphics/pokemon/tapu_fini/back.4bpp graphics/pokemon/tapu_fini/back.4bpp.lz
tools/gbagfx/gbagfx graphics/pokemon/tapu_fini/front.4bpp graphics/pokemon/tapu_fini/front.4bpp.lz
tools/gbagfx/gbagfx graphics/pokemon/tapu_fini/normal.gbapal graphics/pokemon/tapu_fini/normal.gbapal.lz
tools/gbagfx/gbagfx graphics/pokemon/tapu_fini/shiny.gbapal graphics/pokemon/tapu_fini/shiny.gbapal.lz
tools/gbagfx/gbagfx graphics/pokemon/tapu_koko/back.4bpp graphics/pokemon/tapu_koko/back.4bpp.lz
tools/gbagfx/gbagfx graphics/pokemon/tapu_koko/front.4bpp graphics/pokemon/tapu_koko/front.4bpp.lz
tools/gbagfx/gbagfx graphics/pokemon/tapu_koko/normal.gbapal graphics/pokemon/tapu_koko/normal.gbapal.lz
tools/gbagfx/gbagfx graphics/pokemon/tapu_koko/shiny.gbapal graphics/pokemon/tapu_koko/shiny.gbapal.lz
tools/gbagfx/gbagfx graphics/pokemon/tapu_lele/back.4bpp graphics/pokemon/tapu_lele/back.4bpp.lz
tools/gbagfx/gbagfx graphics/pokemon/tapu_lele/front.4bpp graphics/pokemon/tapu_lele/front.4bpp.lz
tools/gbagfx/gbagfx graphics/pokemon/tapu_lele/normal.gbapal graphics/pokemon/tapu_lele/normal.gbapal.lz
tools/gbagfx/gbagfx graphics/pokemon/tapu_lele/shiny.gbapal graphics/pokemon/tapu_lele/shiny.gbapal.lz
tools/gbagfx/gbagfx graphics/pokemon/tarountula/back.4bpp graphics/pokemon/tarountula/back.4bpp.lz
tools/gbagfx/gbagfx graphics/pokemon/tarountula/front.4bpp graphics/pokemon/tarountula/front.4bpp.lz
tools/gbagfx/gbagfx graphics/pokemon/tarountula/normal.gbapal graphics/pokemon/tarountula/normal.gbapal.lz
tools/gbagfx/gbagfx graphics/pokemon/tarountula/shiny.gbapal graphics/pokemon/tarountula/shiny.gbapal.lz
tools/gbagfx/gbagfx graphics/pokemon/tatsugiri/curly/back.4bpp graphics/pokemon/tatsugiri/curly/back.4bpp.lz
tools/gbagfx/gbagfx graphics/pokemon/tatsugiri/curly/front.4bpp graphics/pokemon/tatsugiri/curly/front.4bpp.lz
tools/gbagfx/gbagfx graphics/pokemon/tatsugiri/curly/normal.gbapal graphics/pokemon/tatsugiri/curly/normal.gbapal.lz
tools/gbagfx/gbagfx graphics/pokemon/tatsugiri/curly/shiny.gbapal graphics/pokemon/tatsugiri/curly/shiny.gbapal.lz
tools/gbagfx/gbagfx graphics/pokemon/tatsugiri/droopy/back.4bpp graphics/pokemon/tatsugiri/droopy/back.4bpp.lz
tools/gbagfx/gbagfx graphics/pokemon/tatsugiri/droopy/front.4bpp graphics/pokemon/tatsugiri/droopy/front.4bpp.lz
tools/gbagfx/gbagfx graphics/pokemon/tatsugiri/droopy/normal.gbapal graphics/pokemon/tatsugiri/droopy/normal.gbapal.lz
tools/gbagfx/gbagfx graphics/pokemon/tatsugiri/droopy/shiny.gbapal graphics/pokemon/tatsugiri/droopy/shiny.gbapal.lz
tools/gbagfx/gbagfx graphics/pokemon/tatsugiri/stretchy/back.4bpp graphics/pokemon/tatsugiri/stretchy/back.4bpp.lz
tools/gbagfx/gbagfx graphics/pokemon/tatsugiri/stretchy/front.4bpp graphics/pokemon/tatsugiri/stretchy/front.4bpp.lz
tools/gbagfx/gbagfx graphics/pokemon/tatsugiri/stretchy/normal.gbapal graphics/pokemon/tatsugiri/stretchy/normal.gbapal.lz
tools/gbagfx/gbagfx graphics/pokemon/tatsugiri/stretchy/shiny.gbapal graphics/pokemon/tatsugiri/stretchy/shiny.gbapal.lz
tools/gbagfx/gbagfx graphics/pokemon/tauros/aqua/back.4bpp graphics/pokemon/tauros/aqua/back.4bpp.lz
tools/gbagfx/gbagfx graphics/pokemon/tauros/aqua/front.4bpp graphics/pokemon/tauros/aqua/front.4bpp.lz
tools/gbagfx/gbagfx graphics/pokemon/tauros/aqua/normal.gbapal graphics/pokemon/tauros/aqua/normal.gbapal.lz
tools/gbagfx/gbagfx graphics/pokemon/tauros/aqua/shiny.gbapal graphics/pokemon/tauros/aqua/shiny.gbapal.lz
tools/gbagfx/gbagfx graphics/pokemon/tauros/back.4bpp graphics/pokemon/tauros/back.4bpp.lz
tools/gbagfx/gbagfx graphics/pokemon/tauros/blaze/back.4bpp graphics/pokemon/tauros/blaze/back.4bpp.lz
tools/gbagfx/gbagfx graphics/pokemon/tauros/blaze/front.4bpp graphics/pokemon/tauros/blaze/front.4bpp.lz
tools/gbagfx/gbagfx graphics/pokemon/tauros/blaze/normal.gbapal graphics/pokemon/tauros/blaze/normal.gbapal.lz
tools/gbagfx/gbagfx graphics/pokemon/tauros/blaze/shiny.gbapal graphics/pokemon/tauros/blaze/shiny.gbapal.lz
tools/gbagfx/gbagfx graphics/pokemon/tauros/combat/back.4bpp graphics/pokemon/tauros/combat/back.4bpp.lz
tools/gbagfx/gbagfx graphics/pokemon/tauros/combat/front.4bpp graphics/pokemon/tauros/combat/front.4bpp.lz
tools/gbagfx/gbagfx graphics/pokemon/tauros/combat/normal.gbapal graphics/pokemon/tauros/combat/normal.gbapal.lz
tools/gbagfx/gbagfx graphics/pokemon/tauros/combat/shiny.gbapal graphics/pokemon/tauros/combat/shiny.gbapal.lz
tools/gbagfx/gbagfx graphics/pokemon/tauros/front.4bpp graphics/pokemon/tauros/front.4bpp.lz
tools/gbagfx/gbagfx graphics/pokemon/tauros/normal.gbapal graphics/pokemon/tauros/normal.gbapal.lz
tools/gbagfx/gbagfx graphics/pokemon/tauros/shiny.gbapal graphics/pokemon/tauros/shiny.gbapal.lz
tools/gbagfx/gbagfx graphics/pokemon/teddiursa/back.4bpp graphics/pokemon/teddiursa/back.4bpp.lz
tools/gbagfx/gbagfx graphics/pokemon/teddiursa/front.4bpp graphics/pokemon/teddiursa/front.4bpp.lz
tools/gbagfx/gbagfx graphics/pokemon/teddiursa/normal.gbapal graphics/pokemon/teddiursa/normal.gbapal.lz
tools/gbagfx/gbagfx graphics/pokemon/teddiursa/shiny.gbapal graphics/pokemon/teddiursa/shiny.gbapal.lz
tools/gbagfx/gbagfx graphics/pokemon/tentacool/back.4bpp graphics/pokemon/tentacool/back.4bpp.lz
tools/gbagfx/gbagfx graphics/pokemon/tentacool/front.4bpp graphics/pokemon/tentacool/front.4bpp.lz
tools/gbagfx/gbagfx graphics/pokemon/tentacool/normal.gbapal graphics/pokemon/tentacool/normal.gbapal.lz
tools/gbagfx/gbagfx graphics/pokemon/tentacool/shiny.gbapal graphics/pokemon/tentacool/shiny.gbapal.lz
tools/gbagfx/gbagfx graphics/pokemon/tentacruel/back.4bpp graphics/pokemon/tentacruel/back.4bpp.lz
tools/gbagfx/gbagfx graphics/pokemon/tentacruel/front.4bpp graphics/pokemon/tentacruel/front.4bpp.lz
tools/gbagfx/gbagfx graphics/pokemon/tentacruel/normal.gbapal graphics/pokemon/tentacruel/normal.gbapal.lz
tools/gbagfx/gbagfx graphics/pokemon/tentacruel/shiny.gbapal graphics/pokemon/tentacruel/shiny.gbapal.lz
tools/gbagfx/gbagfx graphics/pokemon/tepig/back.4bpp graphics/pokemon/tepig/back.4bpp.lz
tools/gbagfx/gbagfx graphics/pokemon/tepig/front.4bpp graphics/pokemon/tepig/front.4bpp.lz
tools/gbagfx/gbagfx graphics/pokemon/tepig/normal.gbapal graphics/pokemon/tepig/normal.gbapal.lz
tools/gbagfx/gbagfx graphics/pokemon/tepig/shiny.gbapal graphics/pokemon/tepig/shiny.gbapal.lz
tools/gbagfx/gbagfx graphics/pokemon/terapagos/back.4bpp graphics/pokemon/terapagos/back.4bpp.lz
tools/gbagfx/gbagfx graphics/pokemon/terapagos/front.4bpp graphics/pokemon/terapagos/front.4bpp.lz
tools/gbagfx/gbagfx graphics/pokemon/terapagos/normal.gbapal graphics/pokemon/terapagos/normal.gbapal.lz
tools/gbagfx/gbagfx graphics/pokemon/terapagos/shiny.gbapal graphics/pokemon/terapagos/shiny.gbapal.lz
tools/gbagfx/gbagfx graphics/pokemon/terapagos/stellar/back.4bpp graphics/pokemon/terapagos/stellar/back.4bpp.lz
tools/gbagfx/gbagfx graphics/pokemon/terapagos/stellar/front.4bpp graphics/pokemon/terapagos/stellar/front.4bpp.lz
tools/gbagfx/gbagfx graphics/pokemon/terapagos/stellar/normal.gbapal graphics/pokemon/terapagos/stellar/normal.gbapal.lz
tools/gbagfx/gbagfx graphics/pokemon/terapagos/stellar/shiny.gbapal graphics/pokemon/terapagos/stellar/shiny.gbapal.lz
tools/gbagfx/gbagfx graphics/pokemon/terapagos/terastal/back.4bpp graphics/pokemon/terapagos/terastal/back.4bpp.lz
tools/gbagfx/gbagfx graphics/pokemon/terapagos/terastal/front.4bpp graphics/pokemon/terapagos/terastal/front.4bpp.lz
tools/gbagfx/gbagfx graphics/pokemon/terapagos/terastal/normal.gbapal graphics/pokemon/terapagos/terastal/normal.gbapal.lz
tools/gbagfx/gbagfx graphics/pokemon/terapagos/terastal/shiny.gbapal graphics/pokemon/terapagos/terastal/shiny.gbapal.lz
tools/gbagfx/gbagfx graphics/pokemon/terrakion/back.4bpp graphics/pokemon/terrakion/back.4bpp.lz
tools/gbagfx/gbagfx graphics/pokemon/terrakion/front.4bpp graphics/pokemon/terrakion/front.4bpp.lz
tools/gbagfx/gbagfx graphics/pokemon/terrakion/normal.gbapal graphics/pokemon/terrakion/normal.gbapal.lz
tools/gbagfx/gbagfx graphics/pokemon/terrakion/shiny.gbapal graphics/pokemon/terrakion/shiny.gbapal.lz
tools/gbagfx/gbagfx graphics/pokemon/thievul/back.4bpp graphics/pokemon/thievul/back.4bpp.lz
tools/gbagfx/gbagfx graphics/pokemon/thievul/front.4bpp graphics/pokemon/thievul/front.4bpp.lz
tools/gbagfx/gbagfx graphics/pokemon/thievul/normal.gbapal graphics/pokemon/thievul/normal.gbapal.lz
tools/gbagfx/gbagfx graphics/pokemon/thievul/shiny.gbapal graphics/pokemon/thievul/shiny.gbapal.lz
tools/gbagfx/gbagfx graphics/pokemon/throh/back.4bpp graphics/pokemon/throh/back.4bpp.lz
tools/gbagfx/gbagfx graphics/pokemon/throh/front.4bpp graphics/pokemon/throh/front.4bpp.lz
tools/gbagfx/gbagfx graphics/pokemon/throh/normal.gbapal graphics/pokemon/throh/normal.gbapal.lz
tools/gbagfx/gbagfx graphics/pokemon/throh/shiny.gbapal graphics/pokemon/throh/shiny.gbapal.lz
tools/gbagfx/gbagfx graphics/pokemon/thundurus/back.4bpp graphics/pokemon/thundurus/back.4bpp.lz
tools/gbagfx/gbagfx graphics/pokemon/thundurus/front.4bpp graphics/pokemon/thundurus/front.4bpp.lz
tools/gbagfx/gbagfx graphics/pokemon/thundurus/normal.gbapal graphics/pokemon/thundurus/normal.gbapal.lz
tools/gbagfx/gbagfx graphics/pokemon/thundurus/shiny.gbapal graphics/pokemon/thundurus/shiny.gbapal.lz
tools/gbagfx/gbagfx graphics/pokemon/thundurus/therian/back.4bpp graphics/pokemon/thundurus/therian/back.4bpp.lz
tools/gbagfx/gbagfx graphics/pokemon/thundurus/therian/front.4bpp graphics/pokemon/thundurus/therian/front.4bpp.lz
tools/gbagfx/gbagfx graphics/pokemon/thundurus/therian/normal.gbapal graphics/pokemon/thundurus/therian/normal.gbapal.lz
tools/gbagfx/gbagfx graphics/pokemon/thundurus/therian/shiny.gbapal graphics/pokemon/thundurus/therian/shiny.gbapal.lz
tools/gbagfx/gbagfx graphics/pokemon/thwackey/back.4bpp graphics/pokemon/thwackey/back.4bpp.lz
tools/gbagfx/gbagfx graphics/pokemon/thwackey/front.4bpp graphics/pokemon/thwackey/front.4bpp.lz
tools/gbagfx/gbagfx graphics/pokemon/thwackey/normal.gbapal graphics/pokemon/thwackey/normal.gbapal.lz
tools/gbagfx/gbagfx graphics/pokemon/thwackey/shiny.gbapal graphics/pokemon/thwackey/shiny.gbapal.lz
tools/gbagfx/gbagfx graphics/pokemon/timburr/back.4bpp graphics/pokemon/timburr/back.4bpp.lz
tools/gbagfx/gbagfx graphics/pokemon/timburr/front.4bpp graphics/pokemon/timburr/front.4bpp.lz
tools/gbagfx/gbagfx graphics/pokemon/timburr/normal.gbapal graphics/pokemon/timburr/normal.gbapal.lz
tools/gbagfx/gbagfx graphics/pokemon/timburr/shiny.gbapal graphics/pokemon/timburr/shiny.gbapal.lz
tools/gbagfx/gbagfx graphics/pokemon/ting_lu/back.4bpp graphics/pokemon/ting_lu/back.4bpp.lz
tools/gbagfx/gbagfx graphics/pokemon/ting_lu/front.4bpp graphics/pokemon/ting_lu/front.4bpp.lz
tools/gbagfx/gbagfx graphics/pokemon/ting_lu/normal.gbapal graphics/pokemon/ting_lu/normal.gbapal.lz
tools/gbagfx/gbagfx graphics/pokemon/ting_lu/shiny.gbapal graphics/pokemon/ting_lu/shiny.gbapal.lz
tools/gbagfx/gbagfx graphics/pokemon/tinkatink/back.4bpp graphics/pokemon/tinkatink/back.4bpp.lz
tools/gbagfx/gbagfx graphics/pokemon/tinkatink/front.4bpp graphics/pokemon/tinkatink/front.4bpp.lz
tools/gbagfx/gbagfx graphics/pokemon/tinkatink/normal.gbapal graphics/pokemon/tinkatink/normal.gbapal.lz
tools/gbagfx/gbagfx graphics/pokemon/tinkatink/shiny.gbapal graphics/pokemon/tinkatink/shiny.gbapal.lz
tools/gbagfx/gbagfx graphics/pokemon/tinkaton/back.4bpp graphics/pokemon/tinkaton/back.4bpp.lz
tools/gbagfx/gbagfx graphics/pokemon/tinkaton/front.4bpp graphics/pokemon/tinkaton/front.4bpp.lz
tools/gbagfx/gbagfx graphics/pokemon/tinkaton/normal.gbapal graphics/pokemon/tinkaton/normal.gbapal.lz
tools/gbagfx/gbagfx graphics/pokemon/tinkaton/shiny.gbapal graphics/pokemon/tinkaton/shiny.gbapal.lz
tools/gbagfx/gbagfx graphics/pokemon/tinkatuff/back.4bpp graphics/pokemon/tinkatuff/back.4bpp.lz
tools/gbagfx/gbagfx graphics/pokemon/tinkatuff/front.4bpp graphics/pokemon/tinkatuff/front.4bpp.lz
tools/gbagfx/gbagfx graphics/pokemon/tinkatuff/normal.gbapal graphics/pokemon/tinkatuff/normal.gbapal.lz
tools/gbagfx/gbagfx graphics/pokemon/tinkatuff/shiny.gbapal graphics/pokemon/tinkatuff/shiny.gbapal.lz
tools/gbagfx/gbagfx graphics/pokemon/tirtouga/back.4bpp graphics/pokemon/tirtouga/back.4bpp.lz
tools/gbagfx/gbagfx graphics/pokemon/tirtouga/front.4bpp graphics/pokemon/tirtouga/front.4bpp.lz
tools/gbagfx/gbagfx graphics/pokemon/tirtouga/normal.gbapal graphics/pokemon/tirtouga/normal.gbapal.lz
tools/gbagfx/gbagfx graphics/pokemon/tirtouga/shiny.gbapal graphics/pokemon/tirtouga/shiny.gbapal.lz
tools/gbagfx/gbagfx graphics/pokemon/toedscool/back.4bpp graphics/pokemon/toedscool/back.4bpp.lz
tools/gbagfx/gbagfx graphics/pokemon/toedscool/front.4bpp graphics/pokemon/toedscool/front.4bpp.lz
tools/gbagfx/gbagfx graphics/pokemon/toedscool/normal.gbapal graphics/pokemon/toedscool/normal.gbapal.lz
tools/gbagfx/gbagfx graphics/pokemon/toedscool/shiny.gbapal graphics/pokemon/toedscool/shiny.gbapal.lz
tools/gbagfx/gbagfx graphics/pokemon/toedscruel/back.4bpp graphics/pokemon/toedscruel/back.4bpp.lz
tools/gbagfx/gbagfx graphics/pokemon/toedscruel/front.4bpp graphics/pokemon/toedscruel/front.4bpp.lz
tools/gbagfx/gbagfx graphics/pokemon/toedscruel/normal.gbapal graphics/pokemon/toedscruel/normal.gbapal.lz
tools/gbagfx/gbagfx graphics/pokemon/toedscruel/shiny.gbapal graphics/pokemon/toedscruel/shiny.gbapal.lz
tools/gbagfx/gbagfx graphics/pokemon/togedemaru/back.4bpp graphics/pokemon/togedemaru/back.4bpp.lz
tools/gbagfx/gbagfx graphics/pokemon/togedemaru/front.4bpp graphics/pokemon/togedemaru/front.4bpp.lz
tools/gbagfx/gbagfx graphics/pokemon/togedemaru/normal.gbapal graphics/pokemon/togedemaru/normal.gbapal.lz
tools/gbagfx/gbagfx graphics/pokemon/togedemaru/shiny.gbapal graphics/pokemon/togedemaru/shiny.gbapal.lz
tools/gbagfx/gbagfx graphics/pokemon/togekiss/back.4bpp graphics/pokemon/togekiss/back.4bpp.lz
tools/gbagfx/gbagfx graphics/pokemon/togekiss/front.4bpp graphics/pokemon/togekiss/front.4bpp.lz
tools/gbagfx/gbagfx graphics/pokemon/togekiss/normal.gbapal graphics/pokemon/togekiss/normal.gbapal.lz
tools/gbagfx/gbagfx graphics/pokemon/togekiss/shiny.gbapal graphics/pokemon/togekiss/shiny.gbapal.lz
tools/gbagfx/gbagfx graphics/pokemon/togepi/back.4bpp graphics/pokemon/togepi/back.4bpp.lz
tools/gbagfx/gbagfx graphics/pokemon/togepi/front.4bpp graphics/pokemon/togepi/front.4bpp.lz
tools/gbagfx/gbagfx graphics/pokemon/togepi/normal.gbapal graphics/pokemon/togepi/normal.gbapal.lz
tools/gbagfx/gbagfx graphics/pokemon/togepi/shiny.gbapal graphics/pokemon/togepi/shiny.gbapal.lz
tools/gbagfx/gbagfx graphics/pokemon/togetic/back.4bpp graphics/pokemon/togetic/back.4bpp.lz
tools/gbagfx/gbagfx graphics/pokemon/togetic/front.4bpp graphics/pokemon/togetic/front.4bpp.lz
tools/gbagfx/gbagfx graphics/pokemon/togetic/normal.gbapal graphics/pokemon/togetic/normal.gbapal.lz
tools/gbagfx/gbagfx graphics/pokemon/togetic/shiny.gbapal graphics/pokemon/togetic/shiny.gbapal.lz
tools/gbagfx/gbagfx graphics/pokemon/torchic/back.4bpp graphics/pokemon/torchic/back.4bpp.lz
tools/gbagfx/gbagfx graphics/pokemon/torchic/backf.4bpp graphics/pokemon/torchic/backf.4bpp.lz
tools/gbagfx/gbagfx graphics/pokemon/torchic/front.4bpp graphics/pokemon/torchic/front.4bpp.lz
tools/gbagfx/gbagfx graphics/pokemon/torchic/normal.gbapal graphics/pokemon/torchic/normal.gbapal.lz
tools/gbagfx/gbagfx graphics/pokemon/torchic/shiny.gbapal graphics/pokemon/torchic/shiny.gbapal.lz
tools/gbagfx/gbagfx graphics/pokemon/torkoal/back.4bpp graphics/pokemon/torkoal/back.4bpp.lz
tools/gbagfx/gbagfx graphics/pokemon/torkoal/front.4bpp graphics/pokemon/torkoal/front.4bpp.lz
tools/gbagfx/gbagfx graphics/pokemon/torkoal/normal.gbapal graphics/pokemon/torkoal/normal.gbapal.lz
tools/gbagfx/gbagfx graphics/pokemon/torkoal/shiny.gbapal graphics/pokemon/torkoal/shiny.gbapal.lz
tools/gbagfx/gbagfx graphics/pokemon/tornadus/back.4bpp graphics/pokemon/tornadus/back.4bpp.lz
tools/gbagfx/gbagfx graphics/pokemon/tornadus/front.4bpp graphics/pokemon/tornadus/front.4bpp.lz
tools/gbagfx/gbagfx graphics/pokemon/tornadus/normal.gbapal graphics/pokemon/tornadus/normal.gbapal.lz
tools/gbagfx/gbagfx graphics/pokemon/tornadus/shiny.gbapal graphics/pokemon/tornadus/shiny.gbapal.lz
tools/gbagfx/gbagfx graphics/pokemon/tornadus/therian/back.4bpp graphics/pokemon/tornadus/therian/back.4bpp.lz
tools/gbagfx/gbagfx graphics/pokemon/tornadus/therian/front.4bpp graphics/pokemon/tornadus/therian/front.4bpp.lz
tools/gbagfx/gbagfx graphics/pokemon/tornadus/therian/normal.gbapal graphics/pokemon/tornadus/therian/normal.gbapal.lz
tools/gbagfx/gbagfx graphics/pokemon/tornadus/therian/shiny.gbapal graphics/pokemon/tornadus/therian/shiny.gbapal.lz
tools/gbagfx/gbagfx graphics/pokemon/torracat/back.4bpp graphics/pokemon/torracat/back.4bpp.lz
tools/gbagfx/gbagfx graphics/pokemon/torracat/front.4bpp graphics/pokemon/torracat/front.4bpp.lz
tools/gbagfx/gbagfx graphics/pokemon/torracat/normal.gbapal graphics/pokemon/torracat/normal.gbapal.lz
tools/gbagfx/gbagfx graphics/pokemon/torracat/shiny.gbapal graphics/pokemon/torracat/shiny.gbapal.lz
tools/gbagfx/gbagfx graphics/pokemon/torterra/back.4bpp graphics/pokemon/torterra/back.4bpp.lz
tools/gbagfx/gbagfx graphics/pokemon/torterra/front.4bpp graphics/pokemon/torterra/front.4bpp.lz
tools/gbagfx/gbagfx graphics/pokemon/torterra/normal.gbapal graphics/pokemon/torterra/normal.gbapal.lz
tools/gbagfx/gbagfx graphics/pokemon/torterra/shiny.gbapal graphics/pokemon/torterra/shiny.gbapal.lz
tools/gbagfx/gbagfx graphics/pokemon/totodile/back.4bpp graphics/pokemon/totodile/back.4bpp.lz
tools/gbagfx/gbagfx graphics/pokemon/totodile/front.4bpp graphics/pokemon/totodile/front.4bpp.lz
tools/gbagfx/gbagfx graphics/pokemon/totodile/normal.gbapal graphics/pokemon/totodile/normal.gbapal.lz
tools/gbagfx/gbagfx graphics/pokemon/totodile/shiny.gbapal graphics/pokemon/totodile/shiny.gbapal.lz
tools/gbagfx/gbagfx graphics/pokemon/toucannon/back.4bpp graphics/pokemon/toucannon/back.4bpp.lz
tools/gbagfx/gbagfx graphics/pokemon/toucannon/front.4bpp graphics/pokemon/toucannon/front.4bpp.lz
tools/gbagfx/gbagfx graphics/pokemon/toucannon/normal.gbapal graphics/pokemon/toucannon/normal.gbapal.lz
tools/gbagfx/gbagfx graphics/pokemon/toucannon/shiny.gbapal graphics/pokemon/toucannon/shiny.gbapal.lz
tools/gbagfx/gbagfx graphics/pokemon/toxapex/back.4bpp graphics/pokemon/toxapex/back.4bpp.lz
tools/gbagfx/gbagfx graphics/pokemon/toxapex/front.4bpp graphics/pokemon/toxapex/front.4bpp.lz
tools/gbagfx/gbagfx graphics/pokemon/toxapex/normal.gbapal graphics/pokemon/toxapex/normal.gbapal.lz
tools/gbagfx/gbagfx graphics/pokemon/toxapex/shiny.gbapal graphics/pokemon/toxapex/shiny.gbapal.lz
tools/gbagfx/gbagfx graphics/pokemon/toxel/back.4bpp graphics/pokemon/toxel/back.4bpp.lz
tools/gbagfx/gbagfx graphics/pokemon/toxel/front.4bpp graphics/pokemon/toxel/front.4bpp.lz
tools/gbagfx/gbagfx graphics/pokemon/toxel/normal.gbapal graphics/pokemon/toxel/normal.gbapal.lz
tools/gbagfx/gbagfx graphics/pokemon/toxel/shiny.gbapal graphics/pokemon/toxel/shiny.gbapal.lz
tools/gbagfx/gbagfx graphics/pokemon/toxicroak/back.4bpp graphics/pokemon/toxicroak/back.4bpp.lz
tools/gbagfx/gbagfx graphics/pokemon/toxicroak/backf.4bpp graphics/pokemon/toxicroak/backf.4bpp.lz
tools/gbagfx/gbagfx graphics/pokemon/toxicroak/front.4bpp graphics/pokemon/toxicroak/front.4bpp.lz
tools/gbagfx/gbagfx graphics/pokemon/toxicroak/frontf.4bpp graphics/pokemon/toxicroak/frontf.4bpp.lz
tools/gbagfx/gbagfx graphics/pokemon/toxicroak/normal.gbapal graphics/pokemon/toxicroak/normal.gbapal.lz
tools/gbagfx/gbagfx graphics/pokemon/toxicroak/shiny.gbapal graphics/pokemon/toxicroak/shiny.gbapal.lz
tools/gbagfx/gbagfx graphics/pokemon/toxtricity/back.4bpp graphics/pokemon/toxtricity/back.4bpp.lz
tools/gbagfx/gbagfx graphics/pokemon/toxtricity/front.4bpp graphics/pokemon/toxtricity/front.4bpp.lz
tools/gbagfx/gbagfx graphics/pokemon/toxtricity/low_key/back.4bpp graphics/pokemon/toxtricity/low_key/back.4bpp.lz
tools/gbagfx/gbagfx graphics/pokemon/toxtricity/low_key/front.4bpp graphics/pokemon/toxtricity/low_key/front.4bpp.lz
tools/gbagfx/gbagfx graphics/pokemon/toxtricity/low_key/normal.gbapal graphics/pokemon/toxtricity/low_key/normal.gbapal.lz
tools/gbagfx/gbagfx graphics/pokemon/toxtricity/low_key/shiny.gbapal graphics/pokemon/toxtricity/low_key/shiny.gbapal.lz
tools/gbagfx/gbagfx graphics/pokemon/toxtricity/normal.gbapal graphics/pokemon/toxtricity/normal.gbapal.lz
tools/gbagfx/gbagfx graphics/pokemon/toxtricity/shiny.gbapal graphics/pokemon/toxtricity/shiny.gbapal.lz
tools/gbagfx/gbagfx graphics/pokemon/tranquill/back.4bpp graphics/pokemon/tranquill/back.4bpp.lz
tools/gbagfx/gbagfx graphics/pokemon/tranquill/front.4bpp graphics/pokemon/tranquill/front.4bpp.lz
tools/gbagfx/gbagfx graphics/pokemon/tranquill/normal.gbapal graphics/pokemon/tranquill/normal.gbapal.lz
tools/gbagfx/gbagfx graphics/pokemon/tranquill/shiny.gbapal graphics/pokemon/tranquill/shiny.gbapal.lz
tools/gbagfx/gbagfx graphics/pokemon/trapinch/back.4bpp graphics/pokemon/trapinch/back.4bpp.lz
tools/gbagfx/gbagfx graphics/pokemon/trapinch/front.4bpp graphics/pokemon/trapinch/front.4bpp.lz
tools/gbagfx/gbagfx graphics/pokemon/trapinch/normal.gbapal graphics/pokemon/trapinch/normal.gbapal.lz
tools/gbagfx/gbagfx graphics/pokemon/trapinch/shiny.gbapal graphics/pokemon/trapinch/shiny.gbapal.lz
tools/gbagfx/gbagfx graphics/pokemon/treecko/back.4bpp graphics/pokemon/treecko/back.4bpp.lz
tools/gbagfx/gbagfx graphics/pokemon/treecko/front.4bpp graphics/pokemon/treecko/front.4bpp.lz
tools/gbagfx/gbagfx graphics/pokemon/treecko/normal.gbapal graphics/pokemon/treecko/normal.gbapal.lz
tools/gbagfx/gbagfx graphics/pokemon/treecko/shiny.gbapal graphics/pokemon/treecko/shiny.gbapal.lz
tools/gbagfx/gbagfx graphics/pokemon/trevenant/back.4bpp graphics/pokemon/trevenant/back.4bpp.lz
tools/gbagfx/gbagfx graphics/pokemon/trevenant/front.4bpp graphics/pokemon/trevenant/front.4bpp.lz
tools/gbagfx/gbagfx graphics/pokemon/trevenant/normal.gbapal graphics/pokemon/trevenant/normal.gbapal.lz
tools/gbagfx/gbagfx graphics/pokemon/trevenant/shiny.gbapal graphics/pokemon/trevenant/shiny.gbapal.lz
tools/gbagfx/gbagfx graphics/pokemon/tropius/back.4bpp graphics/pokemon/tropius/back.4bpp.lz
tools/gbagfx/gbagfx graphics/pokemon/tropius/front.4bpp graphics/pokemon/tropius/front.4bpp.lz
tools/gbagfx/gbagfx graphics/pokemon/tropius/normal.gbapal graphics/pokemon/tropius/normal.gbapal.lz
tools/gbagfx/gbagfx graphics/pokemon/tropius/shiny.gbapal graphics/pokemon/tropius/shiny.gbapal.lz
tools/gbagfx/gbagfx graphics/pokemon/trubbish/back.4bpp graphics/pokemon/trubbish/back.4bpp.lz
tools/gbagfx/gbagfx graphics/pokemon/trubbish/front.4bpp graphics/pokemon/trubbish/front.4bpp.lz
tools/gbagfx/gbagfx graphics/pokemon/trubbish/normal.gbapal graphics/pokemon/trubbish/normal.gbapal.lz
tools/gbagfx/gbagfx graphics/pokemon/trubbish/shiny.gbapal graphics/pokemon/trubbish/shiny.gbapal.lz
tools/gbagfx/gbagfx graphics/pokemon/trumbeak/back.4bpp graphics/pokemon/trumbeak/back.4bpp.lz
tools/gbagfx/gbagfx graphics/pokemon/trumbeak/front.4bpp graphics/pokemon/trumbeak/front.4bpp.lz
tools/gbagfx/gbagfx graphics/pokemon/trumbeak/normal.gbapal graphics/pokemon/trumbeak/normal.gbapal.lz
tools/gbagfx/gbagfx graphics/pokemon/trumbeak/shiny.gbapal graphics/pokemon/trumbeak/shiny.gbapal.lz
tools/gbagfx/gbagfx graphics/pokemon/tsareena/back.4bpp graphics/pokemon/tsareena/back.4bpp.lz
tools/gbagfx/gbagfx graphics/pokemon/tsareena/front.4bpp graphics/pokemon/tsareena/front.4bpp.lz
tools/gbagfx/gbagfx graphics/pokemon/tsareena/normal.gbapal graphics/pokemon/tsareena/normal.gbapal.lz
tools/gbagfx/gbagfx graphics/pokemon/tsareena/shiny.gbapal graphics/pokemon/tsareena/shiny.gbapal.lz
tools/gbagfx/gbagfx graphics/pokemon/turtonator/back.4bpp graphics/pokemon/turtonator/back.4bpp.lz
tools/gbagfx/gbagfx graphics/pokemon/turtonator/front.4bpp graphics/pokemon/turtonator/front.4bpp.lz
tools/gbagfx/gbagfx graphics/pokemon/turtonator/normal.gbapal graphics/pokemon/turtonator/normal.gbapal.lz
tools/gbagfx/gbagfx graphics/pokemon/turtonator/shiny.gbapal graphics/pokemon/turtonator/shiny.gbapal.lz
tools/gbagfx/gbagfx graphics/pokemon/turtwig/back.4bpp graphics/pokemon/turtwig/back.4bpp.lz
tools/gbagfx/gbagfx graphics/pokemon/turtwig/front.4bpp graphics/pokemon/turtwig/front.4bpp.lz
tools/gbagfx/gbagfx graphics/pokemon/turtwig/normal.gbapal graphics/pokemon/turtwig/normal.gbapal.lz
tools/gbagfx/gbagfx graphics/pokemon/turtwig/shiny.gbapal graphics/pokemon/turtwig/shiny.gbapal.lz
tools/gbagfx/gbagfx graphics/pokemon/tympole/back.4bpp graphics/pokemon/tympole/back.4bpp.lz
tools/gbagfx/gbagfx graphics/pokemon/tympole/front.4bpp graphics/pokemon/tympole/front.4bpp.lz
tools/gbagfx/gbagfx graphics/pokemon/tympole/normal.gbapal graphics/pokemon/tympole/normal.gbapal.lz
tools/gbagfx/gbagfx graphics/pokemon/tympole/shiny.gbapal graphics/pokemon/tympole/shiny.gbapal.lz
tools/gbagfx/gbagfx graphics/pokemon/tynamo/back.4bpp graphics/pokemon/tynamo/back.4bpp.lz
tools/gbagfx/gbagfx graphics/pokemon/tynamo/front.4bpp graphics/pokemon/tynamo/front.4bpp.lz
tools/gbagfx/gbagfx graphics/pokemon/tynamo/normal.gbapal graphics/pokemon/tynamo/normal.gbapal.lz
tools/gbagfx/gbagfx graphics/pokemon/tynamo/shiny.gbapal graphics/pokemon/tynamo/shiny.gbapal.lz
tools/gbagfx/gbagfx graphics/pokemon/type_null/back.4bpp graphics/pokemon/type_null/back.4bpp.lz
tools/gbagfx/gbagfx graphics/pokemon/type_null/front.4bpp graphics/pokemon/type_null/front.4bpp.lz
tools/gbagfx/gbagfx graphics/pokemon/type_null/normal.gbapal graphics/pokemon/type_null/normal.gbapal.lz
tools/gbagfx/gbagfx graphics/pokemon/type_null/shiny.gbapal graphics/pokemon/type_null/shiny.gbapal.lz
tools/gbagfx/gbagfx graphics/pokemon/typhlosion/back.4bpp graphics/pokemon/typhlosion/back.4bpp.lz
tools/gbagfx/gbagfx graphics/pokemon/typhlosion/front.4bpp graphics/pokemon/typhlosion/front.4bpp.lz
tools/gbagfx/gbagfx graphics/pokemon/typhlosion/hisuian/back.4bpp graphics/pokemon/typhlosion/hisuian/back.4bpp.lz
tools/gbagfx/gbagfx graphics/pokemon/typhlosion/hisuian/front.4bpp graphics/pokemon/typhlosion/hisuian/front.4bpp.lz
tools/gbagfx/gbagfx graphics/pokemon/typhlosion/hisuian/normal.gbapal graphics/pokemon/typhlosion/hisuian/normal.gbapal.lz
tools/gbagfx/gbagfx graphics/pokemon/typhlosion/hisuian/shiny.gbapal graphics/pokemon/typhlosion/hisuian/shiny.gbapal.lz
tools/gbagfx/gbagfx graphics/pokemon/typhlosion/normal.gbapal graphics/pokemon/typhlosion/normal.gbapal.lz
tools/gbagfx/gbagfx graphics/pokemon/typhlosion/shiny.gbapal graphics/pokemon/typhlosion/shiny.gbapal.lz
tools/gbagfx/gbagfx graphics/pokemon/tyranitar/back.4bpp graphics/pokemon/tyranitar/back.4bpp.lz
tools/gbagfx/gbagfx graphics/pokemon/tyranitar/front.4bpp graphics/pokemon/tyranitar/front.4bpp.lz
tools/gbagfx/gbagfx graphics/pokemon/tyranitar/mega/back.4bpp graphics/pokemon/tyranitar/mega/back.4bpp.lz
tools/gbagfx/gbagfx graphics/pokemon/tyranitar/mega/front.4bpp graphics/pokemon/tyranitar/mega/front.4bpp.lz
tools/gbagfx/gbagfx graphics/pokemon/tyranitar/mega/normal.gbapal graphics/pokemon/tyranitar/mega/normal.gbapal.lz
tools/gbagfx/gbagfx graphics/pokemon/tyranitar/mega/shiny.gbapal graphics/pokemon/tyranitar/mega/shiny.gbapal.lz
tools/gbagfx/gbagfx graphics/pokemon/tyranitar/normal.gbapal graphics/pokemon/tyranitar/normal.gbapal.lz
tools/gbagfx/gbagfx graphics/pokemon/tyranitar/shiny.gbapal graphics/pokemon/tyranitar/shiny.gbapal.lz
tools/gbagfx/gbagfx graphics/pokemon/tyrantrum/back.4bpp graphics/pokemon/tyrantrum/back.4bpp.lz
tools/gbagfx/gbagfx graphics/pokemon/tyrantrum/front.4bpp graphics/pokemon/tyrantrum/front.4bpp.lz
tools/gbagfx/gbagfx graphics/pokemon/tyrantrum/normal.gbapal graphics/pokemon/tyrantrum/normal.gbapal.lz
tools/gbagfx/gbagfx graphics/pokemon/tyrantrum/shiny.gbapal graphics/pokemon/tyrantrum/shiny.gbapal.lz
tools/gbagfx/gbagfx graphics/pokemon/tyrogue/back.4bpp graphics/pokemon/tyrogue/back.4bpp.lz
tools/gbagfx/gbagfx graphics/pokemon/tyrogue/front.4bpp graphics/pokemon/tyrogue/front.4bpp.lz
tools/gbagfx/gbagfx graphics/pokemon/tyrogue/normal.gbapal graphics/pokemon/tyrogue/normal.gbapal.lz
tools/gbagfx/gbagfx graphics/pokemon/tyrogue/shiny.gbapal graphics/pokemon/tyrogue/shiny.gbapal.lz
tools/gbagfx/gbagfx graphics/pokemon/tyrunt/back.4bpp graphics/pokemon/tyrunt/back.4bpp.lz
tools/gbagfx/gbagfx graphics/pokemon/tyrunt/front.4bpp graphics/pokemon/tyrunt/front.4bpp.lz
tools/gbagfx/gbagfx graphics/pokemon/tyrunt/normal.gbapal graphics/pokemon/tyrunt/normal.gbapal.lz
tools/gbagfx/gbagfx graphics/pokemon/tyrunt/shiny.gbapal graphics/pokemon/tyrunt/shiny.gbapal.lz
tools/gbagfx/gbagfx graphics/pokemon/umbreon/back.4bpp graphics/pokemon/umbreon/back.4bpp.lz
tools/gbagfx/gbagfx graphics/pokemon/umbreon/front.4bpp graphics/pokemon/umbreon/front.4bpp.lz
tools/gbagfx/gbagfx graphics/pokemon/umbreon/normal.gbapal graphics/pokemon/umbreon/normal.gbapal.lz
tools/gbagfx/gbagfx graphics/pokemon/umbreon/shiny.gbapal graphics/pokemon/umbreon/shiny.gbapal.lz
tools/gbagfx/gbagfx graphics/pokemon/unfezant/back.4bpp graphics/pokemon/unfezant/back.4bpp.lz
tools/gbagfx/gbagfx graphics/pokemon/unfezant/backf.4bpp graphics/pokemon/unfezant/backf.4bpp.lz
tools/gbagfx/gbagfx graphics/pokemon/unfezant/front.4bpp graphics/pokemon/unfezant/front.4bpp.lz
tools/gbagfx/gbagfx graphics/pokemon/unfezant/frontf.4bpp graphics/pokemon/unfezant/frontf.4bpp.lz
tools/gbagfx/gbagfx graphics/pokemon/unfezant/normal.gbapal graphics/pokemon/unfezant/normal.gbapal.lz
tools/gbagfx/gbagfx graphics/pokemon/unfezant/normalf.gbapal graphics/pokemon/unfezant/normalf.gbapal.lz
tools/gbagfx/gbagfx graphics/pokemon/unfezant/shiny.gbapal graphics/pokemon/unfezant/shiny.gbapal.lz
tools/gbagfx/gbagfx graphics/pokemon/unfezant/shinyf.gbapal graphics/pokemon/unfezant/shinyf.gbapal.lz
tools/gbagfx/gbagfx graphics/pokemon/unown/a/back.4bpp graphics/pokemon/unown/a/back.4bpp.lz
tools/gbagfx/gbagfx graphics/pokemon/unown/a/front.4bpp graphics/pokemon/unown/a/front.4bpp.lz
tools/gbagfx/gbagfx graphics/pokemon/unown/b/back.4bpp graphics/pokemon/unown/b/back.4bpp.lz
tools/gbagfx/gbagfx graphics/pokemon/unown/b/front.4bpp graphics/pokemon/unown/b/front.4bpp.lz
tools/gbagfx/gbagfx graphics/pokemon/unown/c/back.4bpp graphics/pokemon/unown/c/back.4bpp.lz
tools/gbagfx/gbagfx graphics/pokemon/unown/c/front.4bpp graphics/pokemon/unown/c/front.4bpp.lz
tools/gbagfx/gbagfx graphics/pokemon/unown/d/back.4bpp graphics/pokemon/unown/d/back.4bpp.lz
tools/gbagfx/gbagfx graphics/pokemon/unown/d/front.4bpp graphics/pokemon/unown/d/front.4bpp.lz
tools/gbagfx/gbagfx graphics/pokemon/unown/e/back.4bpp graphics/pokemon/unown/e/back.4bpp.lz
tools/gbagfx/gbagfx graphics/pokemon/unown/e/front.4bpp graphics/pokemon/unown/e/front.4bpp.lz
tools/gbagfx/gbagfx graphics/pokemon/unown/exclamation_mark/back.4bpp graphics/pokemon/unown/exclamation_mark/back.4bpp.lz
tools/gbagfx/gbagfx graphics/pokemon/unown/exclamation_mark/front.4bpp graphics/pokemon/unown/exclamation_mark/front.4bpp.lz
tools/gbagfx/gbagfx graphics/pokemon/unown/f/back.4bpp graphics/pokemon/unown/f/back.4bpp.lz
tools/gbagfx/gbagfx graphics/pokemon/unown/f/front.4bpp graphics/pokemon/unown/f/front.4bpp.lz
tools/gbagfx/gbagfx graphics/pokemon/unown/g/back.4bpp graphics/pokemon/unown/g/back.4bpp.lz
tools/gbagfx/gbagfx graphics/pokemon/unown/g/front.4bpp graphics/pokemon/unown/g/front.4bpp.lz
tools/gbagfx/gbagfx graphics/pokemon/unown/h/back.4bpp graphics/pokemon/unown/h/back.4bpp.lz
tools/gbagfx/gbagfx graphics/pokemon/unown/h/front.4bpp graphics/pokemon/unown/h/front.4bpp.lz
tools/gbagfx/gbagfx graphics/pokemon/unown/i/back.4bpp graphics/pokemon/unown/i/back.4bpp.lz
tools/gbagfx/gbagfx graphics/pokemon/unown/i/front.4bpp graphics/pokemon/unown/i/front.4bpp.lz
tools/gbagfx/gbagfx graphics/pokemon/unown/j/back.4bpp graphics/pokemon/unown/j/back.4bpp.lz
tools/gbagfx/gbagfx graphics/pokemon/unown/j/front.4bpp graphics/pokemon/unown/j/front.4bpp.lz
tools/gbagfx/gbagfx graphics/pokemon/unown/k/back.4bpp graphics/pokemon/unown/k/back.4bpp.lz
tools/gbagfx/gbagfx graphics/pokemon/unown/k/front.4bpp graphics/pokemon/unown/k/front.4bpp.lz
tools/gbagfx/gbagfx graphics/pokemon/unown/l/back.4bpp graphics/pokemon/unown/l/back.4bpp.lz
tools/gbagfx/gbagfx graphics/pokemon/unown/l/front.4bpp graphics/pokemon/unown/l/front.4bpp.lz
tools/gbagfx/gbagfx graphics/pokemon/unown/m/back.4bpp graphics/pokemon/unown/m/back.4bpp.lz
tools/gbagfx/gbagfx graphics/pokemon/unown/m/front.4bpp graphics/pokemon/unown/m/front.4bpp.lz
tools/gbagfx/gbagfx graphics/pokemon/unown/n/back.4bpp graphics/pokemon/unown/n/back.4bpp.lz
tools/gbagfx/gbagfx graphics/pokemon/unown/n/front.4bpp graphics/pokemon/unown/n/front.4bpp.lz
tools/gbagfx/gbagfx graphics/pokemon/unown/normal.gbapal graphics/pokemon/unown/normal.gbapal.lz
tools/gbagfx/gbagfx graphics/pokemon/unown/o/back.4bpp graphics/pokemon/unown/o/back.4bpp.lz
tools/gbagfx/gbagfx graphics/pokemon/unown/o/front.4bpp graphics/pokemon/unown/o/front.4bpp.lz
tools/gbagfx/gbagfx graphics/pokemon/unown/p/back.4bpp graphics/pokemon/unown/p/back.4bpp.lz
tools/gbagfx/gbagfx graphics/pokemon/unown/p/front.4bpp graphics/pokemon/unown/p/front.4bpp.lz
tools/gbagfx/gbagfx graphics/pokemon/unown/q/back.4bpp graphics/pokemon/unown/q/back.4bpp.lz
tools/gbagfx/gbagfx graphics/pokemon/unown/q/front.4bpp graphics/pokemon/unown/q/front.4bpp.lz
tools/gbagfx/gbagfx graphics/pokemon/unown/question_mark/back.4bpp graphics/pokemon/unown/question_mark/back.4bpp.lz
tools/gbagfx/gbagfx graphics/pokemon/unown/question_mark/front.4bpp graphics/pokemon/unown/question_mark/front.4bpp.lz
tools/gbagfx/gbagfx graphics/pokemon/unown/r/back.4bpp graphics/pokemon/unown/r/back.4bpp.lz
tools/gbagfx/gbagfx graphics/pokemon/unown/r/front.4bpp graphics/pokemon/unown/r/front.4bpp.lz
tools/gbagfx/gbagfx graphics/pokemon/unown/s/back.4bpp graphics/pokemon/unown/s/back.4bpp.lz
tools/gbagfx/gbagfx graphics/pokemon/unown/s/front.4bpp graphics/pokemon/unown/s/front.4bpp.lz
tools/gbagfx/gbagfx graphics/pokemon/unown/shiny.gbapal graphics/pokemon/unown/shiny.gbapal.lz
tools/gbagfx/gbagfx graphics/pokemon/unown/t/back.4bpp graphics/pokemon/unown/t/back.4bpp.lz
tools/gbagfx/gbagfx graphics/pokemon/unown/t/front.4bpp graphics/pokemon/unown/t/front.4bpp.lz
tools/gbagfx/gbagfx graphics/pokemon/unown/u/back.4bpp graphics/pokemon/unown/u/back.4bpp.lz
tools/gbagfx/gbagfx graphics/pokemon/unown/u/front.4bpp graphics/pokemon/unown/u/front.4bpp.lz
tools/gbagfx/gbagfx graphics/pokemon/unown/v/back.4bpp graphics/pokemon/unown/v/back.4bpp.lz
tools/gbagfx/gbagfx graphics/pokemon/unown/v/front.4bpp graphics/pokemon/unown/v/front.4bpp.lz
tools/gbagfx/gbagfx graphics/pokemon/unown/w/back.4bpp graphics/pokemon/unown/w/back.4bpp.lz
tools/gbagfx/gbagfx graphics/pokemon/unown/w/front.4bpp graphics/pokemon/unown/w/front.4bpp.lz
tools/gbagfx/gbagfx graphics/pokemon/unown/x/back.4bpp graphics/pokemon/unown/x/back.4bpp.lz
tools/gbagfx/gbagfx graphics/pokemon/unown/x/front.4bpp graphics/pokemon/unown/x/front.4bpp.lz
tools/gbagfx/gbagfx graphics/pokemon/unown/y/back.4bpp graphics/pokemon/unown/y/back.4bpp.lz
tools/gbagfx/gbagfx graphics/pokemon/unown/y/front.4bpp graphics/pokemon/unown/y/front.4bpp.lz
tools/gbagfx/gbagfx graphics/pokemon/unown/z/back.4bpp graphics/pokemon/unown/z/back.4bpp.lz
tools/gbagfx/gbagfx graphics/pokemon/unown/z/front.4bpp graphics/pokemon/unown/z/front.4bpp.lz
tools/gbagfx/gbagfx graphics/pokemon/ursaluna/back.4bpp graphics/pokemon/ursaluna/back.4bpp.lz
tools/gbagfx/gbagfx graphics/pokemon/ursaluna/bloodmoon/back.4bpp graphics/pokemon/ursaluna/bloodmoon/back.4bpp.lz
tools/gbagfx/gbagfx graphics/pokemon/ursaluna/bloodmoon/front.4bpp graphics/pokemon/ursaluna/bloodmoon/front.4bpp.lz
tools/gbagfx/gbagfx graphics/pokemon/ursaluna/bloodmoon/normal.gbapal graphics/pokemon/ursaluna/bloodmoon/normal.gbapal.lz
tools/gbagfx/gbagfx graphics/pokemon/ursaluna/bloodmoon/shiny.gbapal graphics/pokemon/ursaluna/bloodmoon/shiny.gbapal.lz
tools/gbagfx/gbagfx graphics/pokemon/ursaluna/front.4bpp graphics/pokemon/ursaluna/front.4bpp.lz
tools/gbagfx/gbagfx graphics/pokemon/ursaluna/normal.gbapal graphics/pokemon/ursaluna/normal.gbapal.lz
tools/gbagfx/gbagfx graphics/pokemon/ursaluna/shiny.gbapal graphics/pokemon/ursaluna/shiny.gbapal.lz
tools/gbagfx/gbagfx graphics/pokemon/ursaring/back.4bpp graphics/pokemon/ursaring/back.4bpp.lz
tools/gbagfx/gbagfx graphics/pokemon/ursaring/backf.4bpp graphics/pokemon/ursaring/backf.4bpp.lz
tools/gbagfx/gbagfx graphics/pokemon/ursaring/front.4bpp graphics/pokemon/ursaring/front.4bpp.lz
tools/gbagfx/gbagfx graphics/pokemon/ursaring/frontf.4bpp graphics/pokemon/ursaring/frontf.4bpp.lz
tools/gbagfx/gbagfx graphics/pokemon/ursaring/normal.gbapal graphics/pokemon/ursaring/normal.gbapal.lz
tools/gbagfx/gbagfx graphics/pokemon/ursaring/shiny.gbapal graphics/pokemon/ursaring/shiny.gbapal.lz
tools/gbagfx/gbagfx graphics/pokemon/urshifu/back.4bpp graphics/pokemon/urshifu/back.4bpp.lz
tools/gbagfx/gbagfx graphics/pokemon/urshifu/front.4bpp graphics/pokemon/urshifu/front.4bpp.lz
tools/gbagfx/gbagfx graphics/pokemon/urshifu/normal.gbapal graphics/pokemon/urshifu/normal.gbapal.lz
tools/gbagfx/gbagfx graphics/pokemon/urshifu/rapid_strike_style/back.4bpp graphics/pokemon/urshifu/rapid_strike_style/back.4bpp.lz
tools/gbagfx/gbagfx graphics/pokemon/urshifu/rapid_strike_style/front.4bpp graphics/pokemon/urshifu/rapid_strike_style/front.4bpp.lz
tools/gbagfx/gbagfx graphics/pokemon/urshifu/rapid_strike_style/normal.gbapal graphics/pokemon/urshifu/rapid_strike_style/normal.gbapal.lz
tools/gbagfx/gbagfx graphics/pokemon/urshifu/rapid_strike_style/shiny.gbapal graphics/pokemon/urshifu/rapid_strike_style/shiny.gbapal.lz
tools/gbagfx/gbagfx graphics/pokemon/urshifu/shiny.gbapal graphics/pokemon/urshifu/shiny.gbapal.lz
tools/gbagfx/gbagfx graphics/pokemon/uxie/back.4bpp graphics/pokemon/uxie/back.4bpp.lz
tools/gbagfx/gbagfx graphics/pokemon/uxie/front.4bpp graphics/pokemon/uxie/front.4bpp.lz
tools/gbagfx/gbagfx graphics/pokemon/uxie/normal.gbapal graphics/pokemon/uxie/normal.gbapal.lz
tools/gbagfx/gbagfx graphics/pokemon/uxie/shiny.gbapal graphics/pokemon/uxie/shiny.gbapal.lz
tools/gbagfx/gbagfx graphics/pokemon/vanillish/back.4bpp graphics/pokemon/vanillish/back.4bpp.lz
tools/gbagfx/gbagfx graphics/pokemon/vanillish/front.4bpp graphics/pokemon/vanillish/front.4bpp.lz
tools/gbagfx/gbagfx graphics/pokemon/vanillish/normal.gbapal graphics/pokemon/vanillish/normal.gbapal.lz
tools/gbagfx/gbagfx graphics/pokemon/vanillish/shiny.gbapal graphics/pokemon/vanillish/shiny.gbapal.lz
tools/gbagfx/gbagfx graphics/pokemon/vanillite/back.4bpp graphics/pokemon/vanillite/back.4bpp.lz
tools/gbagfx/gbagfx graphics/pokemon/vanillite/front.4bpp graphics/pokemon/vanillite/front.4bpp.lz
tools/gbagfx/gbagfx graphics/pokemon/vanillite/normal.gbapal graphics/pokemon/vanillite/normal.gbapal.lz
tools/gbagfx/gbagfx graphics/pokemon/vanillite/shiny.gbapal graphics/pokemon/vanillite/shiny.gbapal.lz
tools/gbagfx/gbagfx graphics/pokemon/vanilluxe/back.4bpp graphics/pokemon/vanilluxe/back.4bpp.lz
tools/gbagfx/gbagfx graphics/pokemon/vanilluxe/front.4bpp graphics/pokemon/vanilluxe/front.4bpp.lz
tools/gbagfx/gbagfx graphics/pokemon/vanilluxe/normal.gbapal graphics/pokemon/vanilluxe/normal.gbapal.lz
tools/gbagfx/gbagfx graphics/pokemon/vanilluxe/shiny.gbapal graphics/pokemon/vanilluxe/shiny.gbapal.lz
tools/gbagfx/gbagfx graphics/pokemon/vaporeon/back.4bpp graphics/pokemon/vaporeon/back.4bpp.lz
tools/gbagfx/gbagfx graphics/pokemon/vaporeon/front.4bpp graphics/pokemon/vaporeon/front.4bpp.lz
tools/gbagfx/gbagfx graphics/pokemon/vaporeon/normal.gbapal graphics/pokemon/vaporeon/normal.gbapal.lz
tools/gbagfx/gbagfx graphics/pokemon/vaporeon/shiny.gbapal graphics/pokemon/vaporeon/shiny.gbapal.lz
tools/gbagfx/gbagfx graphics/pokemon/varoom/back.4bpp graphics/pokemon/varoom/back.4bpp.lz
tools/gbagfx/gbagfx graphics/pokemon/varoom/front.4bpp graphics/pokemon/varoom/front.4bpp.lz
tools/gbagfx/gbagfx graphics/pokemon/varoom/normal.gbapal graphics/pokemon/varoom/normal.gbapal.lz
tools/gbagfx/gbagfx graphics/pokemon/varoom/shiny.gbapal graphics/pokemon/varoom/shiny.gbapal.lz
tools/gbagfx/gbagfx graphics/pokemon/veluza/back.4bpp graphics/pokemon/veluza/back.4bpp.lz
tools/gbagfx/gbagfx graphics/pokemon/veluza/front.4bpp graphics/pokemon/veluza/front.4bpp.lz
tools/gbagfx/gbagfx graphics/pokemon/veluza/normal.gbapal graphics/pokemon/veluza/normal.gbapal.lz
tools/gbagfx/gbagfx graphics/pokemon/veluza/shiny.gbapal graphics/pokemon/veluza/shiny.gbapal.lz
tools/gbagfx/gbagfx graphics/pokemon/venipede/back.4bpp graphics/pokemon/venipede/back.4bpp.lz
tools/gbagfx/gbagfx graphics/pokemon/venipede/front.4bpp graphics/pokemon/venipede/front.4bpp.lz
tools/gbagfx/gbagfx graphics/pokemon/venipede/normal.gbapal graphics/pokemon/venipede/normal.gbapal.lz
tools/gbagfx/gbagfx graphics/pokemon/venipede/shiny.gbapal graphics/pokemon/venipede/shiny.gbapal.lz
tools/gbagfx/gbagfx graphics/pokemon/venomoth/back.4bpp graphics/pokemon/venomoth/back.4bpp.lz
tools/gbagfx/gbagfx graphics/pokemon/venomoth/front.4bpp graphics/pokemon/venomoth/front.4bpp.lz
tools/gbagfx/gbagfx graphics/pokemon/venomoth/normal.gbapal graphics/pokemon/venomoth/normal.gbapal.lz
tools/gbagfx/gbagfx graphics/pokemon/venomoth/shiny.gbapal graphics/pokemon/venomoth/shiny.gbapal.lz
tools/gbagfx/gbagfx graphics/pokemon/venonat/back.4bpp graphics/pokemon/venonat/back.4bpp.lz
tools/gbagfx/gbagfx graphics/pokemon/venonat/front.4bpp graphics/pokemon/venonat/front.4bpp.lz
tools/gbagfx/gbagfx graphics/pokemon/venonat/normal.gbapal graphics/pokemon/venonat/normal.gbapal.lz
tools/gbagfx/gbagfx graphics/pokemon/venonat/shiny.gbapal graphics/pokemon/venonat/shiny.gbapal.lz
tools/gbagfx/gbagfx graphics/pokemon/venusaur/back.4bpp graphics/pokemon/venusaur/back.4bpp.lz
tools/gbagfx/gbagfx graphics/pokemon/venusaur/backf.4bpp graphics/pokemon/venusaur/backf.4bpp.lz
tools/gbagfx/gbagfx graphics/pokemon/venusaur/front.4bpp graphics/pokemon/venusaur/front.4bpp.lz
tools/gbagfx/gbagfx graphics/pokemon/venusaur/frontf.4bpp graphics/pokemon/venusaur/frontf.4bpp.lz
tools/gbagfx/gbagfx graphics/pokemon/venusaur/mega/back.4bpp graphics/pokemon/venusaur/mega/back.4bpp.lz
tools/gbagfx/gbagfx graphics/pokemon/venusaur/mega/front.4bpp graphics/pokemon/venusaur/mega/front.4bpp.lz
tools/gbagfx/gbagfx graphics/pokemon/venusaur/mega/normal.gbapal graphics/pokemon/venusaur/mega/normal.gbapal.lz
tools/gbagfx/gbagfx graphics/pokemon/venusaur/mega/shiny.gbapal graphics/pokemon/venusaur/mega/shiny.gbapal.lz
tools/gbagfx/gbagfx graphics/pokemon/venusaur/normal.gbapal graphics/pokemon/venusaur/normal.gbapal.lz
tools/gbagfx/gbagfx graphics/pokemon/venusaur/shiny.gbapal graphics/pokemon/venusaur/shiny.gbapal.lz
tools/gbagfx/gbagfx graphics/pokemon/vespiquen/back.4bpp graphics/pokemon/vespiquen/back.4bpp.lz
tools/gbagfx/gbagfx graphics/pokemon/vespiquen/front.4bpp graphics/pokemon/vespiquen/front.4bpp.lz
tools/gbagfx/gbagfx graphics/pokemon/vespiquen/normal.gbapal graphics/pokemon/vespiquen/normal.gbapal.lz
tools/gbagfx/gbagfx graphics/pokemon/vespiquen/shiny.gbapal graphics/pokemon/vespiquen/shiny.gbapal.lz
tools/gbagfx/gbagfx graphics/pokemon/vibrava/back.4bpp graphics/pokemon/vibrava/back.4bpp.lz
tools/gbagfx/gbagfx graphics/pokemon/vibrava/front.4bpp graphics/pokemon/vibrava/front.4bpp.lz
tools/gbagfx/gbagfx graphics/pokemon/vibrava/normal.gbapal graphics/pokemon/vibrava/normal.gbapal.lz
tools/gbagfx/gbagfx graphics/pokemon/vibrava/shiny.gbapal graphics/pokemon/vibrava/shiny.gbapal.lz
tools/gbagfx/gbagfx graphics/pokemon/victini/back.4bpp graphics/pokemon/victini/back.4bpp.lz
tools/gbagfx/gbagfx graphics/pokemon/victini/front.4bpp graphics/pokemon/victini/front.4bpp.lz
tools/gbagfx/gbagfx graphics/pokemon/victini/normal.gbapal graphics/pokemon/victini/normal.gbapal.lz
tools/gbagfx/gbagfx graphics/pokemon/victini/shiny.gbapal graphics/pokemon/victini/shiny.gbapal.lz
tools/gbagfx/gbagfx graphics/pokemon/victreebel/back.4bpp graphics/pokemon/victreebel/back.4bpp.lz
tools/gbagfx/gbagfx graphics/pokemon/victreebel/front.4bpp graphics/pokemon/victreebel/front.4bpp.lz
tools/gbagfx/gbagfx graphics/pokemon/victreebel/normal.gbapal graphics/pokemon/victreebel/normal.gbapal.lz
tools/gbagfx/gbagfx graphics/pokemon/victreebel/shiny.gbapal graphics/pokemon/victreebel/shiny.gbapal.lz
tools/gbagfx/gbagfx graphics/pokemon/vigoroth/back.4bpp graphics/pokemon/vigoroth/back.4bpp.lz
tools/gbagfx/gbagfx graphics/pokemon/vigoroth/front.4bpp graphics/pokemon/vigoroth/front.4bpp.lz
tools/gbagfx/gbagfx graphics/pokemon/vigoroth/normal.gbapal graphics/pokemon/vigoroth/normal.gbapal.lz
tools/gbagfx/gbagfx graphics/pokemon/vigoroth/shiny.gbapal graphics/pokemon/vigoroth/shiny.gbapal.lz
tools/gbagfx/gbagfx graphics/pokemon/vikavolt/back.4bpp graphics/pokemon/vikavolt/back.4bpp.lz
tools/gbagfx/gbagfx graphics/pokemon/vikavolt/front.4bpp graphics/pokemon/vikavolt/front.4bpp.lz
tools/gbagfx/gbagfx graphics/pokemon/vikavolt/normal.gbapal graphics/pokemon/vikavolt/normal.gbapal.lz
tools/gbagfx/gbagfx graphics/pokemon/vikavolt/shiny.gbapal graphics/pokemon/vikavolt/shiny.gbapal.lz
tools/gbagfx/gbagfx graphics/pokemon/vileplume/back.4bpp graphics/pokemon/vileplume/back.4bpp.lz
tools/gbagfx/gbagfx graphics/pokemon/vileplume/backf.4bpp graphics/pokemon/vileplume/backf.4bpp.lz
tools/gbagfx/gbagfx graphics/pokemon/vileplume/front.4bpp graphics/pokemon/vileplume/front.4bpp.lz
tools/gbagfx/gbagfx graphics/pokemon/vileplume/frontf.4bpp graphics/pokemon/vileplume/frontf.4bpp.lz
tools/gbagfx/gbagfx graphics/pokemon/vileplume/normal.gbapal graphics/pokemon/vileplume/normal.gbapal.lz
tools/gbagfx/gbagfx graphics/pokemon/vileplume/shiny.gbapal graphics/pokemon/vileplume/shiny.gbapal.lz
tools/gbagfx/gbagfx graphics/pokemon/virizion/back.4bpp graphics/pokemon/virizion/back.4bpp.lz
tools/gbagfx/gbagfx graphics/pokemon/virizion/front.4bpp graphics/pokemon/virizion/front.4bpp.lz
tools/gbagfx/gbagfx graphics/pokemon/virizion/normal.gbapal graphics/pokemon/virizion/normal.gbapal.lz
tools/gbagfx/gbagfx graphics/pokemon/virizion/shiny.gbapal graphics/pokemon/virizion/shiny.gbapal.lz
tools/gbagfx/gbagfx graphics/pokemon/vivillon/archipelago/back.4bpp graphics/pokemon/vivillon/archipelago/back.4bpp.lz
tools/gbagfx/gbagfx graphics/pokemon/vivillon/archipelago/front.4bpp graphics/pokemon/vivillon/archipelago/front.4bpp.lz
tools/gbagfx/gbagfx graphics/pokemon/vivillon/archipelago/normal.gbapal graphics/pokemon/vivillon/archipelago/normal.gbapal.lz
tools/gbagfx/gbagfx graphics/pokemon/vivillon/archipelago/shiny.gbapal graphics/pokemon/vivillon/archipelago/shiny.gbapal.lz
tools/gbagfx/gbagfx graphics/pokemon/vivillon/back.4bpp graphics/pokemon/vivillon/back.4bpp.lz
tools/gbagfx/gbagfx graphics/pokemon/vivillon/continental/back.4bpp graphics/pokemon/vivillon/continental/back.4bpp.lz
tools/gbagfx/gbagfx graphics/pokemon/vivillon/continental/front.4bpp graphics/pokemon/vivillon/continental/front.4bpp.lz
tools/gbagfx/gbagfx graphics/pokemon/vivillon/continental/normal.gbapal graphics/pokemon/vivillon/continental/normal.gbapal.lz
tools/gbagfx/gbagfx graphics/pokemon/vivillon/continental/shiny.gbapal graphics/pokemon/vivillon/continental/shiny.gbapal.lz
tools/gbagfx/gbagfx graphics/pokemon/vivillon/elegant/back.4bpp graphics/pokemon/vivillon/elegant/back.4bpp.lz
tools/gbagfx/gbagfx graphics/pokemon/vivillon/elegant/front.4bpp graphics/pokemon/vivillon/elegant/front.4bpp.lz
tools/gbagfx/gbagfx graphics/pokemon/vivillon/elegant/normal.gbapal graphics/pokemon/vivillon/elegant/normal.gbapal.lz
tools/gbagfx/gbagfx graphics/pokemon/vivillon/elegant/shiny.gbapal graphics/pokemon/vivillon/elegant/shiny.gbapal.lz
tools/gbagfx/gbagfx graphics/pokemon/vivillon/fancy/back.4bpp graphics/pokemon/vivillon/fancy/back.4bpp.lz
tools/gbagfx/gbagfx graphics/pokemon/vivillon/fancy/front.4bpp graphics/pokemon/vivillon/fancy/front.4bpp.lz
tools/gbagfx/gbagfx graphics/pokemon/vivillon/fancy/normal.gbapal graphics/pokemon/vivillon/fancy/normal.gbapal.lz
tools/gbagfx/gbagfx graphics/pokemon/vivillon/fancy/shiny.gbapal graphics/pokemon/vivillon/fancy/shiny.gbapal.lz
tools/gbagfx/gbagfx graphics/pokemon/vivillon/front.4bpp graphics/pokemon/vivillon/front.4bpp.lz
tools/gbagfx/gbagfx graphics/pokemon/vivillon/garden/back.4bpp graphics/pokemon/vivillon/garden/back.4bpp.lz
tools/gbagfx/gbagfx graphics/pokemon/vivillon/garden/front.4bpp graphics/pokemon/vivillon/garden/front.4bpp.lz
tools/gbagfx/gbagfx graphics/pokemon/vivillon/garden/normal.gbapal graphics/pokemon/vivillon/garden/normal.gbapal.lz
tools/gbagfx/gbagfx graphics/pokemon/vivillon/garden/shiny.gbapal graphics/pokemon/vivillon/garden/shiny.gbapal.lz
tools/gbagfx/gbagfx graphics/pokemon/vivillon/high_plains/back.4bpp graphics/pokemon/vivillon/high_plains/back.4bpp.lz
tools/gbagfx/gbagfx graphics/pokemon/vivillon/high_plains/front.4bpp graphics/pokemon/vivillon/high_plains/front.4bpp.lz
tools/gbagfx/gbagfx graphics/pokemon/vivillon/high_plains/normal.gbapal graphics/pokemon/vivillon/high_plains/normal.gbapal.lz
tools/gbagfx/gbagfx graphics/pokemon/vivillon/high_plains/shiny.gbapal graphics/pokemon/vivillon/high_plains/shiny.gbapal.lz
tools/gbagfx/gbagfx graphics/pokemon/vivillon/jungle/back.4bpp graphics/pokemon/vivillon/jungle/back.4bpp.lz
tools/gbagfx/gbagfx graphics/pokemon/vivillon/jungle/front.4bpp graphics/pokemon/vivillon/jungle/front.4bpp.lz
tools/gbagfx/gbagfx graphics/pokemon/vivillon/jungle/normal.gbapal graphics/pokemon/vivillon/jungle/normal.gbapal.lz
tools/gbagfx/gbagfx graphics/pokemon/vivillon/jungle/shiny.gbapal graphics/pokemon/vivillon/jungle/shiny.gbapal.lz
tools/gbagfx/gbagfx graphics/pokemon/vivillon/marine/back.4bpp graphics/pokemon/vivillon/marine/back.4bpp.lz
tools/gbagfx/gbagfx graphics/pokemon/vivillon/marine/front.4bpp graphics/pokemon/vivillon/marine/front.4bpp.lz
tools/gbagfx/gbagfx graphics/pokemon/vivillon/marine/normal.gbapal graphics/pokemon/vivillon/marine/normal.gbapal.lz
tools/gbagfx/gbagfx graphics/pokemon/vivillon/marine/shiny.gbapal graphics/pokemon/vivillon/marine/shiny.gbapal.lz
tools/gbagfx/gbagfx graphics/pokemon/vivillon/meadow/back.4bpp graphics/pokemon/vivillon/meadow/back.4bpp.lz
tools/gbagfx/gbagfx graphics/pokemon/vivillon/meadow/front.4bpp graphics/pokemon/vivillon/meadow/front.4bpp.lz
tools/gbagfx/gbagfx graphics/pokemon/vivillon/meadow/normal.gbapal graphics/pokemon/vivillon/meadow/normal.gbapal.lz
tools/gbagfx/gbagfx graphics/pokemon/vivillon/meadow/shiny.gbapal graphics/pokemon/vivillon/meadow/shiny.gbapal.lz
tools/gbagfx/gbagfx graphics/pokemon/vivillon/modern/back.4bpp graphics/pokemon/vivillon/modern/back.4bpp.lz
tools/gbagfx/gbagfx graphics/pokemon/vivillon/modern/front.4bpp graphics/pokemon/vivillon/modern/front.4bpp.lz
tools/gbagfx/gbagfx graphics/pokemon/vivillon/modern/normal.gbapal graphics/pokemon/vivillon/modern/normal.gbapal.lz
tools/gbagfx/gbagfx graphics/pokemon/vivillon/modern/shiny.gbapal graphics/pokemon/vivillon/modern/shiny.gbapal.lz
tools/gbagfx/gbagfx graphics/pokemon/vivillon/monsoon/back.4bpp graphics/pokemon/vivillon/monsoon/back.4bpp.lz
tools/gbagfx/gbagfx graphics/pokemon/vivillon/monsoon/front.4bpp graphics/pokemon/vivillon/monsoon/front.4bpp.lz
tools/gbagfx/gbagfx graphics/pokemon/vivillon/monsoon/normal.gbapal graphics/pokemon/vivillon/monsoon/normal.gbapal.lz
tools/gbagfx/gbagfx graphics/pokemon/vivillon/monsoon/shiny.gbapal graphics/pokemon/vivillon/monsoon/shiny.gbapal.lz
tools/gbagfx/gbagfx graphics/pokemon/vivillon/normal.gbapal graphics/pokemon/vivillon/normal.gbapal.lz
tools/gbagfx/gbagfx graphics/pokemon/vivillon/ocean/back.4bpp graphics/pokemon/vivillon/ocean/back.4bpp.lz
tools/gbagfx/gbagfx graphics/pokemon/vivillon/ocean/front.4bpp graphics/pokemon/vivillon/ocean/front.4bpp.lz
tools/gbagfx/gbagfx graphics/pokemon/vivillon/ocean/normal.gbapal graphics/pokemon/vivillon/ocean/normal.gbapal.lz
tools/gbagfx/gbagfx graphics/pokemon/vivillon/ocean/shiny.gbapal graphics/pokemon/vivillon/ocean/shiny.gbapal.lz
tools/gbagfx/gbagfx graphics/pokemon/vivillon/poke_ball/back.4bpp graphics/pokemon/vivillon/poke_ball/back.4bpp.lz
tools/gbagfx/gbagfx graphics/pokemon/vivillon/poke_ball/front.4bpp graphics/pokemon/vivillon/poke_ball/front.4bpp.lz
tools/gbagfx/gbagfx graphics/pokemon/vivillon/poke_ball/normal.gbapal graphics/pokemon/vivillon/poke_ball/normal.gbapal.lz
tools/gbagfx/gbagfx graphics/pokemon/vivillon/poke_ball/shiny.gbapal graphics/pokemon/vivillon/poke_ball/shiny.gbapal.lz
tools/gbagfx/gbagfx graphics/pokemon/vivillon/polar/back.4bpp graphics/pokemon/vivillon/polar/back.4bpp.lz
tools/gbagfx/gbagfx graphics/pokemon/vivillon/polar/front.4bpp graphics/pokemon/vivillon/polar/front.4bpp.lz
tools/gbagfx/gbagfx graphics/pokemon/vivillon/polar/normal.gbapal graphics/pokemon/vivillon/polar/normal.gbapal.lz
tools/gbagfx/gbagfx graphics/pokemon/vivillon/polar/shiny.gbapal graphics/pokemon/vivillon/polar/shiny.gbapal.lz
tools/gbagfx/gbagfx graphics/pokemon/vivillon/river/back.4bpp graphics/pokemon/vivillon/river/back.4bpp.lz
tools/gbagfx/gbagfx graphics/pokemon/vivillon/river/front.4bpp graphics/pokemon/vivillon/river/front.4bpp.lz
tools/gbagfx/gbagfx graphics/pokemon/vivillon/river/normal.gbapal graphics/pokemon/vivillon/river/normal.gbapal.lz
tools/gbagfx/gbagfx graphics/pokemon/vivillon/river/shiny.gbapal graphics/pokemon/vivillon/river/shiny.gbapal.lz
tools/gbagfx/gbagfx graphics/pokemon/vivillon/sandstorm/back.4bpp graphics/pokemon/vivillon/sandstorm/back.4bpp.lz
tools/gbagfx/gbagfx graphics/pokemon/vivillon/sandstorm/front.4bpp graphics/pokemon/vivillon/sandstorm/front.4bpp.lz
tools/gbagfx/gbagfx graphics/pokemon/vivillon/sandstorm/normal.gbapal graphics/pokemon/vivillon/sandstorm/normal.gbapal.lz
tools/gbagfx/gbagfx graphics/pokemon/vivillon/sandstorm/shiny.gbapal graphics/pokemon/vivillon/sandstorm/shiny.gbapal.lz
tools/gbagfx/gbagfx graphics/pokemon/vivillon/savanna/back.4bpp graphics/pokemon/vivillon/savanna/back.4bpp.lz
tools/gbagfx/gbagfx graphics/pokemon/vivillon/savanna/front.4bpp graphics/pokemon/vivillon/savanna/front.4bpp.lz
tools/gbagfx/gbagfx graphics/pokemon/vivillon/savanna/normal.gbapal graphics/pokemon/vivillon/savanna/normal.gbapal.lz
tools/gbagfx/gbagfx graphics/pokemon/vivillon/savanna/shiny.gbapal graphics/pokemon/vivillon/savanna/shiny.gbapal.lz
tools/gbagfx/gbagfx graphics/pokemon/vivillon/shiny.gbapal graphics/pokemon/vivillon/shiny.gbapal.lz
tools/gbagfx/gbagfx graphics/pokemon/vivillon/sun/back.4bpp graphics/pokemon/vivillon/sun/back.4bpp.lz
tools/gbagfx/gbagfx graphics/pokemon/vivillon/sun/front.4bpp graphics/pokemon/vivillon/sun/front.4bpp.lz
tools/gbagfx/gbagfx graphics/pokemon/vivillon/sun/normal.gbapal graphics/pokemon/vivillon/sun/normal.gbapal.lz
tools/gbagfx/gbagfx graphics/pokemon/vivillon/sun/shiny.gbapal graphics/pokemon/vivillon/sun/shiny.gbapal.lz
tools/gbagfx/gbagfx graphics/pokemon/vivillon/tundra/back.4bpp graphics/pokemon/vivillon/tundra/back.4bpp.lz
tools/gbagfx/gbagfx graphics/pokemon/vivillon/tundra/front.4bpp graphics/pokemon/vivillon/tundra/front.4bpp.lz
tools/gbagfx/gbagfx graphics/pokemon/vivillon/tundra/normal.gbapal graphics/pokemon/vivillon/tundra/normal.gbapal.lz
tools/gbagfx/gbagfx graphics/pokemon/vivillon/tundra/shiny.gbapal graphics/pokemon/vivillon/tundra/shiny.gbapal.lz
tools/gbagfx/gbagfx graphics/pokemon/volbeat/back.4bpp graphics/pokemon/volbeat/back.4bpp.lz
tools/gbagfx/gbagfx graphics/pokemon/volbeat/front.4bpp graphics/pokemon/volbeat/front.4bpp.lz
tools/gbagfx/gbagfx graphics/pokemon/volbeat/normal.gbapal graphics/pokemon/volbeat/normal.gbapal.lz
tools/gbagfx/gbagfx graphics/pokemon/volbeat/shiny.gbapal graphics/pokemon/volbeat/shiny.gbapal.lz
tools/gbagfx/gbagfx graphics/pokemon/volcanion/back.4bpp graphics/pokemon/volcanion/back.4bpp.lz
tools/gbagfx/gbagfx graphics/pokemon/volcanion/front.4bpp graphics/pokemon/volcanion/front.4bpp.lz
tools/gbagfx/gbagfx graphics/pokemon/volcanion/normal.gbapal graphics/pokemon/volcanion/normal.gbapal.lz
tools/gbagfx/gbagfx graphics/pokemon/volcanion/shiny.gbapal graphics/pokemon/volcanion/shiny.gbapal.lz
tools/gbagfx/gbagfx graphics/pokemon/volcarona/back.4bpp graphics/pokemon/volcarona/back.4bpp.lz
tools/gbagfx/gbagfx graphics/pokemon/volcarona/front.4bpp graphics/pokemon/volcarona/front.4bpp.lz
tools/gbagfx/gbagfx graphics/pokemon/volcarona/normal.gbapal graphics/pokemon/volcarona/normal.gbapal.lz
tools/gbagfx/gbagfx graphics/pokemon/volcarona/shiny.gbapal graphics/pokemon/volcarona/shiny.gbapal.lz
tools/gbagfx/gbagfx graphics/pokemon/voltorb/back.4bpp graphics/pokemon/voltorb/back.4bpp.lz
tools/gbagfx/gbagfx graphics/pokemon/voltorb/front.4bpp graphics/pokemon/voltorb/front.4bpp.lz
tools/gbagfx/gbagfx graphics/pokemon/voltorb/hisuian/back.4bpp graphics/pokemon/voltorb/hisuian/back.4bpp.lz
tools/gbagfx/gbagfx graphics/pokemon/voltorb/hisuian/front.4bpp graphics/pokemon/voltorb/hisuian/front.4bpp.lz
tools/gbagfx/gbagfx graphics/pokemon/voltorb/hisuian/normal.gbapal graphics/pokemon/voltorb/hisuian/normal.gbapal.lz
tools/gbagfx/gbagfx graphics/pokemon/voltorb/hisuian/shiny.gbapal graphics/pokemon/voltorb/hisuian/shiny.gbapal.lz
tools/gbagfx/gbagfx graphics/pokemon/voltorb/normal.gbapal graphics/pokemon/voltorb/normal.gbapal.lz
tools/gbagfx/gbagfx graphics/pokemon/voltorb/shiny.gbapal graphics/pokemon/voltorb/shiny.gbapal.lz
tools/gbagfx/gbagfx graphics/pokemon/vullaby/back.4bpp graphics/pokemon/vullaby/back.4bpp.lz
tools/gbagfx/gbagfx graphics/pokemon/vullaby/front.4bpp graphics/pokemon/vullaby/front.4bpp.lz
tools/gbagfx/gbagfx graphics/pokemon/vullaby/normal.gbapal graphics/pokemon/vullaby/normal.gbapal.lz
tools/gbagfx/gbagfx graphics/pokemon/vullaby/shiny.gbapal graphics/pokemon/vullaby/shiny.gbapal.lz
tools/gbagfx/gbagfx graphics/pokemon/vulpix/alolan/back.4bpp graphics/pokemon/vulpix/alolan/back.4bpp.lz
tools/gbagfx/gbagfx graphics/pokemon/vulpix/alolan/front.4bpp graphics/pokemon/vulpix/alolan/front.4bpp.lz
tools/gbagfx/gbagfx graphics/pokemon/vulpix/alolan/normal.gbapal graphics/pokemon/vulpix/alolan/normal.gbapal.lz
tools/gbagfx/gbagfx graphics/pokemon/vulpix/alolan/shiny.gbapal graphics/pokemon/vulpix/alolan/shiny.gbapal.lz
tools/gbagfx/gbagfx graphics/pokemon/vulpix/back.4bpp graphics/pokemon/vulpix/back.4bpp.lz
tools/gbagfx/gbagfx graphics/pokemon/vulpix/front.4bpp graphics/pokemon/vulpix/front.4bpp.lz
tools/gbagfx/gbagfx graphics/pokemon/vulpix/normal.gbapal graphics/pokemon/vulpix/normal.gbapal.lz
tools/gbagfx/gbagfx graphics/pokemon/vulpix/shiny.gbapal graphics/pokemon/vulpix/shiny.gbapal.lz
tools/gbagfx/gbagfx graphics/pokemon/wailmer/back.4bpp graphics/pokemon/wailmer/back.4bpp.lz
tools/gbagfx/gbagfx graphics/pokemon/wailmer/front.4bpp graphics/pokemon/wailmer/front.4bpp.lz
tools/gbagfx/gbagfx graphics/pokemon/wailmer/normal.gbapal graphics/pokemon/wailmer/normal.gbapal.lz
tools/gbagfx/gbagfx graphics/pokemon/wailmer/shiny.gbapal graphics/pokemon/wailmer/shiny.gbapal.lz
tools/gbagfx/gbagfx graphics/pokemon/wailord/back.4bpp graphics/pokemon/wailord/back.4bpp.lz
tools/gbagfx/gbagfx graphics/pokemon/wailord/front.4bpp graphics/pokemon/wailord/front.4bpp.lz
tools/gbagfx/gbagfx graphics/pokemon/wailord/normal.gbapal graphics/pokemon/wailord/normal.gbapal.lz
tools/gbagfx/gbagfx graphics/pokemon/wailord/shiny.gbapal graphics/pokemon/wailord/shiny.gbapal.lz
tools/gbagfx/gbagfx graphics/pokemon/walking_wake/back.4bpp graphics/pokemon/walking_wake/back.4bpp.lz
tools/gbagfx/gbagfx graphics/pokemon/walking_wake/front.4bpp graphics/pokemon/walking_wake/front.4bpp.lz
tools/gbagfx/gbagfx graphics/pokemon/walking_wake/normal.gbapal graphics/pokemon/walking_wake/normal.gbapal.lz
tools/gbagfx/gbagfx graphics/pokemon/walking_wake/shiny.gbapal graphics/pokemon/walking_wake/shiny.gbapal.lz
tools/gbagfx/gbagfx graphics/pokemon/walrein/back.4bpp graphics/pokemon/walrein/back.4bpp.lz
tools/gbagfx/gbagfx graphics/pokemon/walrein/front.4bpp graphics/pokemon/walrein/front.4bpp.lz
tools/gbagfx/gbagfx graphics/pokemon/walrein/normal.gbapal graphics/pokemon/walrein/normal.gbapal.lz
tools/gbagfx/gbagfx graphics/pokemon/walrein/shiny.gbapal graphics/pokemon/walrein/shiny.gbapal.lz
tools/gbagfx/gbagfx graphics/pokemon/wartortle/back.4bpp graphics/pokemon/wartortle/back.4bpp.lz
tools/gbagfx/gbagfx graphics/pokemon/wartortle/front.4bpp graphics/pokemon/wartortle/front.4bpp.lz
tools/gbagfx/gbagfx graphics/pokemon/wartortle/normal.gbapal graphics/pokemon/wartortle/normal.gbapal.lz
tools/gbagfx/gbagfx graphics/pokemon/wartortle/shiny.gbapal graphics/pokemon/wartortle/shiny.gbapal.lz
tools/gbagfx/gbagfx graphics/pokemon/watchog/back.4bpp graphics/pokemon/watchog/back.4bpp.lz
tools/gbagfx/gbagfx graphics/pokemon/watchog/front.4bpp graphics/pokemon/watchog/front.4bpp.lz
tools/gbagfx/gbagfx graphics/pokemon/watchog/normal.gbapal graphics/pokemon/watchog/normal.gbapal.lz
tools/gbagfx/gbagfx graphics/pokemon/watchog/shiny.gbapal graphics/pokemon/watchog/shiny.gbapal.lz
tools/gbagfx/gbagfx graphics/pokemon/wattrel/back.4bpp graphics/pokemon/wattrel/back.4bpp.lz
tools/gbagfx/gbagfx graphics/pokemon/wattrel/front.4bpp graphics/pokemon/wattrel/front.4bpp.lz
tools/gbagfx/gbagfx graphics/pokemon/wattrel/normal.gbapal graphics/pokemon/wattrel/normal.gbapal.lz
tools/gbagfx/gbagfx graphics/pokemon/wattrel/shiny.gbapal graphics/pokemon/wattrel/shiny.gbapal.lz
tools/gbagfx/gbagfx graphics/pokemon/weavile/back.4bpp graphics/pokemon/weavile/back.4bpp.lz
tools/gbagfx/gbagfx graphics/pokemon/weavile/backf.4bpp graphics/pokemon/weavile/backf.4bpp.lz
tools/gbagfx/gbagfx graphics/pokemon/weavile/front.4bpp graphics/pokemon/weavile/front.4bpp.lz
tools/gbagfx/gbagfx graphics/pokemon/weavile/frontf.4bpp graphics/pokemon/weavile/frontf.4bpp.lz
tools/gbagfx/gbagfx graphics/pokemon/weavile/normal.gbapal graphics/pokemon/weavile/normal.gbapal.lz
tools/gbagfx/gbagfx graphics/pokemon/weavile/shiny.gbapal graphics/pokemon/weavile/shiny.gbapal.lz
tools/gbagfx/gbagfx graphics/pokemon/weedle/back.4bpp graphics/pokemon/weedle/back.4bpp.lz
tools/gbagfx/gbagfx graphics/pokemon/weedle/front.4bpp graphics/pokemon/weedle/front.4bpp.lz
tools/gbagfx/gbagfx graphics/pokemon/weedle/normal.gbapal graphics/pokemon/weedle/normal.gbapal.lz
tools/gbagfx/gbagfx graphics/pokemon/weedle/shiny.gbapal graphics/pokemon/weedle/shiny.gbapal.lz
tools/gbagfx/gbagfx graphics/pokemon/weepinbell/back.4bpp graphics/pokemon/weepinbell/back.4bpp.lz
tools/gbagfx/gbagfx graphics/pokemon/weepinbell/front.4bpp graphics/pokemon/weepinbell/front.4bpp.lz
tools/gbagfx/gbagfx graphics/pokemon/weepinbell/normal.gbapal graphics/pokemon/weepinbell/normal.gbapal.lz
tools/gbagfx/gbagfx graphics/pokemon/weepinbell/shiny.gbapal graphics/pokemon/weepinbell/shiny.gbapal.lz
tools/gbagfx/gbagfx graphics/pokemon/weezing/back.4bpp graphics/pokemon/weezing/back.4bpp.lz
tools/gbagfx/gbagfx graphics/pokemon/weezing/front.4bpp graphics/pokemon/weezing/front.4bpp.lz
tools/gbagfx/gbagfx graphics/pokemon/weezing/galarian/back.4bpp graphics/pokemon/weezing/galarian/back.4bpp.lz
tools/gbagfx/gbagfx graphics/pokemon/weezing/galarian/front.4bpp graphics/pokemon/weezing/galarian/front.4bpp.lz
tools/gbagfx/gbagfx graphics/pokemon/weezing/galarian/normal.gbapal graphics/pokemon/weezing/galarian/normal.gbapal.lz
tools/gbagfx/gbagfx graphics/pokemon/weezing/galarian/shiny.gbapal graphics/pokemon/weezing/galarian/shiny.gbapal.lz
tools/gbagfx/gbagfx graphics/pokemon/weezing/normal.gbapal graphics/pokemon/weezing/normal.gbapal.lz
tools/gbagfx/gbagfx graphics/pokemon/weezing/shiny.gbapal graphics/pokemon/weezing/shiny.gbapal.lz
tools/gbagfx/gbagfx graphics/pokemon/whimsicott/back.4bpp graphics/pokemon/whimsicott/back.4bpp.lz
tools/gbagfx/gbagfx graphics/pokemon/whimsicott/front.4bpp graphics/pokemon/whimsicott/front.4bpp.lz
tools/gbagfx/gbagfx graphics/pokemon/whimsicott/normal.gbapal graphics/pokemon/whimsicott/normal.gbapal.lz
tools/gbagfx/gbagfx graphics/pokemon/whimsicott/shiny.gbapal graphics/pokemon/whimsicott/shiny.gbapal.lz
tools/gbagfx/gbagfx graphics/pokemon/whirlipede/back.4bpp graphics/pokemon/whirlipede/back.4bpp.lz
tools/gbagfx/gbagfx graphics/pokemon/whirlipede/front.4bpp graphics/pokemon/whirlipede/front.4bpp.lz
tools/gbagfx/gbagfx graphics/pokemon/whirlipede/normal.gbapal graphics/pokemon/whirlipede/normal.gbapal.lz
tools/gbagfx/gbagfx graphics/pokemon/whirlipede/shiny.gbapal graphics/pokemon/whirlipede/shiny.gbapal.lz
tools/gbagfx/gbagfx graphics/pokemon/whiscash/back.4bpp graphics/pokemon/whiscash/back.4bpp.lz
tools/gbagfx/gbagfx graphics/pokemon/whiscash/front.4bpp graphics/pokemon/whiscash/front.4bpp.lz
tools/gbagfx/gbagfx graphics/pokemon/whiscash/normal.gbapal graphics/pokemon/whiscash/normal.gbapal.lz
tools/gbagfx/gbagfx graphics/pokemon/whiscash/shiny.gbapal graphics/pokemon/whiscash/shiny.gbapal.lz
tools/gbagfx/gbagfx graphics/pokemon/whismur/back.4bpp graphics/pokemon/whismur/back.4bpp.lz
tools/gbagfx/gbagfx graphics/pokemon/whismur/front.4bpp graphics/pokemon/whismur/front.4bpp.lz
tools/gbagfx/gbagfx graphics/pokemon/whismur/normal.gbapal graphics/pokemon/whismur/normal.gbapal.lz
tools/gbagfx/gbagfx graphics/pokemon/whismur/shiny.gbapal graphics/pokemon/whismur/shiny.gbapal.lz
tools/gbagfx/gbagfx graphics/pokemon/wigglytuff/back.4bpp graphics/pokemon/wigglytuff/back.4bpp.lz
tools/gbagfx/gbagfx graphics/pokemon/wigglytuff/front.4bpp graphics/pokemon/wigglytuff/front.4bpp.lz
tools/gbagfx/gbagfx graphics/pokemon/wigglytuff/normal.gbapal graphics/pokemon/wigglytuff/normal.gbapal.lz
tools/gbagfx/gbagfx graphics/pokemon/wigglytuff/shiny.gbapal graphics/pokemon/wigglytuff/shiny.gbapal.lz
tools/gbagfx/gbagfx graphics/pokemon/wiglett/back.4bpp graphics/pokemon/wiglett/back.4bpp.lz
tools/gbagfx/gbagfx graphics/pokemon/wiglett/front.4bpp graphics/pokemon/wiglett/front.4bpp.lz
tools/gbagfx/gbagfx graphics/pokemon/wiglett/normal.gbapal graphics/pokemon/wiglett/normal.gbapal.lz
tools/gbagfx/gbagfx graphics/pokemon/wiglett/shiny.gbapal graphics/pokemon/wiglett/shiny.gbapal.lz
tools/gbagfx/gbagfx graphics/pokemon/wimpod/back.4bpp graphics/pokemon/wimpod/back.4bpp.lz
tools/gbagfx/gbagfx graphics/pokemon/wimpod/front.4bpp graphics/pokemon/wimpod/front.4bpp.lz
tools/gbagfx/gbagfx graphics/pokemon/wimpod/normal.gbapal graphics/pokemon/wimpod/normal.gbapal.lz
tools/gbagfx/gbagfx graphics/pokemon/wimpod/shiny.gbapal graphics/pokemon/wimpod/shiny.gbapal.lz
tools/gbagfx/gbagfx graphics/pokemon/wingull/back.4bpp graphics/pokemon/wingull/back.4bpp.lz
tools/gbagfx/gbagfx graphics/pokemon/wingull/front.4bpp graphics/pokemon/wingull/front.4bpp.lz
tools/gbagfx/gbagfx graphics/pokemon/wingull/normal.gbapal graphics/pokemon/wingull/normal.gbapal.lz
tools/gbagfx/gbagfx graphics/pokemon/wingull/shiny.gbapal graphics/pokemon/wingull/shiny.gbapal.lz
tools/gbagfx/gbagfx graphics/pokemon/wishiwashi/back.4bpp graphics/pokemon/wishiwashi/back.4bpp.lz
tools/gbagfx/gbagfx graphics/pokemon/wishiwashi/front.4bpp graphics/pokemon/wishiwashi/front.4bpp.lz
tools/gbagfx/gbagfx graphics/pokemon/wishiwashi/normal.gbapal graphics/pokemon/wishiwashi/normal.gbapal.lz
tools/gbagfx/gbagfx graphics/pokemon/wishiwashi/school/back.4bpp graphics/pokemon/wishiwashi/school/back.4bpp.lz
tools/gbagfx/gbagfx graphics/pokemon/wishiwashi/school/front.4bpp graphics/pokemon/wishiwashi/school/front.4bpp.lz
tools/gbagfx/gbagfx graphics/pokemon/wishiwashi/school/normal.gbapal graphics/pokemon/wishiwashi/school/normal.gbapal.lz
tools/gbagfx/gbagfx graphics/pokemon/wishiwashi/school/shiny.gbapal graphics/pokemon/wishiwashi/school/shiny.gbapal.lz
tools/gbagfx/gbagfx graphics/pokemon/wishiwashi/shiny.gbapal graphics/pokemon/wishiwashi/shiny.gbapal.lz
tools/gbagfx/gbagfx graphics/pokemon/wo_chien/back.4bpp graphics/pokemon/wo_chien/back.4bpp.lz
tools/gbagfx/gbagfx graphics/pokemon/wo_chien/front.4bpp graphics/pokemon/wo_chien/front.4bpp.lz
tools/gbagfx/gbagfx graphics/pokemon/wo_chien/normal.gbapal graphics/pokemon/wo_chien/normal.gbapal.lz
tools/gbagfx/gbagfx graphics/pokemon/wo_chien/shiny.gbapal graphics/pokemon/wo_chien/shiny.gbapal.lz
tools/gbagfx/gbagfx graphics/pokemon/wobbuffet/back.4bpp graphics/pokemon/wobbuffet/back.4bpp.lz
tools/gbagfx/gbagfx graphics/pokemon/wobbuffet/backf.4bpp graphics/pokemon/wobbuffet/backf.4bpp.lz
tools/gbagfx/gbagfx graphics/pokemon/wobbuffet/front.4bpp graphics/pokemon/wobbuffet/front.4bpp.lz
tools/gbagfx/gbagfx graphics/pokemon/wobbuffet/frontf.4bpp graphics/pokemon/wobbuffet/frontf.4bpp.lz
tools/gbagfx/gbagfx graphics/pokemon/wobbuffet/normal.gbapal graphics/pokemon/wobbuffet/normal.gbapal.lz
tools/gbagfx/gbagfx graphics/pokemon/wobbuffet/shiny.gbapal graphics/pokemon/wobbuffet/shiny.gbapal.lz
tools/gbagfx/gbagfx graphics/pokemon/woobat/back.4bpp graphics/pokemon/woobat/back.4bpp.lz
tools/gbagfx/gbagfx graphics/pokemon/woobat/front.4bpp graphics/pokemon/woobat/front.4bpp.lz
tools/gbagfx/gbagfx graphics/pokemon/woobat/normal.gbapal graphics/pokemon/woobat/normal.gbapal.lz
tools/gbagfx/gbagfx graphics/pokemon/woobat/shiny.gbapal graphics/pokemon/woobat/shiny.gbapal.lz
tools/gbagfx/gbagfx graphics/pokemon/wooloo/back.4bpp graphics/pokemon/wooloo/back.4bpp.lz
tools/gbagfx/gbagfx graphics/pokemon/wooloo/front.4bpp graphics/pokemon/wooloo/front.4bpp.lz
tools/gbagfx/gbagfx graphics/pokemon/wooloo/normal.gbapal graphics/pokemon/wooloo/normal.gbapal.lz
tools/gbagfx/gbagfx graphics/pokemon/wooloo/shiny.gbapal graphics/pokemon/wooloo/shiny.gbapal.lz
tools/gbagfx/gbagfx graphics/pokemon/wooper/back.4bpp graphics/pokemon/wooper/back.4bpp.lz
tools/gbagfx/gbagfx graphics/pokemon/wooper/backf.4bpp graphics/pokemon/wooper/backf.4bpp.lz
tools/gbagfx/gbagfx graphics/pokemon/wooper/front.4bpp graphics/pokemon/wooper/front.4bpp.lz
tools/gbagfx/gbagfx graphics/pokemon/wooper/frontf.4bpp graphics/pokemon/wooper/frontf.4bpp.lz
tools/gbagfx/gbagfx graphics/pokemon/wooper/normal.gbapal graphics/pokemon/wooper/normal.gbapal.lz
tools/gbagfx/gbagfx graphics/pokemon/wooper/shiny.gbapal graphics/pokemon/wooper/shiny.gbapal.lz
tools/gbagfx/gbagfx graphics/pokemon/wooper/wooper_paldea/back.4bpp graphics/pokemon/wooper/wooper_paldea/back.4bpp.lz
tools/gbagfx/gbagfx graphics/pokemon/wooper/wooper_paldea/front.4bpp graphics/pokemon/wooper/wooper_paldea/front.4bpp.lz
tools/gbagfx/gbagfx graphics/pokemon/wooper/wooper_paldea/normal.gbapal graphics/pokemon/wooper/wooper_paldea/normal.gbapal.lz
tools/gbagfx/gbagfx graphics/pokemon/wooper/wooper_paldea/shiny.gbapal graphics/pokemon/wooper/wooper_paldea/shiny.gbapal.lz
tools/gbagfx/gbagfx graphics/pokemon/wormadam/back.4bpp graphics/pokemon/wormadam/back.4bpp.lz
tools/gbagfx/gbagfx graphics/pokemon/wormadam/front.4bpp graphics/pokemon/wormadam/front.4bpp.lz
tools/gbagfx/gbagfx graphics/pokemon/wormadam/normal.gbapal graphics/pokemon/wormadam/normal.gbapal.lz
tools/gbagfx/gbagfx graphics/pokemon/wormadam/sandy_cloak/back.4bpp graphics/pokemon/wormadam/sandy_cloak/back.4bpp.lz
tools/gbagfx/gbagfx graphics/pokemon/wormadam/sandy_cloak/front.4bpp graphics/pokemon/wormadam/sandy_cloak/front.4bpp.lz
tools/gbagfx/gbagfx graphics/pokemon/wormadam/sandy_cloak/normal.gbapal graphics/pokemon/wormadam/sandy_cloak/normal.gbapal.lz
tools/gbagfx/gbagfx graphics/pokemon/wormadam/sandy_cloak/shiny.gbapal graphics/pokemon/wormadam/sandy_cloak/shiny.gbapal.lz
tools/gbagfx/gbagfx graphics/pokemon/wormadam/shiny.gbapal graphics/pokemon/wormadam/shiny.gbapal.lz
tools/gbagfx/gbagfx graphics/pokemon/wormadam/trash_cloak/back.4bpp graphics/pokemon/wormadam/trash_cloak/back.4bpp.lz
tools/gbagfx/gbagfx graphics/pokemon/wormadam/trash_cloak/front.4bpp graphics/pokemon/wormadam/trash_cloak/front.4bpp.lz
tools/gbagfx/gbagfx graphics/pokemon/wormadam/trash_cloak/normal.gbapal graphics/pokemon/wormadam/trash_cloak/normal.gbapal.lz
tools/gbagfx/gbagfx graphics/pokemon/wormadam/trash_cloak/shiny.gbapal graphics/pokemon/wormadam/trash_cloak/shiny.gbapal.lz
tools/gbagfx/gbagfx graphics/pokemon/wugtrio/back.4bpp graphics/pokemon/wugtrio/back.4bpp.lz
tools/gbagfx/gbagfx graphics/pokemon/wugtrio/front.4bpp graphics/pokemon/wugtrio/front.4bpp.lz
tools/gbagfx/gbagfx graphics/pokemon/wugtrio/normal.gbapal graphics/pokemon/wugtrio/normal.gbapal.lz
tools/gbagfx/gbagfx graphics/pokemon/wugtrio/shiny.gbapal graphics/pokemon/wugtrio/shiny.gbapal.lz
tools/gbagfx/gbagfx graphics/pokemon/wurmple/back.4bpp graphics/pokemon/wurmple/back.4bpp.lz
tools/gbagfx/gbagfx graphics/pokemon/wurmple/front.4bpp graphics/pokemon/wurmple/front.4bpp.lz
tools/gbagfx/gbagfx graphics/pokemon/wurmple/normal.gbapal graphics/pokemon/wurmple/normal.gbapal.lz
tools/gbagfx/gbagfx graphics/pokemon/wurmple/shiny.gbapal graphics/pokemon/wurmple/shiny.gbapal.lz
tools/gbagfx/gbagfx graphics/pokemon/wynaut/back.4bpp graphics/pokemon/wynaut/back.4bpp.lz
tools/gbagfx/gbagfx graphics/pokemon/wynaut/front.4bpp graphics/pokemon/wynaut/front.4bpp.lz
tools/gbagfx/gbagfx graphics/pokemon/wynaut/normal.gbapal graphics/pokemon/wynaut/normal.gbapal.lz
tools/gbagfx/gbagfx graphics/pokemon/wynaut/shiny.gbapal graphics/pokemon/wynaut/shiny.gbapal.lz
tools/gbagfx/gbagfx graphics/pokemon/wyrdeer/back.4bpp graphics/pokemon/wyrdeer/back.4bpp.lz
tools/gbagfx/gbagfx graphics/pokemon/wyrdeer/front.4bpp graphics/pokemon/wyrdeer/front.4bpp.lz
tools/gbagfx/gbagfx graphics/pokemon/wyrdeer/normal.gbapal graphics/pokemon/wyrdeer/normal.gbapal.lz
tools/gbagfx/gbagfx graphics/pokemon/wyrdeer/shiny.gbapal graphics/pokemon/wyrdeer/shiny.gbapal.lz
tools/gbagfx/gbagfx graphics/pokemon/xatu/back.4bpp graphics/pokemon/xatu/back.4bpp.lz
tools/gbagfx/gbagfx graphics/pokemon/xatu/front.4bpp graphics/pokemon/xatu/front.4bpp.lz
tools/gbagfx/gbagfx graphics/pokemon/xatu/frontf.4bpp graphics/pokemon/xatu/frontf.4bpp.lz
tools/gbagfx/gbagfx graphics/pokemon/xatu/normal.gbapal graphics/pokemon/xatu/normal.gbapal.lz
tools/gbagfx/gbagfx graphics/pokemon/xatu/shiny.gbapal graphics/pokemon/xatu/shiny.gbapal.lz
tools/gbagfx/gbagfx graphics/pokemon/xerneas/back.4bpp graphics/pokemon/xerneas/back.4bpp.lz
tools/gbagfx/gbagfx graphics/pokemon/xerneas/front.4bpp graphics/pokemon/xerneas/front.4bpp.lz
tools/gbagfx/gbagfx graphics/pokemon/xerneas/normal.gbapal graphics/pokemon/xerneas/normal.gbapal.lz
tools/gbagfx/gbagfx graphics/pokemon/xerneas/shiny.gbapal graphics/pokemon/xerneas/shiny.gbapal.lz
tools/gbagfx/gbagfx graphics/pokemon/xurkitree/back.4bpp graphics/pokemon/xurkitree/back.4bpp.lz
tools/gbagfx/gbagfx graphics/pokemon/xurkitree/front.4bpp graphics/pokemon/xurkitree/front.4bpp.lz
tools/gbagfx/gbagfx graphics/pokemon/xurkitree/normal.gbapal graphics/pokemon/xurkitree/normal.gbapal.lz
tools/gbagfx/gbagfx graphics/pokemon/xurkitree/shiny.gbapal graphics/pokemon/xurkitree/shiny.gbapal.lz
tools/gbagfx/gbagfx graphics/pokemon/yamask/back.4bpp graphics/pokemon/yamask/back.4bpp.lz
tools/gbagfx/gbagfx graphics/pokemon/yamask/front.4bpp graphics/pokemon/yamask/front.4bpp.lz
tools/gbagfx/gbagfx graphics/pokemon/yamask/galarian/back.4bpp graphics/pokemon/yamask/galarian/back.4bpp.lz
tools/gbagfx/gbagfx graphics/pokemon/yamask/galarian/front.4bpp graphics/pokemon/yamask/galarian/front.4bpp.lz
tools/gbagfx/gbagfx graphics/pokemon/yamask/galarian/normal.gbapal graphics/pokemon/yamask/galarian/normal.gbapal.lz
tools/gbagfx/gbagfx graphics/pokemon/yamask/galarian/shiny.gbapal graphics/pokemon/yamask/galarian/shiny.gbapal.lz
tools/gbagfx/gbagfx graphics/pokemon/yamask/normal.gbapal graphics/pokemon/yamask/normal.gbapal.lz
tools/gbagfx/gbagfx graphics/pokemon/yamask/shiny.gbapal graphics/pokemon/yamask/shiny.gbapal.lz
tools/gbagfx/gbagfx graphics/pokemon/yamper/back.4bpp graphics/pokemon/yamper/back.4bpp.lz
tools/gbagfx/gbagfx graphics/pokemon/yamper/front.4bpp graphics/pokemon/yamper/front.4bpp.lz
tools/gbagfx/gbagfx graphics/pokemon/yamper/normal.gbapal graphics/pokemon/yamper/normal.gbapal.lz
tools/gbagfx/gbagfx graphics/pokemon/yamper/shiny.gbapal graphics/pokemon/yamper/shiny.gbapal.lz
tools/gbagfx/gbagfx graphics/pokemon/yanma/back.4bpp graphics/pokemon/yanma/back.4bpp.lz
tools/gbagfx/gbagfx graphics/pokemon/yanma/front.4bpp graphics/pokemon/yanma/front.4bpp.lz
tools/gbagfx/gbagfx graphics/pokemon/yanma/normal.gbapal graphics/pokemon/yanma/normal.gbapal.lz
tools/gbagfx/gbagfx graphics/pokemon/yanma/shiny.gbapal graphics/pokemon/yanma/shiny.gbapal.lz
tools/gbagfx/gbagfx graphics/pokemon/yanmega/back.4bpp graphics/pokemon/yanmega/back.4bpp.lz
tools/gbagfx/gbagfx graphics/pokemon/yanmega/front.4bpp graphics/pokemon/yanmega/front.4bpp.lz
tools/gbagfx/gbagfx graphics/pokemon/yanmega/normal.gbapal graphics/pokemon/yanmega/normal.gbapal.lz
tools/gbagfx/gbagfx graphics/pokemon/yanmega/shiny.gbapal graphics/pokemon/yanmega/shiny.gbapal.lz
tools/gbagfx/gbagfx graphics/pokemon/yungoos/back.4bpp graphics/pokemon/yungoos/back.4bpp.lz
tools/gbagfx/gbagfx graphics/pokemon/yungoos/front.4bpp graphics/pokemon/yungoos/front.4bpp.lz
tools/gbagfx/gbagfx graphics/pokemon/yungoos/normal.gbapal graphics/pokemon/yungoos/normal.gbapal.lz
tools/gbagfx/gbagfx graphics/pokemon/yungoos/shiny.gbapal graphics/pokemon/yungoos/shiny.gbapal.lz
tools/gbagfx/gbagfx graphics/pokemon/yveltal/back.4bpp graphics/pokemon/yveltal/back.4bpp.lz
tools/gbagfx/gbagfx graphics/pokemon/yveltal/front.4bpp graphics/pokemon/yveltal/front.4bpp.lz
tools/gbagfx/gbagfx graphics/pokemon/yveltal/normal.gbapal graphics/pokemon/yveltal/normal.gbapal.lz
tools/gbagfx/gbagfx graphics/pokemon/yveltal/shiny.gbapal graphics/pokemon/yveltal/shiny.gbapal.lz
tools/gbagfx/gbagfx graphics/pokemon/zacian/back.4bpp graphics/pokemon/zacian/back.4bpp.lz
tools/gbagfx/gbagfx graphics/pokemon/zacian/crowned_sword/back.4bpp graphics/pokemon/zacian/crowned_sword/back.4bpp.lz
tools/gbagfx/gbagfx graphics/pokemon/zacian/crowned_sword/front.4bpp graphics/pokemon/zacian/crowned_sword/front.4bpp.lz
tools/gbagfx/gbagfx graphics/pokemon/zacian/crowned_sword/normal.gbapal graphics/pokemon/zacian/crowned_sword/normal.gbapal.lz
tools/gbagfx/gbagfx graphics/pokemon/zacian/crowned_sword/shiny.gbapal graphics/pokemon/zacian/crowned_sword/shiny.gbapal.lz
tools/gbagfx/gbagfx graphics/pokemon/zacian/front.4bpp graphics/pokemon/zacian/front.4bpp.lz
tools/gbagfx/gbagfx graphics/pokemon/zacian/normal.gbapal graphics/pokemon/zacian/normal.gbapal.lz
tools/gbagfx/gbagfx graphics/pokemon/zacian/shiny.gbapal graphics/pokemon/zacian/shiny.gbapal.lz
tools/gbagfx/gbagfx graphics/pokemon/zamazenta/back.4bpp graphics/pokemon/zamazenta/back.4bpp.lz
tools/gbagfx/gbagfx graphics/pokemon/zamazenta/crowned_shield/back.4bpp graphics/pokemon/zamazenta/crowned_shield/back.4bpp.lz
tools/gbagfx/gbagfx graphics/pokemon/zamazenta/crowned_shield/front.4bpp graphics/pokemon/zamazenta/crowned_shield/front.4bpp.lz
tools/gbagfx/gbagfx graphics/pokemon/zamazenta/crowned_shield/normal.gbapal graphics/pokemon/zamazenta/crowned_shield/normal.gbapal.lz
tools/gbagfx/gbagfx graphics/pokemon/zamazenta/crowned_shield/shiny.gbapal graphics/pokemon/zamazenta/crowned_shield/shiny.gbapal.lz
tools/gbagfx/gbagfx graphics/pokemon/zamazenta/front.4bpp graphics/pokemon/zamazenta/front.4bpp.lz
tools/gbagfx/gbagfx graphics/pokemon/zamazenta/normal.gbapal graphics/pokemon/zamazenta/normal.gbapal.lz
tools/gbagfx/gbagfx graphics/pokemon/zamazenta/shiny.gbapal graphics/pokemon/zamazenta/shiny.gbapal.lz
tools/gbagfx/gbagfx graphics/pokemon/zangoose/back.4bpp graphics/pokemon/zangoose/back.4bpp.lz
tools/gbagfx/gbagfx graphics/pokemon/zangoose/front.4bpp graphics/pokemon/zangoose/front.4bpp.lz
tools/gbagfx/gbagfx graphics/pokemon/zangoose/normal.gbapal graphics/pokemon/zangoose/normal.gbapal.lz
tools/gbagfx/gbagfx graphics/pokemon/zangoose/shiny.gbapal graphics/pokemon/zangoose/shiny.gbapal.lz
tools/gbagfx/gbagfx graphics/pokemon/zapdos/back.4bpp graphics/pokemon/zapdos/back.4bpp.lz
tools/gbagfx/gbagfx graphics/pokemon/zapdos/front.4bpp graphics/pokemon/zapdos/front.4bpp.lz
tools/gbagfx/gbagfx graphics/pokemon/zapdos/galarian/back.4bpp graphics/pokemon/zapdos/galarian/back.4bpp.lz
tools/gbagfx/gbagfx graphics/pokemon/zapdos/galarian/front.4bpp graphics/pokemon/zapdos/galarian/front.4bpp.lz
tools/gbagfx/gbagfx graphics/pokemon/zapdos/galarian/normal.gbapal graphics/pokemon/zapdos/galarian/normal.gbapal.lz
tools/gbagfx/gbagfx graphics/pokemon/zapdos/galarian/shiny.gbapal graphics/pokemon/zapdos/galarian/shiny.gbapal.lz
tools/gbagfx/gbagfx graphics/pokemon/zapdos/normal.gbapal graphics/pokemon/zapdos/normal.gbapal.lz
tools/gbagfx/gbagfx graphics/pokemon/zapdos/shiny.gbapal graphics/pokemon/zapdos/shiny.gbapal.lz
tools/gbagfx/gbagfx graphics/pokemon/zarude/back.4bpp graphics/pokemon/zarude/back.4bpp.lz
tools/gbagfx/gbagfx graphics/pokemon/zarude/dada/back.4bpp graphics/pokemon/zarude/dada/back.4bpp.lz
tools/gbagfx/gbagfx graphics/pokemon/zarude/dada/front.4bpp graphics/pokemon/zarude/dada/front.4bpp.lz
tools/gbagfx/gbagfx graphics/pokemon/zarude/dada/normal.gbapal graphics/pokemon/zarude/dada/normal.gbapal.lz
tools/gbagfx/gbagfx graphics/pokemon/zarude/dada/shiny.gbapal graphics/pokemon/zarude/dada/shiny.gbapal.lz
tools/gbagfx/gbagfx graphics/pokemon/zarude/front.4bpp graphics/pokemon/zarude/front.4bpp.lz
tools/gbagfx/gbagfx graphics/pokemon/zarude/normal.gbapal graphics/pokemon/zarude/normal.gbapal.lz
tools/gbagfx/gbagfx graphics/pokemon/zarude/shiny.gbapal graphics/pokemon/zarude/shiny.gbapal.lz
tools/gbagfx/gbagfx graphics/pokemon/zebstrika/back.4bpp graphics/pokemon/zebstrika/back.4bpp.lz
tools/gbagfx/gbagfx graphics/pokemon/zebstrika/front.4bpp graphics/pokemon/zebstrika/front.4bpp.lz
tools/gbagfx/gbagfx graphics/pokemon/zebstrika/normal.gbapal graphics/pokemon/zebstrika/normal.gbapal.lz
tools/gbagfx/gbagfx graphics/pokemon/zebstrika/shiny.gbapal graphics/pokemon/zebstrika/shiny.gbapal.lz
tools/gbagfx/gbagfx graphics/pokemon/zekrom/back.4bpp graphics/pokemon/zekrom/back.4bpp.lz
tools/gbagfx/gbagfx graphics/pokemon/zekrom/front.4bpp graphics/pokemon/zekrom/front.4bpp.lz
tools/gbagfx/gbagfx graphics/pokemon/zekrom/normal.gbapal graphics/pokemon/zekrom/normal.gbapal.lz
tools/gbagfx/gbagfx graphics/pokemon/zekrom/shiny.gbapal graphics/pokemon/zekrom/shiny.gbapal.lz
tools/gbagfx/gbagfx graphics/pokemon/zeraora/back.4bpp graphics/pokemon/zeraora/back.4bpp.lz
tools/gbagfx/gbagfx graphics/pokemon/zeraora/front.4bpp graphics/pokemon/zeraora/front.4bpp.lz
tools/gbagfx/gbagfx graphics/pokemon/zeraora/normal.gbapal graphics/pokemon/zeraora/normal.gbapal.lz
tools/gbagfx/gbagfx graphics/pokemon/zeraora/shiny.gbapal graphics/pokemon/zeraora/shiny.gbapal.lz
tools/gbagfx/gbagfx graphics/pokemon/zigzagoon/back.4bpp graphics/pokemon/zigzagoon/back.4bpp.lz
tools/gbagfx/gbagfx graphics/pokemon/zigzagoon/front.4bpp graphics/pokemon/zigzagoon/front.4bpp.lz
tools/gbagfx/gbagfx graphics/pokemon/zigzagoon/galarian/back.4bpp graphics/pokemon/zigzagoon/galarian/back.4bpp.lz
tools/gbagfx/gbagfx graphics/pokemon/zigzagoon/galarian/front.4bpp graphics/pokemon/zigzagoon/galarian/front.4bpp.lz
tools/gbagfx/gbagfx graphics/pokemon/zigzagoon/galarian/normal.gbapal graphics/pokemon/zigzagoon/galarian/normal.gbapal.lz
tools/gbagfx/gbagfx graphics/pokemon/zigzagoon/galarian/shiny.gbapal graphics/pokemon/zigzagoon/galarian/shiny.gbapal.lz
tools/gbagfx/gbagfx graphics/pokemon/zigzagoon/normal.gbapal graphics/pokemon/zigzagoon/normal.gbapal.lz
tools/gbagfx/gbagfx graphics/pokemon/zigzagoon/shiny.gbapal graphics/pokemon/zigzagoon/shiny.gbapal.lz
tools/gbagfx/gbagfx graphics/pokemon/zoroark/back.4bpp graphics/pokemon/zoroark/back.4bpp.lz
tools/gbagfx/gbagfx graphics/pokemon/zoroark/front.4bpp graphics/pokemon/zoroark/front.4bpp.lz
tools/gbagfx/gbagfx graphics/pokemon/zoroark/hisuian/back.4bpp graphics/pokemon/zoroark/hisuian/back.4bpp.lz
tools/gbagfx/gbagfx graphics/pokemon/zoroark/hisuian/front.4bpp graphics/pokemon/zoroark/hisuian/front.4bpp.lz
tools/gbagfx/gbagfx graphics/pokemon/zoroark/hisuian/normal.gbapal graphics/pokemon/zoroark/hisuian/normal.gbapal.lz
tools/gbagfx/gbagfx graphics/pokemon/zoroark/hisuian/shiny.gbapal graphics/pokemon/zoroark/hisuian/shiny.gbapal.lz
tools/gbagfx/gbagfx graphics/pokemon/zoroark/normal.gbapal graphics/pokemon/zoroark/normal.gbapal.lz
tools/gbagfx/gbagfx graphics/pokemon/zoroark/shiny.gbapal graphics/pokemon/zoroark/shiny.gbapal.lz
tools/gbagfx/gbagfx graphics/pokemon/zorua/back.4bpp graphics/pokemon/zorua/back.4bpp.lz
tools/gbagfx/gbagfx graphics/pokemon/zorua/front.4bpp graphics/pokemon/zorua/front.4bpp.lz
tools/gbagfx/gbagfx graphics/pokemon/zorua/hisuian/back.4bpp graphics/pokemon/zorua/hisuian/back.4bpp.lz
tools/gbagfx/gbagfx graphics/pokemon/zorua/hisuian/front.4bpp graphics/pokemon/zorua/hisuian/front.4bpp.lz
tools/gbagfx/gbagfx graphics/pokemon/zorua/hisuian/normal.gbapal graphics/pokemon/zorua/hisuian/normal.gbapal.lz
tools/gbagfx/gbagfx graphics/pokemon/zorua/hisuian/shiny.gbapal graphics/pokemon/zorua/hisuian/shiny.gbapal.lz
tools/gbagfx/gbagfx graphics/pokemon/zorua/normal.gbapal graphics/pokemon/zorua/normal.gbapal.lz
tools/gbagfx/gbagfx graphics/pokemon/zorua/shiny.gbapal graphics/pokemon/zorua/shiny.gbapal.lz
tools/gbagfx/gbagfx graphics/pokemon/zubat/back.4bpp graphics/pokemon/zubat/back.4bpp.lz
tools/gbagfx/gbagfx graphics/pokemon/zubat/backf.4bpp graphics/pokemon/zubat/backf.4bpp.lz
tools/gbagfx/gbagfx graphics/pokemon/zubat/front.4bpp graphics/pokemon/zubat/front.4bpp.lz
tools/gbagfx/gbagfx graphics/pokemon/zubat/frontf.4bpp graphics/pokemon/zubat/frontf.4bpp.lz
tools/gbagfx/gbagfx graphics/pokemon/zubat/normal.gbapal graphics/pokemon/zubat/normal.gbapal.lz
tools/gbagfx/gbagfx graphics/pokemon/zubat/shiny.gbapal graphics/pokemon/zubat/shiny.gbapal.lz
tools/gbagfx/gbagfx graphics/pokemon/zweilous/back.4bpp graphics/pokemon/zweilous/back.4bpp.lz
tools/gbagfx/gbagfx graphics/pokemon/zweilous/front.4bpp graphics/pokemon/zweilous/front.4bpp.lz
tools/gbagfx/gbagfx graphics/pokemon/zweilous/normal.gbapal graphics/pokemon/zweilous/normal.gbapal.lz
tools/gbagfx/gbagfx graphics/pokemon/zweilous/shiny.gbapal graphics/pokemon/zweilous/shiny.gbapal.lz
tools/gbagfx/gbagfx graphics/pokemon/zygarde/10_percent/back.4bpp graphics/pokemon/zygarde/10_percent/back.4bpp.lz
tools/gbagfx/gbagfx graphics/pokemon/zygarde/10_percent/front.4bpp graphics/pokemon/zygarde/10_percent/front.4bpp.lz
tools/gbagfx/gbagfx graphics/pokemon/zygarde/10_percent/normal.gbapal graphics/pokemon/zygarde/10_percent/normal.gbapal.lz
tools/gbagfx/gbagfx graphics/pokemon/zygarde/10_percent/shiny.gbapal graphics/pokemon/zygarde/10_percent/shiny.gbapal.lz
tools/gbagfx/gbagfx graphics/pokemon/zygarde/back.4bpp graphics/pokemon/zygarde/back.4bpp.lz
tools/gbagfx/gbagfx graphics/pokemon/zygarde/complete/back.4bpp graphics/pokemon/zygarde/complete/back.4bpp.lz
tools/gbagfx/gbagfx graphics/pokemon/zygarde/complete/front.4bpp graphics/pokemon/zygarde/complete/front.4bpp.lz
tools/gbagfx/gbagfx graphics/pokemon/zygarde/complete/normal.gbapal graphics/pokemon/zygarde/complete/normal.gbapal.lz
tools/gbagfx/gbagfx graphics/pokemon/zygarde/complete/shiny.gbapal graphics/pokemon/zygarde/complete/shiny.gbapal.lz
tools/gbagfx/gbagfx graphics/pokemon/zygarde/front.4bpp graphics/pokemon/zygarde/front.4bpp.lz
tools/gbagfx/gbagfx graphics/pokemon/zygarde/normal.gbapal graphics/pokemon/zygarde/normal.gbapal.lz
tools/gbagfx/gbagfx graphics/pokemon/zygarde/shiny.gbapal graphics/pokemon/zygarde/shiny.gbapal.lz
tools/gbagfx/gbagfx graphics/pokemon_storage/menu.4bpp graphics/pokemon_storage/menu.4bpp.lz
tools/gbagfx/gbagfx graphics/shop_menu/shop_menu.4bpp graphics/shop_menu/shop_menu.4bpp.lz
tools/gbagfx/gbagfx graphics/shop_menu/shop_menu.gbapal graphics/shop_menu/shop_menu.gbapal.lz
tools/gbagfx/gbagfx graphics/summary_screen/bg.4bpp graphics/summary_screen/bg.4bpp.lz
tools/gbagfx/gbagfx graphics/summary_screen/exp_bar.4bpp graphics/summary_screen/exp_bar.4bpp.lz
tools/gbagfx/gbagfx graphics/summary_screen/hp_bar.4bpp graphics/summary_screen/hp_bar.4bpp.lz
tools/gbagfx/gbagfx graphics/summary_screen/status_ailment_icons.4bpp graphics/summary_screen/status_ailment_icons.4bpp.lz
tools/gbagfx/gbagfx graphics/teachy_tv/border.4bpp graphics/teachy_tv/border.4bpp.lz
tools/gbagfx/gbagfx graphics/teachy_tv/tiles.4bpp graphics/teachy_tv/tiles.4bpp.lz
tools/gbagfx/gbagfx graphics/teachy_tv/tiles.gbapal graphics/teachy_tv/tiles.gbapal.lz
tools/gbagfx/gbagfx graphics/title_screen/blank_sprite.4bpp graphics/title_screen/blank_sprite.4bpp.lz
tools/gbagfx/gbagfx graphics/title_screen/copyright_press_start.4bpp graphics/title_screen/copyright_press_start.4bpp.lz
tools/gbagfx/gbagfx graphics/title_screen/firered/box_art_mon.4bpp graphics/title_screen/firered/box_art_mon.4bpp.lz
tools/gbagfx/gbagfx graphics/title_screen/firered/game_title_logo.8bpp graphics/title_screen/firered/game_title_logo.8bpp.lz
tools/gbagfx/gbagfx graphics/title_screen/leafgreen/box_art_mon.4bpp graphics/title_screen/leafgreen/box_art_mon.4bpp.lz
tools/gbagfx/gbagfx graphics/title_screen/leafgreen/game_title_logo.8bpp graphics/title_screen/leafgreen/game_title_logo.8bpp.lz
tools/gbagfx/gbagfx graphics/tm_case/disc.4bpp graphics/tm_case/disc.4bpp.lz
tools/gbagfx/gbagfx graphics/tm_case/disc_types_1.gbapal graphics/tm_case/disc_types_1.gbapal.lz
tools/gbagfx/gbagfx graphics/tm_case/disc_types_2.gbapal graphics/tm_case/disc_types_2.gbapal.lz
tools/gbagfx/gbagfx graphics/tm_case/menu_female.gbapal graphics/tm_case/menu_female.gbapal.lz
tools/gbagfx/gbagfx graphics/tm_case/menu_male.gbapal graphics/tm_case/menu_male.gbapal.lz
tools/gbagfx/gbagfx graphics/tm_case/tm_case.4bpp graphics/tm_case/tm_case.4bpp.lz
tools/gbagfx/gbagfx graphics/trainer_card/rse/tiles.4bpp graphics/trainer_card/rse/tiles.4bpp.lz
tools/gbagfx/gbagfx graphics/trainer_card/tiles.4bpp graphics/trainer_card/tiles.4bpp.lz
tools/gbagfx/gbagfx graphics/trainers/front_pics/aqua_admin_f_front_pic.4bpp graphics/trainers/front_pics/aqua_admin_f_front_pic.4bpp.lz
tools/gbagfx/gbagfx graphics/trainers/front_pics/aqua_admin_m_front_pic.4bpp graphics/trainers/front_pics/aqua_admin_m_front_pic.4bpp.lz
tools/gbagfx/gbagfx graphics/trainers/front_pics/aqua_grunt_f_front_pic.4bpp graphics/trainers/front_pics/aqua_grunt_f_front_pic.4bpp.lz
tools/gbagfx/gbagfx graphics/trainers/front_pics/aqua_grunt_m_front_pic.4bpp graphics/trainers/front_pics/aqua_grunt_m_front_pic.4bpp.lz
tools/gbagfx/gbagfx graphics/trainers/front_pics/aqua_leader_archie_front_pic.4bpp graphics/trainers/front_pics/aqua_leader_archie_front_pic.4bpp.lz
tools/gbagfx/gbagfx graphics/trainers/front_pics/aroma_lady_front_pic.4bpp graphics/trainers/front_pics/aroma_lady_front_pic.4bpp.lz
tools/gbagfx/gbagfx graphics/trainers/front_pics/battle_girl_front_pic.4bpp graphics/trainers/front_pics/battle_girl_front_pic.4bpp.lz
tools/gbagfx/gbagfx graphics/trainers/front_pics/beauty_front_pic.4bpp graphics/trainers/front_pics/beauty_front_pic.4bpp.lz
tools/gbagfx/gbagfx graphics/trainers/front_pics/biker_front_pic.4bpp graphics/trainers/front_pics/biker_front_pic.4bpp.lz
tools/gbagfx/gbagfx graphics/trainers/front_pics/bird_keeper_front_pic.4bpp graphics/trainers/front_pics/bird_keeper_front_pic.4bpp.lz
tools/gbagfx/gbagfx graphics/trainers/front_pics/black_belt_front_pic.4bpp graphics/trainers/front_pics/black_belt_front_pic.4bpp.lz
tools/gbagfx/gbagfx graphics/trainers/front_pics/bug_catcher_front_pic.4bpp graphics/trainers/front_pics/bug_catcher_front_pic.4bpp.lz
tools/gbagfx/gbagfx graphics/trainers/front_pics/bug_maniac_front_pic.4bpp graphics/trainers/front_pics/bug_maniac_front_pic.4bpp.lz
tools/gbagfx/gbagfx graphics/trainers/front_pics/burglar_front_pic.4bpp graphics/trainers/front_pics/burglar_front_pic.4bpp.lz
tools/gbagfx/gbagfx graphics/trainers/front_pics/camper_front_pic.4bpp graphics/trainers/front_pics/camper_front_pic.4bpp.lz
tools/gbagfx/gbagfx graphics/trainers/front_pics/champion_rival_front_pic.4bpp graphics/trainers/front_pics/champion_rival_front_pic.4bpp.lz
tools/gbagfx/gbagfx graphics/trainers/front_pics/champion_steven_front_pic.4bpp graphics/trainers/front_pics/champion_steven_front_pic.4bpp.lz
tools/gbagfx/gbagfx graphics/trainers/front_pics/channeler_front_pic.4bpp graphics/trainers/front_pics/channeler_front_pic.4bpp.lz
tools/gbagfx/gbagfx graphics/trainers/front_pics/collector_front_pic.4bpp graphics/trainers/front_pics/collector_front_pic.4bpp.lz
tools/gbagfx/gbagfx graphics/trainers/front_pics/cool_couple_front_pic.4bpp graphics/trainers/front_pics/cool_couple_front_pic.4bpp.lz
tools/gbagfx/gbagfx graphics/trainers/front_pics/cool_trainer_f_front_pic.4bpp graphics/trainers/front_pics/cool_trainer_f_front_pic.4bpp.lz
tools/gbagfx/gbagfx graphics/trainers/front_pics/cool_trainer_m_front_pic.4bpp graphics/trainers/front_pics/cool_trainer_m_front_pic.4bpp.lz
tools/gbagfx/gbagfx graphics/trainers/front_pics/crush_girl_front_pic.4bpp graphics/trainers/front_pics/crush_girl_front_pic.4bpp.lz
tools/gbagfx/gbagfx graphics/trainers/front_pics/crush_kin_front_pic.4bpp graphics/trainers/front_pics/crush_kin_front_pic.4bpp.lz
tools/gbagfx/gbagfx graphics/trainers/front_pics/cue_ball_front_pic.4bpp graphics/trainers/front_pics/cue_ball_front_pic.4bpp.lz
tools/gbagfx/gbagfx graphics/trainers/front_pics/cycling_triathlete_f_front_pic.4bpp graphics/trainers/front_pics/cycling_triathlete_f_front_pic.4bpp.lz
tools/gbagfx/gbagfx graphics/trainers/front_pics/cycling_triathlete_m_front_pic.4bpp graphics/trainers/front_pics/cycling_triathlete_m_front_pic.4bpp.lz
tools/gbagfx/gbagfx graphics/trainers/front_pics/dragon_tamer_front_pic.4bpp graphics/trainers/front_pics/dragon_tamer_front_pic.4bpp.lz
tools/gbagfx/gbagfx graphics/trainers/front_pics/elite_four_agatha_front_pic.4bpp graphics/trainers/front_pics/elite_four_agatha_front_pic.4bpp.lz
tools/gbagfx/gbagfx graphics/trainers/front_pics/elite_four_bruno_front_pic.4bpp graphics/trainers/front_pics/elite_four_bruno_front_pic.4bpp.lz
tools/gbagfx/gbagfx graphics/trainers/front_pics/elite_four_drake_front_pic.4bpp graphics/trainers/front_pics/elite_four_drake_front_pic.4bpp.lz
tools/gbagfx/gbagfx graphics/trainers/front_pics/elite_four_glacia_front_pic.4bpp graphics/trainers/front_pics/elite_four_glacia_front_pic.4bpp.lz
tools/gbagfx/gbagfx graphics/trainers/front_pics/elite_four_lance_front_pic.4bpp graphics/trainers/front_pics/elite_four_lance_front_pic.4bpp.lz
tools/gbagfx/gbagfx graphics/trainers/front_pics/elite_four_lorelei_front_pic.4bpp graphics/trainers/front_pics/elite_four_lorelei_front_pic.4bpp.lz
tools/gbagfx/gbagfx graphics/trainers/front_pics/elite_four_phoebe_front_pic.4bpp graphics/trainers/front_pics/elite_four_phoebe_front_pic.4bpp.lz
tools/gbagfx/gbagfx graphics/trainers/front_pics/elite_four_sidney_front_pic.4bpp graphics/trainers/front_pics/elite_four_sidney_front_pic.4bpp.lz
tools/gbagfx/gbagfx graphics/trainers/front_pics/engineer_front_pic.4bpp graphics/trainers/front_pics/engineer_front_pic.4bpp.lz
tools/gbagfx/gbagfx graphics/trainers/front_pics/expert_f_front_pic.4bpp graphics/trainers/front_pics/expert_f_front_pic.4bpp.lz
tools/gbagfx/gbagfx graphics/trainers/front_pics/expert_m_front_pic.4bpp graphics/trainers/front_pics/expert_m_front_pic.4bpp.lz
tools/gbagfx/gbagfx graphics/trainers/front_pics/fisherman_front_pic.4bpp graphics/trainers/front_pics/fisherman_front_pic.4bpp.lz
tools/gbagfx/gbagfx graphics/trainers/front_pics/gamer_front_pic.4bpp graphics/trainers/front_pics/gamer_front_pic.4bpp.lz
tools/gbagfx/gbagfx graphics/trainers/front_pics/gentleman_front_pic.4bpp graphics/trainers/front_pics/gentleman_front_pic.4bpp.lz
tools/gbagfx/gbagfx graphics/trainers/front_pics/guitarist_front_pic.4bpp graphics/trainers/front_pics/guitarist_front_pic.4bpp.lz
tools/gbagfx/gbagfx graphics/trainers/front_pics/hex_maniac_front_pic.4bpp graphics/trainers/front_pics/hex_maniac_front_pic.4bpp.lz
tools/gbagfx/gbagfx graphics/trainers/front_pics/hiker_front_pic.4bpp graphics/trainers/front_pics/hiker_front_pic.4bpp.lz
tools/gbagfx/gbagfx graphics/trainers/front_pics/interviewer_front_pic.4bpp graphics/trainers/front_pics/interviewer_front_pic.4bpp.lz
tools/gbagfx/gbagfx graphics/trainers/front_pics/juggler_front_pic.4bpp graphics/trainers/front_pics/juggler_front_pic.4bpp.lz
tools/gbagfx/gbagfx graphics/trainers/front_pics/kindler_front_pic.4bpp graphics/trainers/front_pics/kindler_front_pic.4bpp.lz
tools/gbagfx/gbagfx graphics/trainers/front_pics/lady_front_pic.4bpp graphics/trainers/front_pics/lady_front_pic.4bpp.lz
tools/gbagfx/gbagfx graphics/trainers/front_pics/lass_front_pic.4bpp graphics/trainers/front_pics/lass_front_pic.4bpp.lz
tools/gbagfx/gbagfx graphics/trainers/front_pics/leader_blaine_front_pic.4bpp graphics/trainers/front_pics/leader_blaine_front_pic.4bpp.lz
tools/gbagfx/gbagfx graphics/trainers/front_pics/leader_brawly_front_pic.4bpp graphics/trainers/front_pics/leader_brawly_front_pic.4bpp.lz
tools/gbagfx/gbagfx graphics/trainers/front_pics/leader_brock_front_pic.4bpp graphics/trainers/front_pics/leader_brock_front_pic.4bpp.lz
tools/gbagfx/gbagfx graphics/trainers/front_pics/leader_erika_front_pic.4bpp graphics/trainers/front_pics/leader_erika_front_pic.4bpp.lz
tools/gbagfx/gbagfx graphics/trainers/front_pics/leader_flannery_front_pic.4bpp graphics/trainers/front_pics/leader_flannery_front_pic.4bpp.lz
tools/gbagfx/gbagfx graphics/trainers/front_pics/leader_giovanni_front_pic.4bpp graphics/trainers/front_pics/leader_giovanni_front_pic.4bpp.lz
tools/gbagfx/gbagfx graphics/trainers/front_pics/leader_koga_front_pic.4bpp graphics/trainers/front_pics/leader_koga_front_pic.4bpp.lz
tools/gbagfx/gbagfx graphics/trainers/front_pics/leader_lt_surge_front_pic.4bpp graphics/trainers/front_pics/leader_lt_surge_front_pic.4bpp.lz
tools/gbagfx/gbagfx graphics/trainers/front_pics/leader_misty_front_pic.4bpp graphics/trainers/front_pics/leader_misty_front_pic.4bpp.lz
tools/gbagfx/gbagfx graphics/trainers/front_pics/leader_norman_front_pic.4bpp graphics/trainers/front_pics/leader_norman_front_pic.4bpp.lz
tools/gbagfx/gbagfx graphics/trainers/front_pics/leader_roxanne_front_pic.4bpp graphics/trainers/front_pics/leader_roxanne_front_pic.4bpp.lz
tools/gbagfx/gbagfx graphics/trainers/front_pics/leader_sabrina_front_pic.4bpp graphics/trainers/front_pics/leader_sabrina_front_pic.4bpp.lz
tools/gbagfx/gbagfx graphics/trainers/front_pics/leader_tate_and_liza_front_pic.4bpp graphics/trainers/front_pics/leader_tate_and_liza_front_pic.4bpp.lz
tools/gbagfx/gbagfx graphics/trainers/front_pics/leader_wallace_front_pic.4bpp graphics/trainers/front_pics/leader_wallace_front_pic.4bpp.lz
tools/gbagfx/gbagfx graphics/trainers/front_pics/leader_wattson_front_pic.4bpp graphics/trainers/front_pics/leader_wattson_front_pic.4bpp.lz
tools/gbagfx/gbagfx graphics/trainers/front_pics/leader_winona_front_pic.4bpp graphics/trainers/front_pics/leader_winona_front_pic.4bpp.lz
tools/gbagfx/gbagfx graphics/trainers/front_pics/leaf_front_pic.4bpp graphics/trainers/front_pics/leaf_front_pic.4bpp.lz
tools/gbagfx/gbagfx graphics/trainers/front_pics/magma_admin_f_front_pic.4bpp graphics/trainers/front_pics/magma_admin_f_front_pic.4bpp.lz
tools/gbagfx/gbagfx graphics/trainers/front_pics/magma_admin_m_front_pic.4bpp graphics/trainers/front_pics/magma_admin_m_front_pic.4bpp.lz
tools/gbagfx/gbagfx graphics/trainers/front_pics/magma_grunt_f_front_pic.4bpp graphics/trainers/front_pics/magma_grunt_f_front_pic.4bpp.lz
tools/gbagfx/gbagfx graphics/trainers/front_pics/magma_grunt_m_front_pic.4bpp graphics/trainers/front_pics/magma_grunt_m_front_pic.4bpp.lz
tools/gbagfx/gbagfx graphics/trainers/front_pics/magma_leader_maxie_front_pic.4bpp graphics/trainers/front_pics/magma_leader_maxie_front_pic.4bpp.lz
tools/gbagfx/gbagfx graphics/trainers/front_pics/ninja_boy_front_pic.4bpp graphics/trainers/front_pics/ninja_boy_front_pic.4bpp.lz
tools/gbagfx/gbagfx graphics/trainers/front_pics/old_couple_front_pic.4bpp graphics/trainers/front_pics/old_couple_front_pic.4bpp.lz
tools/gbagfx/gbagfx graphics/trainers/front_pics/painter_front_pic.4bpp graphics/trainers/front_pics/painter_front_pic.4bpp.lz
tools/gbagfx/gbagfx graphics/trainers/front_pics/parasol_lady_front_pic.4bpp graphics/trainers/front_pics/parasol_lady_front_pic.4bpp.lz
tools/gbagfx/gbagfx graphics/trainers/front_pics/picnicker_front_pic.4bpp graphics/trainers/front_pics/picnicker_front_pic.4bpp.lz
tools/gbagfx/gbagfx graphics/trainers/front_pics/pokefan_f_front_pic.4bpp graphics/trainers/front_pics/pokefan_f_front_pic.4bpp.lz
tools/gbagfx/gbagfx graphics/trainers/front_pics/pokefan_m_front_pic.4bpp graphics/trainers/front_pics/pokefan_m_front_pic.4bpp.lz
tools/gbagfx/gbagfx graphics/trainers/front_pics/pokemaniac_front_pic.4bpp graphics/trainers/front_pics/pokemaniac_front_pic.4bpp.lz
tools/gbagfx/gbagfx graphics/trainers/front_pics/pokemon_breeder_front_pic.4bpp graphics/trainers/front_pics/pokemon_breeder_front_pic.4bpp.lz
tools/gbagfx/gbagfx graphics/trainers/front_pics/pokemon_ranger_f_front_pic.4bpp graphics/trainers/front_pics/pokemon_ranger_f_front_pic.4bpp.lz
tools/gbagfx/gbagfx graphics/trainers/front_pics/pokemon_ranger_m_front_pic.4bpp graphics/trainers/front_pics/pokemon_ranger_m_front_pic.4bpp.lz
tools/gbagfx/gbagfx graphics/trainers/front_pics/professor_oak_front_pic.4bpp graphics/trainers/front_pics/professor_oak_front_pic.4bpp.lz
tools/gbagfx/gbagfx graphics/trainers/front_pics/psychic_f_front_pic.4bpp graphics/trainers/front_pics/psychic_f_front_pic.4bpp.lz
tools/gbagfx/gbagfx graphics/trainers/front_pics/psychic_m_front_pic.4bpp graphics/trainers/front_pics/psychic_m_front_pic.4bpp.lz
tools/gbagfx/gbagfx graphics/trainers/front_pics/red_front_pic.4bpp graphics/trainers/front_pics/red_front_pic.4bpp.lz
tools/gbagfx/gbagfx graphics/trainers/front_pics/rich_boy_front_pic.4bpp graphics/trainers/front_pics/rich_boy_front_pic.4bpp.lz
tools/gbagfx/gbagfx graphics/trainers/front_pics/rival_early_front_pic.4bpp graphics/trainers/front_pics/rival_early_front_pic.4bpp.lz
tools/gbagfx/gbagfx graphics/trainers/front_pics/rival_late_front_pic.4bpp graphics/trainers/front_pics/rival_late_front_pic.4bpp.lz
tools/gbagfx/gbagfx graphics/trainers/front_pics/rocker_front_pic.4bpp graphics/trainers/front_pics/rocker_front_pic.4bpp.lz
tools/gbagfx/gbagfx graphics/trainers/front_pics/rocket_grunt_f_front_pic.4bpp graphics/trainers/front_pics/rocket_grunt_f_front_pic.4bpp.lz
tools/gbagfx/gbagfx graphics/trainers/front_pics/rocket_grunt_m_front_pic.4bpp graphics/trainers/front_pics/rocket_grunt_m_front_pic.4bpp.lz
tools/gbagfx/gbagfx graphics/trainers/front_pics/rs_aroma_lady_front_pic.4bpp graphics/trainers/front_pics/rs_aroma_lady_front_pic.4bpp.lz
tools/gbagfx/gbagfx graphics/trainers/front_pics/rs_beauty_front_pic.4bpp graphics/trainers/front_pics/rs_beauty_front_pic.4bpp.lz
tools/gbagfx/gbagfx graphics/trainers/front_pics/rs_bird_keeper_front_pic.4bpp graphics/trainers/front_pics/rs_bird_keeper_front_pic.4bpp.lz
tools/gbagfx/gbagfx graphics/trainers/front_pics/rs_black_belt_front_pic.4bpp graphics/trainers/front_pics/rs_black_belt_front_pic.4bpp.lz
tools/gbagfx/gbagfx graphics/trainers/front_pics/rs_bug_catcher_front_pic.4bpp graphics/trainers/front_pics/rs_bug_catcher_front_pic.4bpp.lz
tools/gbagfx/gbagfx graphics/trainers/front_pics/rs_camper_front_pic.4bpp graphics/trainers/front_pics/rs_camper_front_pic.4bpp.lz
tools/gbagfx/gbagfx graphics/trainers/front_pics/rs_cool_trainer_f_front_pic.4bpp graphics/trainers/front_pics/rs_cool_trainer_f_front_pic.4bpp.lz
tools/gbagfx/gbagfx graphics/trainers/front_pics/rs_cool_trainer_m_front_pic.4bpp graphics/trainers/front_pics/rs_cool_trainer_m_front_pic.4bpp.lz
tools/gbagfx/gbagfx graphics/trainers/front_pics/rs_fisherman_front_pic.4bpp graphics/trainers/front_pics/rs_fisherman_front_pic.4bpp.lz
tools/gbagfx/gbagfx graphics/trainers/front_pics/rs_gentleman_front_pic.4bpp graphics/trainers/front_pics/rs_gentleman_front_pic.4bpp.lz
tools/gbagfx/gbagfx graphics/trainers/front_pics/rs_hiker_front_pic.4bpp graphics/trainers/front_pics/rs_hiker_front_pic.4bpp.lz
tools/gbagfx/gbagfx graphics/trainers/front_pics/rs_lady_front_pic.4bpp graphics/trainers/front_pics/rs_lady_front_pic.4bpp.lz
tools/gbagfx/gbagfx graphics/trainers/front_pics/rs_lass_front_pic.4bpp graphics/trainers/front_pics/rs_lass_front_pic.4bpp.lz
tools/gbagfx/gbagfx graphics/trainers/front_pics/rs_picnicker_front_pic.4bpp graphics/trainers/front_pics/rs_picnicker_front_pic.4bpp.lz
tools/gbagfx/gbagfx graphics/trainers/front_pics/rs_pokemaniac_front_pic.4bpp graphics/trainers/front_pics/rs_pokemaniac_front_pic.4bpp.lz
tools/gbagfx/gbagfx graphics/trainers/front_pics/rs_pokemon_breeder_f_front_pic.4bpp graphics/trainers/front_pics/rs_pokemon_breeder_f_front_pic.4bpp.lz
tools/gbagfx/gbagfx graphics/trainers/front_pics/rs_pokemon_breeder_m_front_pic.4bpp graphics/trainers/front_pics/rs_pokemon_breeder_m_front_pic.4bpp.lz
tools/gbagfx/gbagfx graphics/trainers/front_pics/rs_pokemon_ranger_f_front_pic.4bpp graphics/trainers/front_pics/rs_pokemon_ranger_f_front_pic.4bpp.lz
tools/gbagfx/gbagfx graphics/trainers/front_pics/rs_pokemon_ranger_m_front_pic.4bpp graphics/trainers/front_pics/rs_pokemon_ranger_m_front_pic.4bpp.lz
tools/gbagfx/gbagfx graphics/trainers/front_pics/rs_psychic_f_front_pic.4bpp graphics/trainers/front_pics/rs_psychic_f_front_pic.4bpp.lz
tools/gbagfx/gbagfx graphics/trainers/front_pics/rs_psychic_m_front_pic.4bpp graphics/trainers/front_pics/rs_psychic_m_front_pic.4bpp.lz
tools/gbagfx/gbagfx graphics/trainers/front_pics/rs_ruin_maniac_front_pic.4bpp graphics/trainers/front_pics/rs_ruin_maniac_front_pic.4bpp.lz
tools/gbagfx/gbagfx graphics/trainers/front_pics/rs_sailor_front_pic.4bpp graphics/trainers/front_pics/rs_sailor_front_pic.4bpp.lz
tools/gbagfx/gbagfx graphics/trainers/front_pics/rs_sis_and_bro_front_pic.4bpp graphics/trainers/front_pics/rs_sis_and_bro_front_pic.4bpp.lz
tools/gbagfx/gbagfx graphics/trainers/front_pics/rs_swimmer_f_front_pic.4bpp graphics/trainers/front_pics/rs_swimmer_f_front_pic.4bpp.lz
tools/gbagfx/gbagfx graphics/trainers/front_pics/rs_swimmer_m_front_pic.4bpp graphics/trainers/front_pics/rs_swimmer_m_front_pic.4bpp.lz
tools/gbagfx/gbagfx graphics/trainers/front_pics/rs_tuber_f_front_pic.4bpp graphics/trainers/front_pics/rs_tuber_f_front_pic.4bpp.lz
tools/gbagfx/gbagfx graphics/trainers/front_pics/rs_twins_front_pic.4bpp graphics/trainers/front_pics/rs_twins_front_pic.4bpp.lz
tools/gbagfx/gbagfx graphics/trainers/front_pics/rs_young_couple_front_pic.4bpp graphics/trainers/front_pics/rs_young_couple_front_pic.4bpp.lz
tools/gbagfx/gbagfx graphics/trainers/front_pics/rs_youngster_front_pic.4bpp graphics/trainers/front_pics/rs_youngster_front_pic.4bpp.lz
tools/gbagfx/gbagfx graphics/trainers/front_pics/ruby_sapphire_brendan_front_pic.4bpp graphics/trainers/front_pics/ruby_sapphire_brendan_front_pic.4bpp.lz
tools/gbagfx/gbagfx graphics/trainers/front_pics/ruby_sapphire_may_front_pic.4bpp graphics/trainers/front_pics/ruby_sapphire_may_front_pic.4bpp.lz
tools/gbagfx/gbagfx graphics/trainers/front_pics/ruin_maniac_front_pic.4bpp graphics/trainers/front_pics/ruin_maniac_front_pic.4bpp.lz
tools/gbagfx/gbagfx graphics/trainers/front_pics/running_triathlete_f_front_pic.4bpp graphics/trainers/front_pics/running_triathlete_f_front_pic.4bpp.lz
tools/gbagfx/gbagfx graphics/trainers/front_pics/running_triathlete_m_front_pic.4bpp graphics/trainers/front_pics/running_triathlete_m_front_pic.4bpp.lz
tools/gbagfx/gbagfx graphics/trainers/front_pics/sailor_front_pic.4bpp graphics/trainers/front_pics/sailor_front_pic.4bpp.lz
tools/gbagfx/gbagfx graphics/trainers/front_pics/school_kid_f_front_pic.4bpp graphics/trainers/front_pics/school_kid_f_front_pic.4bpp.lz
tools/gbagfx/gbagfx graphics/trainers/front_pics/school_kid_m_front_pic.4bpp graphics/trainers/front_pics/school_kid_m_front_pic.4bpp.lz
tools/gbagfx/gbagfx graphics/trainers/front_pics/scientist_front_pic.4bpp graphics/trainers/front_pics/scientist_front_pic.4bpp.lz
tools/gbagfx/gbagfx graphics/trainers/front_pics/sis_and_bro_front_pic.4bpp graphics/trainers/front_pics/sis_and_bro_front_pic.4bpp.lz
tools/gbagfx/gbagfx graphics/trainers/front_pics/sr_and_jr_front_pic.4bpp graphics/trainers/front_pics/sr_and_jr_front_pic.4bpp.lz
tools/gbagfx/gbagfx graphics/trainers/front_pics/super_nerd_front_pic.4bpp graphics/trainers/front_pics/super_nerd_front_pic.4bpp.lz
tools/gbagfx/gbagfx graphics/trainers/front_pics/swimmer_f_front_pic.4bpp graphics/trainers/front_pics/swimmer_f_front_pic.4bpp.lz
tools/gbagfx/gbagfx graphics/trainers/front_pics/swimmer_m_front_pic.4bpp graphics/trainers/front_pics/swimmer_m_front_pic.4bpp.lz
tools/gbagfx/gbagfx graphics/trainers/front_pics/swimming_triathlete_f_front_pic.4bpp graphics/trainers/front_pics/swimming_triathlete_f_front_pic.4bpp.lz
tools/gbagfx/gbagfx graphics/trainers/front_pics/swimming_triathlete_m_front_pic.4bpp graphics/trainers/front_pics/swimming_triathlete_m_front_pic.4bpp.lz
tools/gbagfx/gbagfx graphics/trainers/front_pics/tamer_front_pic.4bpp graphics/trainers/front_pics/tamer_front_pic.4bpp.lz
tools/gbagfx/gbagfx graphics/trainers/front_pics/tuber_f_front_pic.4bpp graphics/trainers/front_pics/tuber_f_front_pic.4bpp.lz
tools/gbagfx/gbagfx graphics/trainers/front_pics/tuber_m_front_pic.4bpp graphics/trainers/front_pics/tuber_m_front_pic.4bpp.lz
tools/gbagfx/gbagfx graphics/trainers/front_pics/twins_front_pic.4bpp graphics/trainers/front_pics/twins_front_pic.4bpp.lz
tools/gbagfx/gbagfx graphics/trainers/front_pics/wally_front_pic.4bpp graphics/trainers/front_pics/wally_front_pic.4bpp.lz
tools/gbagfx/gbagfx graphics/trainers/front_pics/young_couple_front_pic.4bpp graphics/trainers/front_pics/young_couple_front_pic.4bpp.lz
tools/gbagfx/gbagfx graphics/trainers/front_pics/youngster_front_pic.4bpp graphics/trainers/front_pics/youngster_front_pic.4bpp.lz
tools/gbagfx/gbagfx graphics/trainers/palettes/aqua_admin_f.gbapal graphics/trainers/palettes/aqua_admin_f.gbapal.lz
tools/gbagfx/gbagfx graphics/trainers/palettes/aqua_admin_m.gbapal graphics/trainers/palettes/aqua_admin_m.gbapal.lz
tools/gbagfx/gbagfx graphics/trainers/palettes/aqua_grunt_f.gbapal graphics/trainers/palettes/aqua_grunt_f.gbapal.lz
tools/gbagfx/gbagfx graphics/trainers/palettes/aqua_grunt_m.gbapal graphics/trainers/palettes/aqua_grunt_m.gbapal.lz
tools/gbagfx/gbagfx graphics/trainers/palettes/aqua_leader_archie.gbapal graphics/trainers/palettes/aqua_leader_archie.gbapal.lz
tools/gbagfx/gbagfx graphics/trainers/palettes/aroma_lady.gbapal graphics/trainers/palettes/aroma_lady.gbapal.lz
tools/gbagfx/gbagfx graphics/trainers/palettes/battle_girl.gbapal graphics/trainers/palettes/battle_girl.gbapal.lz
tools/gbagfx/gbagfx graphics/trainers/palettes/beauty.gbapal graphics/trainers/palettes/beauty.gbapal.lz
tools/gbagfx/gbagfx graphics/trainers/palettes/biker.gbapal graphics/trainers/palettes/biker.gbapal.lz
tools/gbagfx/gbagfx graphics/trainers/palettes/bird_keeper.gbapal graphics/trainers/palettes/bird_keeper.gbapal.lz
tools/gbagfx/gbagfx graphics/trainers/palettes/black_belt.gbapal graphics/trainers/palettes/black_belt.gbapal.lz
tools/gbagfx/gbagfx graphics/trainers/palettes/bug_catcher.gbapal graphics/trainers/palettes/bug_catcher.gbapal.lz
tools/gbagfx/gbagfx graphics/trainers/palettes/bug_maniac.gbapal graphics/trainers/palettes/bug_maniac.gbapal.lz
tools/gbagfx/gbagfx graphics/trainers/palettes/burglar.gbapal graphics/trainers/palettes/burglar.gbapal.lz
tools/gbagfx/gbagfx graphics/trainers/palettes/camper.gbapal graphics/trainers/palettes/camper.gbapal.lz
tools/gbagfx/gbagfx graphics/trainers/palettes/champion_rival.gbapal graphics/trainers/palettes/champion_rival.gbapal.lz
tools/gbagfx/gbagfx graphics/trainers/palettes/champion_steven.gbapal graphics/trainers/palettes/champion_steven.gbapal.lz
tools/gbagfx/gbagfx graphics/trainers/palettes/channeler.gbapal graphics/trainers/palettes/channeler.gbapal.lz
tools/gbagfx/gbagfx graphics/trainers/palettes/collector.gbapal graphics/trainers/palettes/collector.gbapal.lz
tools/gbagfx/gbagfx graphics/trainers/palettes/cool_couple.gbapal graphics/trainers/palettes/cool_couple.gbapal.lz
tools/gbagfx/gbagfx graphics/trainers/palettes/cool_trainer_f.gbapal graphics/trainers/palettes/cool_trainer_f.gbapal.lz
tools/gbagfx/gbagfx graphics/trainers/palettes/cool_trainer_m.gbapal graphics/trainers/palettes/cool_trainer_m.gbapal.lz
tools/gbagfx/gbagfx graphics/trainers/palettes/crush_girl.gbapal graphics/trainers/palettes/crush_girl.gbapal.lz
tools/gbagfx/gbagfx graphics/trainers/palettes/crush_kin.gbapal graphics/trainers/palettes/crush_kin.gbapal.lz
tools/gbagfx/gbagfx graphics/trainers/palettes/cue_ball.gbapal graphics/trainers/palettes/cue_ball.gbapal.lz
tools/gbagfx/gbagfx graphics/trainers/palettes/cycling_triathlete_f.gbapal graphics/trainers/palettes/cycling_triathlete_f.gbapal.lz
tools/gbagfx/gbagfx graphics/trainers/palettes/cycling_triathlete_m.gbapal graphics/trainers/palettes/cycling_triathlete_m.gbapal.lz
tools/gbagfx/gbagfx graphics/trainers/palettes/dragon_tamer.gbapal graphics/trainers/palettes/dragon_tamer.gbapal.lz
tools/gbagfx/gbagfx graphics/trainers/palettes/elite_four_agatha.gbapal graphics/trainers/palettes/elite_four_agatha.gbapal.lz
tools/gbagfx/gbagfx graphics/trainers/palettes/elite_four_bruno.gbapal graphics/trainers/palettes/elite_four_bruno.gbapal.lz
tools/gbagfx/gbagfx graphics/trainers/palettes/elite_four_drake.gbapal graphics/trainers/palettes/elite_four_drake.gbapal.lz
tools/gbagfx/gbagfx graphics/trainers/palettes/elite_four_glacia.gbapal graphics/trainers/palettes/elite_four_glacia.gbapal.lz
tools/gbagfx/gbagfx graphics/trainers/palettes/elite_four_lance.gbapal graphics/trainers/palettes/elite_four_lance.gbapal.lz
tools/gbagfx/gbagfx graphics/trainers/palettes/elite_four_lorelei.gbapal graphics/trainers/palettes/elite_four_lorelei.gbapal.lz
tools/gbagfx/gbagfx graphics/trainers/palettes/elite_four_phoebe.gbapal graphics/trainers/palettes/elite_four_phoebe.gbapal.lz
tools/gbagfx/gbagfx graphics/trainers/palettes/elite_four_sidney.gbapal graphics/trainers/palettes/elite_four_sidney.gbapal.lz
tools/gbagfx/gbagfx graphics/trainers/palettes/engineer.gbapal graphics/trainers/palettes/engineer.gbapal.lz
tools/gbagfx/gbagfx graphics/trainers/palettes/expert_f.gbapal graphics/trainers/palettes/expert_f.gbapal.lz
tools/gbagfx/gbagfx graphics/trainers/palettes/expert_m.gbapal graphics/trainers/palettes/expert_m.gbapal.lz
tools/gbagfx/gbagfx graphics/trainers/palettes/fisherman.gbapal graphics/trainers/palettes/fisherman.gbapal.lz
tools/gbagfx/gbagfx graphics/trainers/palettes/gamer.gbapal graphics/trainers/palettes/gamer.gbapal.lz
tools/gbagfx/gbagfx graphics/trainers/palettes/gentleman.gbapal graphics/trainers/palettes/gentleman.gbapal.lz
tools/gbagfx/gbagfx graphics/trainers/palettes/guitarist.gbapal graphics/trainers/palettes/guitarist.gbapal.lz
tools/gbagfx/gbagfx graphics/trainers/palettes/hex_maniac.gbapal graphics/trainers/palettes/hex_maniac.gbapal.lz
tools/gbagfx/gbagfx graphics/trainers/palettes/hiker.gbapal graphics/trainers/palettes/hiker.gbapal.lz
tools/gbagfx/gbagfx graphics/trainers/palettes/interviewer.gbapal graphics/trainers/palettes/interviewer.gbapal.lz
tools/gbagfx/gbagfx graphics/trainers/palettes/juggler.gbapal graphics/trainers/palettes/juggler.gbapal.lz
tools/gbagfx/gbagfx graphics/trainers/palettes/kindler.gbapal graphics/trainers/palettes/kindler.gbapal.lz
tools/gbagfx/gbagfx graphics/trainers/palettes/lady.gbapal graphics/trainers/palettes/lady.gbapal.lz
tools/gbagfx/gbagfx graphics/trainers/palettes/lass.gbapal graphics/trainers/palettes/lass.gbapal.lz
tools/gbagfx/gbagfx graphics/trainers/palettes/leader_blaine.gbapal graphics/trainers/palettes/leader_blaine.gbapal.lz
tools/gbagfx/gbagfx graphics/trainers/palettes/leader_brawly.gbapal graphics/trainers/palettes/leader_brawly.gbapal.lz
tools/gbagfx/gbagfx graphics/trainers/palettes/leader_brock.gbapal graphics/trainers/palettes/leader_brock.gbapal.lz
tools/gbagfx/gbagfx graphics/trainers/palettes/leader_erika.gbapal graphics/trainers/palettes/leader_erika.gbapal.lz
tools/gbagfx/gbagfx graphics/trainers/palettes/leader_flannery.gbapal graphics/trainers/palettes/leader_flannery.gbapal.lz
tools/gbagfx/gbagfx graphics/trainers/palettes/leader_giovanni.gbapal graphics/trainers/palettes/leader_giovanni.gbapal.lz
tools/gbagfx/gbagfx graphics/trainers/palettes/leader_koga.gbapal graphics/trainers/palettes/leader_koga.gbapal.lz
tools/gbagfx/gbagfx graphics/trainers/palettes/leader_lt_surge.gbapal graphics/trainers/palettes/leader_lt_surge.gbapal.lz
tools/gbagfx/gbagfx graphics/trainers/palettes/leader_misty.gbapal graphics/trainers/palettes/leader_misty.gbapal.lz
tools/gbagfx/gbagfx graphics/trainers/palettes/leader_norman.gbapal graphics/trainers/palettes/leader_norman.gbapal.lz
tools/gbagfx/gbagfx graphics/trainers/palettes/leader_roxanne.gbapal graphics/trainers/palettes/leader_roxanne.gbapal.lz
tools/gbagfx/gbagfx graphics/trainers/palettes/leader_sabrina.gbapal graphics/trainers/palettes/leader_sabrina.gbapal.lz
tools/gbagfx/gbagfx graphics/trainers/palettes/leader_tate_and_liza.gbapal graphics/trainers/palettes/leader_tate_and_liza.gbapal.lz
tools/gbagfx/gbagfx graphics/trainers/palettes/leader_wallace.gbapal graphics/trainers/palettes/leader_wallace.gbapal.lz
tools/gbagfx/gbagfx graphics/trainers/palettes/leader_wattson.gbapal graphics/trainers/palettes/leader_wattson.gbapal.lz
tools/gbagfx/gbagfx graphics/trainers/palettes/leader_winona.gbapal graphics/trainers/palettes/leader_winona.gbapal.lz
tools/gbagfx/gbagfx graphics/trainers/palettes/leaf.gbapal graphics/trainers/palettes/leaf.gbapal.lz
tools/gbagfx/gbagfx graphics/trainers/palettes/leaf_back_pic.gbapal graphics/trainers/palettes/leaf_back_pic.gbapal.lz
tools/gbagfx/gbagfx graphics/trainers/palettes/magma_admin_f.gbapal graphics/trainers/palettes/magma_admin_f.gbapal.lz
tools/gbagfx/gbagfx graphics/trainers/palettes/magma_admin_m.gbapal graphics/trainers/palettes/magma_admin_m.gbapal.lz
tools/gbagfx/gbagfx graphics/trainers/palettes/magma_grunt_f.gbapal graphics/trainers/palettes/magma_grunt_f.gbapal.lz
tools/gbagfx/gbagfx graphics/trainers/palettes/magma_grunt_m.gbapal graphics/trainers/palettes/magma_grunt_m.gbapal.lz
tools/gbagfx/gbagfx graphics/trainers/palettes/magma_leader_maxie.gbapal graphics/trainers/palettes/magma_leader_maxie.gbapal.lz
tools/gbagfx/gbagfx graphics/trainers/palettes/ninja_boy.gbapal graphics/trainers/palettes/ninja_boy.gbapal.lz
tools/gbagfx/gbagfx graphics/trainers/palettes/old_couple.gbapal graphics/trainers/palettes/old_couple.gbapal.lz
tools/gbagfx/gbagfx graphics/trainers/palettes/old_man_back_pic.gbapal graphics/trainers/palettes/old_man_back_pic.gbapal.lz
tools/gbagfx/gbagfx graphics/trainers/palettes/painter.gbapal graphics/trainers/palettes/painter.gbapal.lz
tools/gbagfx/gbagfx graphics/trainers/palettes/parasol_lady.gbapal graphics/trainers/palettes/parasol_lady.gbapal.lz
tools/gbagfx/gbagfx graphics/trainers/palettes/picnicker.gbapal graphics/trainers/palettes/picnicker.gbapal.lz
tools/gbagfx/gbagfx graphics/trainers/palettes/pokedude_back_pic.gbapal graphics/trainers/palettes/pokedude_back_pic.gbapal.lz
tools/gbagfx/gbagfx graphics/trainers/palettes/pokefan_f.gbapal graphics/trainers/palettes/pokefan_f.gbapal.lz
tools/gbagfx/gbagfx graphics/trainers/palettes/pokefan_m.gbapal graphics/trainers/palettes/pokefan_m.gbapal.lz
tools/gbagfx/gbagfx graphics/trainers/palettes/pokemaniac.gbapal graphics/trainers/palettes/pokemaniac.gbapal.lz
tools/gbagfx/gbagfx graphics/trainers/palettes/pokemon_breeder.gbapal graphics/trainers/palettes/pokemon_breeder.gbapal.lz
tools/gbagfx/gbagfx graphics/trainers/palettes/pokemon_ranger_f.gbapal graphics/trainers/palettes/pokemon_ranger_f.gbapal.lz
tools/gbagfx/gbagfx graphics/trainers/palettes/pokemon_ranger_m.gbapal graphics/trainers/palettes/pokemon_ranger_m.gbapal.lz
tools/gbagfx/gbagfx graphics/trainers/palettes/professor_oak.gbapal graphics/trainers/palettes/professor_oak.gbapal.lz
tools/gbagfx/gbagfx graphics/trainers/palettes/psychic_f.gbapal graphics/trainers/palettes/psychic_f.gbapal.lz
tools/gbagfx/gbagfx graphics/trainers/palettes/psychic_m.gbapal graphics/trainers/palettes/psychic_m.gbapal.lz
tools/gbagfx/gbagfx graphics/trainers/palettes/red.gbapal graphics/trainers/palettes/red.gbapal.lz
tools/gbagfx/gbagfx graphics/trainers/palettes/red_back_pic.gbapal graphics/trainers/palettes/red_back_pic.gbapal.lz
tools/gbagfx/gbagfx graphics/trainers/palettes/rich_boy.gbapal graphics/trainers/palettes/rich_boy.gbapal.lz
tools/gbagfx/gbagfx graphics/trainers/palettes/rival_early.gbapal graphics/trainers/palettes/rival_early.gbapal.lz
tools/gbagfx/gbagfx graphics/trainers/palettes/rival_late.gbapal graphics/trainers/palettes/rival_late.gbapal.lz
tools/gbagfx/gbagfx graphics/trainers/palettes/rocker.gbapal graphics/trainers/palettes/rocker.gbapal.lz
tools/gbagfx/gbagfx graphics/trainers/palettes/rocket_grunt_f.gbapal graphics/trainers/palettes/rocket_grunt_f.gbapal.lz
tools/gbagfx/gbagfx graphics/trainers/palettes/rocket_grunt_m.gbapal graphics/trainers/palettes/rocket_grunt_m.gbapal.lz
tools/gbagfx/gbagfx graphics/trainers/palettes/rs_aroma_lady.gbapal graphics/trainers/palettes/rs_aroma_lady.gbapal.lz
tools/gbagfx/gbagfx graphics/trainers/palettes/rs_beauty.gbapal graphics/trainers/palettes/rs_beauty.gbapal.lz
tools/gbagfx/gbagfx graphics/trainers/palettes/rs_bird_keeper.gbapal graphics/trainers/palettes/rs_bird_keeper.gbapal.lz
tools/gbagfx/gbagfx graphics/trainers/palettes/rs_black_belt.gbapal graphics/trainers/palettes/rs_black_belt.gbapal.lz
tools/gbagfx/gbagfx graphics/trainers/palettes/rs_bug_catcher.gbapal graphics/trainers/palettes/rs_bug_catcher.gbapal.lz
tools/gbagfx/gbagfx graphics/trainers/palettes/rs_camper.gbapal graphics/trainers/palettes/rs_camper.gbapal.lz
tools/gbagfx/gbagfx graphics/trainers/palettes/rs_cool_trainer_f.gbapal graphics/trainers/palettes/rs_cool_trainer_f.gbapal.lz
tools/gbagfx/gbagfx graphics/trainers/palettes/rs_cool_trainer_m.gbapal graphics/trainers/palettes/rs_cool_trainer_m.gbapal.lz
tools/gbagfx/gbagfx graphics/trainers/palettes/rs_fisherman.gbapal graphics/trainers/palettes/rs_fisherman.gbapal.lz
tools/gbagfx/gbagfx graphics/trainers/palettes/rs_gentleman.gbapal graphics/trainers/palettes/rs_gentleman.gbapal.lz
tools/gbagfx/gbagfx graphics/trainers/palettes/rs_hiker.gbapal graphics/trainers/palettes/rs_hiker.gbapal.lz
tools/gbagfx/gbagfx graphics/trainers/palettes/rs_lady.gbapal graphics/trainers/palettes/rs_lady.gbapal.lz
tools/gbagfx/gbagfx graphics/trainers/palettes/rs_lass.gbapal graphics/trainers/palettes/rs_lass.gbapal.lz
tools/gbagfx/gbagfx graphics/trainers/palettes/rs_picnicker.gbapal graphics/trainers/palettes/rs_picnicker.gbapal.lz
tools/gbagfx/gbagfx graphics/trainers/palettes/rs_pokemaniac.gbapal graphics/trainers/palettes/rs_pokemaniac.gbapal.lz
tools/gbagfx/gbagfx graphics/trainers/palettes/rs_pokemon_breeder_f.gbapal graphics/trainers/palettes/rs_pokemon_breeder_f.gbapal.lz
tools/gbagfx/gbagfx graphics/trainers/palettes/rs_pokemon_breeder_m.gbapal graphics/trainers/palettes/rs_pokemon_breeder_m.gbapal.lz
tools/gbagfx/gbagfx graphics/trainers/palettes/rs_pokemon_ranger_f.gbapal graphics/trainers/palettes/rs_pokemon_ranger_f.gbapal.lz
tools/gbagfx/gbagfx graphics/trainers/palettes/rs_pokemon_ranger_m.gbapal graphics/trainers/palettes/rs_pokemon_ranger_m.gbapal.lz
tools/gbagfx/gbagfx graphics/trainers/palettes/rs_psychic_f.gbapal graphics/trainers/palettes/rs_psychic_f.gbapal.lz
tools/gbagfx/gbagfx graphics/trainers/palettes/rs_psychic_m.gbapal graphics/trainers/palettes/rs_psychic_m.gbapal.lz
tools/gbagfx/gbagfx graphics/trainers/palettes/rs_ruin_maniac.gbapal graphics/trainers/palettes/rs_ruin_maniac.gbapal.lz
tools/gbagfx/gbagfx graphics/trainers/palettes/rs_sailor.gbapal graphics/trainers/palettes/rs_sailor.gbapal.lz
tools/gbagfx/gbagfx graphics/trainers/palettes/rs_sis_and_bro.gbapal graphics/trainers/palettes/rs_sis_and_bro.gbapal.lz
tools/gbagfx/gbagfx graphics/trainers/palettes/rs_swimmer_f.gbapal graphics/trainers/palettes/rs_swimmer_f.gbapal.lz
tools/gbagfx/gbagfx graphics/trainers/palettes/rs_swimmer_m.gbapal graphics/trainers/palettes/rs_swimmer_m.gbapal.lz
tools/gbagfx/gbagfx graphics/trainers/palettes/rs_tuber_f.gbapal graphics/trainers/palettes/rs_tuber_f.gbapal.lz
tools/gbagfx/gbagfx graphics/trainers/palettes/rs_twins.gbapal graphics/trainers/palettes/rs_twins.gbapal.lz
tools/gbagfx/gbagfx graphics/trainers/palettes/rs_young_couple.gbapal graphics/trainers/palettes/rs_young_couple.gbapal.lz
tools/gbagfx/gbagfx graphics/trainers/palettes/rs_youngster.gbapal graphics/trainers/palettes/rs_youngster.gbapal.lz
tools/gbagfx/gbagfx graphics/trainers/palettes/ruby_sapphire_brendan.gbapal graphics/trainers/palettes/ruby_sapphire_brendan.gbapal.lz
tools/gbagfx/gbagfx graphics/trainers/palettes/ruby_sapphire_may.gbapal graphics/trainers/palettes/ruby_sapphire_may.gbapal.lz
tools/gbagfx/gbagfx graphics/trainers/palettes/ruin_maniac.gbapal graphics/trainers/palettes/ruin_maniac.gbapal.lz
tools/gbagfx/gbagfx graphics/trainers/palettes/running_triathlete_f.gbapal graphics/trainers/palettes/running_triathlete_f.gbapal.lz
tools/gbagfx/gbagfx graphics/trainers/palettes/running_triathlete_m.gbapal graphics/trainers/palettes/running_triathlete_m.gbapal.lz
tools/gbagfx/gbagfx graphics/trainers/palettes/sailor.gbapal graphics/trainers/palettes/sailor.gbapal.lz
tools/gbagfx/gbagfx graphics/trainers/palettes/school_kid_f.gbapal graphics/trainers/palettes/school_kid_f.gbapal.lz
tools/gbagfx/gbagfx graphics/trainers/palettes/school_kid_m.gbapal graphics/trainers/palettes/school_kid_m.gbapal.lz
tools/gbagfx/gbagfx graphics/trainers/palettes/scientist.gbapal graphics/trainers/palettes/scientist.gbapal.lz
tools/gbagfx/gbagfx graphics/trainers/palettes/sis_and_bro.gbapal graphics/trainers/palettes/sis_and_bro.gbapal.lz
tools/gbagfx/gbagfx graphics/trainers/palettes/sr_and_jr.gbapal graphics/trainers/palettes/sr_and_jr.gbapal.lz
tools/gbagfx/gbagfx graphics/trainers/palettes/super_nerd.gbapal graphics/trainers/palettes/super_nerd.gbapal.lz
tools/gbagfx/gbagfx graphics/trainers/palettes/swimmer_f.gbapal graphics/trainers/palettes/swimmer_f.gbapal.lz
tools/gbagfx/gbagfx graphics/trainers/palettes/swimmer_m.gbapal graphics/trainers/palettes/swimmer_m.gbapal.lz
tools/gbagfx/gbagfx graphics/trainers/palettes/swimming_triathlete_f.gbapal graphics/trainers/palettes/swimming_triathlete_f.gbapal.lz
tools/gbagfx/gbagfx graphics/trainers/palettes/swimming_triathlete_m.gbapal graphics/trainers/palettes/swimming_triathlete_m.gbapal.lz
tools/gbagfx/gbagfx graphics/trainers/palettes/tamer.gbapal graphics/trainers/palettes/tamer.gbapal.lz
tools/gbagfx/gbagfx graphics/trainers/palettes/tuber_f.gbapal graphics/trainers/palettes/tuber_f.gbapal.lz
tools/gbagfx/gbagfx graphics/trainers/palettes/tuber_m.gbapal graphics/trainers/palettes/tuber_m.gbapal.lz
tools/gbagfx/gbagfx graphics/trainers/palettes/twins.gbapal graphics/trainers/palettes/twins.gbapal.lz
tools/gbagfx/gbagfx graphics/trainers/palettes/wally.gbapal graphics/trainers/palettes/wally.gbapal.lz
tools/gbagfx/gbagfx graphics/trainers/palettes/young_couple.gbapal graphics/trainers/palettes/young_couple.gbapal.lz
tools/gbagfx/gbagfx graphics/trainers/palettes/youngster.gbapal graphics/trainers/palettes/youngster.gbapal.lz
tools/gbagfx/gbagfx graphics/union_room_chat/bg.4bpp graphics/union_room_chat/bg.4bpp.lz
tools/gbagfx/gbagfx graphics/union_room_chat/icons.4bpp graphics/union_room_chat/icons.4bpp.lz
tools/gbagfx/gbagfx graphics/union_room_chat/panel.4bpp graphics/union_room_chat/panel.4bpp.lz
tools/gbagfx/gbagfx graphics/unused/basic_frame.4bpp graphics/unused/basic_frame.4bpp.lz
tools/gbagfx/gbagfx graphics/unused/basic_frame.gbapal graphics/unused/basic_frame.gbapal.lz
tools/gbagfx/gbagfx graphics/unused/battle_anim_023.gbapal graphics/unused/battle_anim_023.gbapal.lz
tools/gbagfx/gbagfx graphics/unused/color_frames.4bpp graphics/unused/color_frames.4bpp.lz
tools/gbagfx/gbagfx graphics/unused/color_frames.gbapal graphics/unused/color_frames.gbapal.lz
tools/gbagfx/gbagfx graphics/unused/goosuto.4bpp graphics/unused/goosuto.4bpp.lz
tools/gbagfx/gbagfx graphics/unused/goosuto.gbapal graphics/unused/goosuto.gbapal.lz
tools/gbagfx/gbagfx graphics/unused/gray_palette.gbapal graphics/unused/gray_palette.gbapal.lz
tools/gbagfx/gbagfx graphics/unused/line_sketch.4bpp graphics/unused/line_sketch.4bpp.lz
tools/gbagfx/gbagfx graphics/unused/line_sketch.gbapal graphics/unused/line_sketch.gbapal.lz
tools/gbagfx/gbagfx graphics/unused/metronome_hand_small.4bpp graphics/unused/metronome_hand_small.4bpp.lz
tools/gbagfx/gbagfx graphics/unused/music_notes.4bpp graphics/unused/music_notes.4bpp.lz
tools/gbagfx/gbagfx graphics/unused/obi1.4bpp graphics/unused/obi1.4bpp.lz
tools/gbagfx/gbagfx graphics/unused/obi2.4bpp graphics/unused/obi2.4bpp.lz
tools/gbagfx/gbagfx graphics/unused/obi_palpak1.gbapal graphics/unused/obi_palpak1.gbapal.lz
tools/gbagfx/gbagfx graphics/unused/obi_palpak3.gbapal graphics/unused/obi_palpak3.gbapal.lz
tools/gbagfx/gbagfx graphics/unused/old_beatup.4bpp graphics/unused/old_beatup.4bpp.lz
tools/gbagfx/gbagfx graphics/unused/old_beatup.gbapal graphics/unused/old_beatup.gbapal.lz
tools/gbagfx/gbagfx graphics/unused/old_charmap.4bpp graphics/unused/old_charmap.4bpp.lz
tools/gbagfx/gbagfx graphics/unused/old_charmap.gbapal graphics/unused/old_charmap.gbapal.lz
tools/gbagfx/gbagfx graphics/unused/old_pal4.gbapal graphics/unused/old_pal4.gbapal.lz
tools/gbagfx/gbagfx graphics/unused/shadow.4bpp graphics/unused/shadow.4bpp.lz
tools/gbagfx/gbagfx graphics/unused/shadow.gbapal graphics/unused/shadow.gbapal.lz
tools/gbagfx/gbagfx graphics/unused/water_splash.8bpp graphics/unused/water_splash.8bpp.lz
tools/gbagfx/gbagfx graphics/unused/water_splash.gbapal graphics/unused/water_splash.gbapal.lz
arm-none-eabi-as -mcpu=arm7tdmi --defsym FIRERED=1 --defsym REVISION=1 --defsym ENGLISH=1 --defsym MODERN=0 -o build/firered_rev1/src/graphics.o build/firered_rev1/src/graphics.s
tools/gbagfx/gbagfx graphics/hall_of_fame/hall_of_fame.4bpp graphics/hall_of_fame/hall_of_fame.4bpp.lz
arm-none-eabi-as -mcpu=arm7tdmi --defsym FIRERED=1 --defsym REVISION=1 --defsym ENGLISH=1 --defsym MODERN=0 -o build/firered_rev1/src/hall_of_fame.o build/firered_rev1/src/hall_of_fame.s
arm-none-eabi-as -mcpu=arm7tdmi --defsym FIRERED=1 --defsym REVISION=1 --defsym ENGLISH=1 --defsym MODERN=0 -o build/firered_rev1/src/help_message.o build/firered_rev1/src/help_message.s
tools/gbagfx/gbagfx graphics/intro/game_freak/bg.4bpp graphics/intro/game_freak/bg.4bpp.lz
tools/gbagfx/gbagfx graphics/intro/game_freak/game_freak.4bpp graphics/intro/game_freak/game_freak.4bpp.lz
tools/gbagfx/gbagfx graphics/intro/game_freak/logo.4bpp graphics/intro/game_freak/logo.4bpp.lz
tools/gbagfx/gbagfx graphics/intro/game_freak/presents.4bpp graphics/intro/game_freak/presents.4bpp.lz
tools/gbagfx/gbagfx graphics/intro/game_freak/sparkles_big.4bpp graphics/intro/game_freak/sparkles_big.4bpp.lz
tools/gbagfx/gbagfx graphics/intro/game_freak/sparkles_small.4bpp graphics/intro/game_freak/sparkles_small.4bpp.lz
tools/gbagfx/gbagfx graphics/intro/game_freak/star.4bpp graphics/intro/game_freak/star.4bpp.lz
tools/gbagfx/gbagfx graphics/intro/scene_1/bg.4bpp graphics/intro/scene_1/bg.4bpp.lz
tools/gbagfx/gbagfx graphics/intro/scene_1/grass.4bpp graphics/intro/scene_1/grass.4bpp.lz
tools/gbagfx/gbagfx graphics/intro/scene_2/bg.4bpp graphics/intro/scene_2/bg.4bpp.lz
tools/gbagfx/gbagfx graphics/intro/scene_2/gengar.4bpp graphics/intro/scene_2/gengar.4bpp.lz
tools/gbagfx/gbagfx graphics/intro/scene_2/gengar_close.4bpp graphics/intro/scene_2/gengar_close.4bpp.lz
tools/gbagfx/gbagfx graphics/intro/scene_2/nidorino.4bpp graphics/intro/scene_2/nidorino.4bpp.lz
tools/gbagfx/gbagfx graphics/intro/scene_2/nidorino_close.4bpp graphics/intro/scene_2/nidorino_close.4bpp.lz
tools/gbagfx/gbagfx graphics/intro/scene_2/plants.4bpp graphics/intro/scene_2/plants.4bpp.lz
tools/gbagfx/gbagfx graphics/intro/scene_3/bg.4bpp graphics/intro/scene_3/bg.4bpp.lz
tools/gbagfx/gbagfx graphics/intro/scene_3/gengar_anim.4bpp graphics/intro/scene_3/gengar_anim.4bpp.lz
tools/gbagfx/gbagfx graphics/intro/scene_3/gengar_static.4bpp graphics/intro/scene_3/gengar_static.4bpp.lz
tools/gbagfx/gbagfx graphics/intro/scene_3/grass.4bpp graphics/intro/scene_3/grass.4bpp.lz
tools/gbagfx/gbagfx graphics/intro/scene_3/nidorino.4bpp graphics/intro/scene_3/nidorino.4bpp.lz
tools/gbagfx/gbagfx graphics/intro/scene_3/recoil_dust.4bpp graphics/intro/scene_3/recoil_dust.4bpp.lz
tools/gbagfx/gbagfx graphics/intro/scene_3/swipe.4bpp graphics/intro/scene_3/swipe.4bpp.lz
arm-none-eabi-as -mcpu=arm7tdmi --defsym FIRERED=1 --defsym REVISION=1 --defsym ENGLISH=1 --defsym MODERN=0 -o build/firered_rev1/src/intro.o build/firered_rev1/src/intro.s
arm-none-eabi-as -mcpu=arm7tdmi --defsym FIRERED=1 --defsym REVISION=1 --defsym ENGLISH=1 --defsym MODERN=0 -o build/firered_rev1/src/item.o build/firered_rev1/src/item.s
arm-none-eabi-as -mcpu=arm7tdmi --defsym FIRERED=1 --defsym REVISION=1 --defsym ENGLISH=1 --defsym MODERN=0 -o build/firered_rev1/src/item_menu.o build/firered_rev1/src/item_menu.s
agbcc: warnings being treated as errors
In file included from src/item_menu_icons.c:198:
src/data/item_icon_table.h:403: warning: initialization from incompatible pointer type
make: *** [Makefile:282: build/firered_rev1/src/item_menu_icons.o] Error 1
